2voi_2	2voi_2	1.000	24	1.000	1.000	8.865E-12	51
2wwk_2	2wwk_2	1.000	97	1.000	1.000	2.193E-64	207
2wwk_2	2wp3_1	0.989	97	1.000	0.970	4.734E-62	200
2wwk_2	4c4k_1	0.309	84	0.866	0.872	8.875E-11	53
2y8t_2	2y8t_2	1.000	15	1.000	1.000	1.295E-06	36
3blh_2	3blh_2	1.000	255	1.000	1.000	1.937E-174	533
3cx7_2	3cx7_2	1.000	176	1.000	1.000	1.446E-114	356
3cx7_2	3cx8_2	1.000	176	1.000	1.000	1.446E-114	356
3wwn_2	3wwn_2	1.000	4	1.000	1.000	8.127E+00	15
4ag2_2	4ag2_2	1.000	58	1.000	1.000	7.529E-39	131
4ag2_2	4afq_2	0.864	58	1.000	0.983	1.371E-30	108
4ag2_2	5zau_1	0.810	58	1.000	0.982	5.689E-28	100
4ag2_2	1avz_2	0.810	58	1.000	0.982	5.689E-28	100
4ag2_2	1efn_1	0.758	58	1.000	0.964	3.003E-24	89
4ag2_2	3reb_2	0.607	56	0.966	0.898	1.271E-17	70
4ag2_2	1zsg_1	0.348	61	0.948	0.938	1.568E-06	39
4ag2_2	2k7a_1	0.333	56	0.931	0.889	1.076E-05	36
4ag2_2	2k79_1	0.333	56	0.931	0.889	1.076E-05	36
4bpk_2	4bpk_2	1.000	13	1.000	1.000	7.172E-05	31
4d0n_2	4d0n_2	1.000	355	1.000	1.000	5.243E-224	682
4eig_2	4eig_2	1.000	115	1.000	1.000	9.531E-74	235
4eig_2	6h16_2	0.716	118	1.000	1.000	4.036E-47	158
4eig_2	5omn_2	0.721	115	1.000	1.000	1.429E-46	157
4eig_2	5imk_1	0.699	123	0.991	1.000	1.194E-44	151
4eig_2	6her_2	0.666	123	1.000	1.000	1.638E-44	151
4eig_2	5imm_1	0.693	124	0.991	1.000	1.638E-44	151
4eig_2	4wen_2	0.666	120	1.000	1.000	3.536E-42	144
4eig_2	1op9_2	0.644	118	0.991	1.000	1.252E-41	143
4eig_2	5u4m_2	0.639	120	0.974	0.952	1.571E-40	139
4eig_2	4w6x_2	0.620	124	1.000	1.000	2.956E-40	139
4eig_2	5lhn_2	0.577	135	1.000	1.000	5.563E-40	138
4eig_2	4wem_2	0.616	120	1.000	1.000	1.047E-39	137
4eig_2	2p4a_2	0.650	120	1.000	1.000	2.703E-39	136
4eig_2	2p49_2	0.644	121	1.000	1.000	3.708E-39	136
4eig_2	4w6w_2	0.629	124	0.991	1.000	3.708E-39	136
4eig_2	6fuz_2	0.652	114	0.991	1.000	6.978E-39	135
4eig_2	1g6v_2	0.629	125	1.000	1.000	9.573E-39	134
4eig_2	4hep_2	0.596	129	0.991	1.000	9.573E-39	134
4eig_2	3qsk_2	0.650	120	1.000	1.000	1.802E-38	134
4eig_2	4i0c_2	0.609	126	0.991	1.000	6.381E-38	132
4eig_2	5m2j_2	0.650	115	1.000	1.000	1.201E-37	131
4eig_2	6jb2_1	0.595	125	0.991	0.992	2.067E-36	128
4eig_2	5jds_1	0.612	115	1.000	0.835	2.835E-36	127
4eig_2	5l21_2	0.568	119	1.000	1.000	3.557E-35	124
4eig_2	4w6y_2	0.620	115	1.000	0.973	1.260E-34	123
4eig_2	3zkq_2	0.600	114	0.991	0.841	3.253E-34	121
4eig_2	4ksd_2	0.594	115	1.000	0.814	3.253E-34	121
4eig_2	4x7e_2	0.653	97	0.826	0.815	2.975E-33	119
4eig_2	6cwg_2	0.568	113	0.983	0.811	2.975E-33	119
4eig_2	6j7w_1	0.610	116	1.000	1.000	1.054E-32	117
4eig_2	5o2u_2	0.578	114	0.991	0.817	2.720E-32	116
4eig_2	1ri8_2	0.570	114	0.991	0.839	7.023E-32	115
4eig_2	3eba_1	0.537	115	1.000	0.932	1.813E-31	113
4eig_2	5ip4_1	0.552	114	0.991	0.853	6.422E-31	112
4eig_2	6fv0_2	0.565	114	0.991	0.841	6.422E-31	112
4eig_2	1zvh_2	0.598	102	0.826	0.836	8.810E-31	111
4eig_2	4z9k_2	0.578	114	0.991	0.906	2.275E-30	110
4eig_2	4pou_2	0.561	105	0.826	0.875	5.370E-29	106
4eig_2	4x7f_2	0.535	107	0.817	1.000	6.158E-27	100
4eig_2	2ij0_2	0.303	101	0.843	0.856	1.132E-06	42
1i8l_2	1i8l_2	1.000	63	1.000	1.000	1.036E-35	123
1l4d_2	1l4d_2	1.000	112	1.000	1.000	6.271E-71	227
1l4d_2	1l4z_2	0.832	124	0.938	1.000	1.545E-59	194
1o9a_2	1o9a_2	1.000	24	1.000	1.000	6.914E-13	55
1pxv_2	1pxv_2	1.000	109	1.000	1.000	1.530E-71	228
1shy_2	1shy_2	1.000	499	1.000	1.000	0.000E+00	1047
4b1v_2	4b1v_2	1.000	12	1.000	1.000	1.507E-02	24
4cj1_2	4cj1_2	1.000	13	1.000	1.000	3.538E-04	29
4dra_2	4dra_2	1.000	74	1.000	1.000	3.274E-42	142
4f9l_2	4f9l_2	1.000	227	1.000	1.000	9.522E-155	475
4f9l_2	5kve_2	0.536	208	0.916	0.877	1.040E-70	233
4h2w_2	4h2w_2	1.000	77	1.000	1.000	1.012E-45	152
6on9_2	6on9_2	1.000	100	1.000	1.000	7.855E-66	211
5glh_1	5glh_1	1.000	367	1.000	1.000	1.352E-240	731
5inb_1	5inb_1	1.000	285	1.000	1.000	1.168E-200	611
5inb_1	5j28_1	1.000	285	1.000	1.000	1.168E-200	611
5inb_1	5zqv_1	0.972	286	1.000	0.973	6.571E-195	594
5inb_1	3p71_2	0.473	279	0.979	0.891	8.173E-88	285
5kho_1	5kho_1	1.000	94	1.000	1.000	1.012E-57	188
5m2j_1	5m2j_1	1.000	138	1.000	1.000	6.435E-92	289
5mv8_1	5mv8_1	1.000	454	1.000	1.000	1.695E-314	949
5tzp_1	5tzp_1	1.000	138	1.000	1.000	6.435E-92	289
5v62_1	5v62_1	1.000	348	1.000	1.000	1.042E-240	730
5v62_1	3tei_1	0.794	328	0.943	1.000	7.009E-169	523
5v62_1	2oza_2	0.451	337	0.968	0.991	1.044E-89	294
5wos_1	5wos_1	1.000	138	1.000	1.000	3.753E-93	292
5xqz_1	5xqz_1	1.000	189	1.000	1.000	8.831E-130	401
3cx6_2	3cx6_2	1.000	173	1.000	1.000	2.677E-112	349
4yc7_1	4yc7_1	1.000	274	1.000	1.000	1.362E-184	564
4zi2_1	4zi2_1	1.000	185	1.000	1.000	4.288E-121	376
5b78_1	5b78_1	1.000	119	1.000	1.000	6.845E-89	279
5b78_1	5b76_1	0.974	119	1.000	0.983	2.524E-85	269
5b78_1	5b75_1	0.966	119	1.000	0.983	1.225E-84	267
5b78_1	5b77_1	0.924	119	1.000	0.966	5.654E-80	253
5b78_1	2kwo_2	0.436	118	0.992	0.858	3.558E-33	119
5b78_1	2kwj_2	0.436	118	0.992	0.851	3.558E-33	119
5b78_1	2kwk_2	0.436	118	0.992	0.851	3.558E-33	119
5d3i_1	5d3i_1	1.000	533	1.000	1.000	0.000E+00	1064
5f3x_1	5f3x_1	1.000	177	1.000	1.000	7.101E-117	363
1jtd_1	1jtd_1	1.000	262	1.000	1.000	2.227E-172	528
1jtd_1	5npo_1	0.988	263	1.000	1.000	3.455E-170	522
1jtd_1	3n4i_1	0.675	262	1.000	0.977	1.157E-113	359
1jtd_1	3c4p_1	0.671	262	1.000	0.977	2.977E-113	357
1jtd_1	2g2u_1	0.671	262	1.000	0.977	2.977E-113	357
1jtd_1	2g2w_1	0.671	262	1.000	0.977	4.079E-113	357
1jtd_1	3qhy_1	0.342	259	0.989	0.981	7.331E-36	133
1mah_1	1mah_1	1.000	531	1.000	1.000	0.000E+00	1115
1p6a_1	1p6a_1	1.000	185	1.000	1.000	9.727E-123	380
1p6a_1	1p69_1	0.989	185	1.000	1.000	2.076E-120	374
1p6a_1	2j12_1	0.409	172	0.908	0.945	5.305E-32	119
1ri8_1	6jb8_2	1.000	129	1.000	1.000	3.792E-91	286
1ri8_1	1ri8_1	1.000	129	1.000	1.000	3.792E-91	286
1ri8_1	4gla_1	1.000	129	1.000	1.000	3.792E-91	286
1ri8_1	4gn4_1	1.000	129	1.000	1.000	3.792E-91	286
1ri8_1	4cj2_1	1.000	129	1.000	1.000	3.792E-91	286
1ri8_1	6jb2_2	1.000	129	1.000	1.000	3.792E-91	286
1ri8_1	1zvy_1	0.992	129	1.000	1.000	8.136E-89	279
1ri8_1	3m18_2	0.984	129	1.000	1.000	2.878E-88	278
1ri8_1	1dzb_2	0.945	129	1.000	1.000	6.176E-86	271
1ri8_1	1rjc_1	0.976	129	1.000	1.000	9.667E-84	265
1ri8_1	4i0c_1	0.600	130	1.000	1.000	1.462E-53	178
1ri8_1	1op9_1	0.600	130	1.000	1.000	1.462E-53	178
2xqr_2	2xqr_2	1.000	146	1.000	1.000	2.676E-92	290
1gl1_1	1gl1_1	1.000	239	1.000	1.000	1.271E-161	496
1gl1_1	1acb_1	0.967	241	1.000	1.000	1.572E-150	464
1jh4_1	1jgn_1	1.000	98	1.000	1.000	2.319E-57	187
1jh4_1	1jh4_1	1.000	98	1.000	1.000	2.319E-57	187
1lw6_1	1lw6_1	1.000	281	1.000	1.000	3.320E-180	552
1lw6_1	1y4d_1	0.960	281	1.000	0.985	4.595E-167	514
1ozs_1	1ozs_1	1.000	72	1.000	1.000	9.097E-44	146
1qa9_1	1qa9_1	1.000	102	1.000	1.000	1.869E-63	205
3m18_2	3m18_2	1.000	127	1.000	1.000	8.092E-90	282
3m18_2	6jb8_2	0.984	129	1.000	1.000	3.581E-88	277
3m18_2	1ri8_1	0.984	129	1.000	1.000	3.581E-88	277
3m18_2	4gla_1	0.984	129	1.000	1.000	3.581E-88	277
3m18_2	4gn4_1	0.984	129	1.000	1.000	3.581E-88	277
3m18_2	4cj2_1	0.984	129	1.000	1.000	3.581E-88	277
3m18_2	6jb2_2	0.984	129	1.000	1.000	3.581E-88	277
3m18_2	1zvy_1	0.976	128	1.000	1.000	7.686E-86	271
3m18_2	1dzb_2	0.930	129	1.000	1.000	5.837E-83	262
3m18_2	1rjc_1	0.961	127	1.000	1.000	9.139E-81	256
3m18_2	4i0c_1	0.600	130	1.000	1.000	5.902E-52	173
3m18_2	1op9_1	0.600	130	1.000	1.000	5.902E-52	173
3o40_2	3o40_2	1.000	28	1.000	1.000	6.806E-14	58
3o40_2	3o43_2	0.678	28	1.000	1.000	2.797E-05	33
3o40_2	4dzv_2	0.653	26	0.929	1.000	2.665E-04	31
3o40_2	3f50_1	0.653	26	0.929	0.958	2.665E-04	31
3oux_2	3oux_2	1.000	16	1.000	1.000	1.784E-05	33
3oux_2	3ouw_2	0.687	16	1.000	0.846	1.823E+00	19
3r85_2	3r85_2	1.000	19	1.000	1.000	3.625E-08	41
5xv8_2	2rnr_2	1.000	108	1.000	1.000	1.392E-67	217
5xv8_2	2ruk_2	1.000	108	1.000	1.000	1.392E-67	217
5xv8_2	2rvb_2	1.000	108	1.000	1.000	1.392E-67	217
5xv8_2	5xv8_2	1.000	108	1.000	1.000	1.392E-67	217
2v4z_2	2v4z_2	1.000	27	1.000	1.000	5.024E-15	61
2vog_2	2vog_2	1.000	22	1.000	1.000	1.010E-10	48
2vog_2	5tzq_2	0.863	22	0.909	1.000	4.104E-07	38
2vog_2	6e3j_2	0.421	19	0.864	0.905	6.206E+01	15
2wpt_2	2wpt_2	1.000	113	1.000	1.000	1.186E-73	235
2wpt_2	2vln_2	0.788	115	1.000	0.858	3.659E-54	179
2wpt_2	2vlp_2	0.788	114	1.000	0.851	3.659E-54	179
2wpt_2	2vlq_2	0.877	98	0.867	0.888	2.794E-51	170
2wpt_2	2vlo_2	0.867	98	0.867	0.876	7.214E-51	169
2wpt_2	3u43_2	0.618	113	1.000	0.848	5.072E-40	138
2xtt_2	1d6r_1	1.000	223	1.000	1.000	3.573E-150	462
2xtt_2	1smf_1	1.000	223	1.000	1.000	3.573E-150	462
2xtt_2	2uuy_1	1.000	223	1.000	1.000	3.573E-150	462
2xtt_2	2xtt_2	1.000	223	1.000	1.000	3.573E-150	462
2xtt_2	6dwh_1	1.000	223	1.000	1.000	3.573E-150	462
2xtt_2	1c9t_1	0.973	223	0.973	1.000	1.340E-143	443
2xtt_2	4aoq_1	0.973	223	0.973	1.000	1.340E-143	443
2xtt_2	1ppe_1	0.973	223	0.973	1.000	1.340E-143	443
2xtt_2	2ptc_1	0.973	223	0.973	1.000	1.340E-143	443
2xtt_2	2tgp_1	0.973	223	0.973	1.000	1.340E-143	443
2xtt_2	1g9i_1	0.973	223	0.973	1.000	1.340E-143	443
2xtt_2	2g81_1	0.973	223	0.973	1.000	1.340E-143	443
2xtt_2	6dwf_1	0.973	223	0.973	1.000	1.340E-143	443
2xtt_2	4j2y_2	0.973	223	0.973	1.000	1.340E-143	443
2xtt_2	2ftm_1	0.968	223	0.973	1.000	6.486E-143	441
2xtt_2	1ldt_1	0.820	223	1.000	1.000	1.938E-127	396
2xtt_2	1eja_1	0.820	223	1.000	1.000	1.938E-127	396
2xtt_2	3fp6_1	0.739	223	1.000	1.000	2.459E-113	355
2xtt_2	2ra3_1	0.741	224	1.000	1.000	4.619E-113	355
2xtt_2	3p92_1	0.721	223	1.000	1.000	1.844E-110	347
2xtt_2	3p95_1	0.721	223	1.000	1.000	1.844E-110	347
2xtt_2	3l33_1	0.721	223	1.000	1.000	1.844E-110	347
2xtt_2	6gfi_1	0.721	223	1.000	1.000	1.844E-110	347
2xtt_2	6har_1	0.718	224	1.000	1.000	5.911E-109	343
2xtt_2	2r9p_1	0.718	224	1.000	1.000	5.911E-109	343
2xtt_2	5c67_1	0.717	223	1.000	1.000	2.859E-108	341
2xtt_2	4u32_2	0.691	224	0.978	1.000	5.010E-104	329
2xtt_2	4u30_1	0.695	223	0.973	1.000	6.867E-104	328
2xtt_2	6kbr_1	0.397	189	0.848	0.989	6.898E-36	132
2xtt_2	4ag2_1	0.343	206	0.906	0.924	7.508E-29	111
2xtt_2	4afq_1	0.334	209	0.892	0.946	2.733E-26	104
3beg_2	3beg_2	1.000	7	1.000	1.000	1.238E+02	13
1jiw_1	1jiw_1	1.000	470	1.000	1.000	8.540E-310	936
1lx5_1	1lx5_1	1.000	104	1.000	1.000	9.554E-73	231
1lx5_1	5vz4_1	0.343	101	0.971	0.898	1.153E-17	73
1p27_1	1p27_1	1.000	144	1.000	1.000	1.365E-96	302
1r0r_1	1r0r_1	1.000	274	1.000	1.000	1.418E-168	518
1r0r_1	4gi3_1	0.992	274	1.000	1.000	1.766E-167	514
1r0r_1	1y1k_1	0.697	273	0.996	0.968	3.771E-110	349
1r0r_1	1y33_1	0.697	273	0.996	0.968	3.771E-110	349
1r0r_1	1y34_1	0.697	273	0.996	0.968	3.771E-110	349
1r0r_1	1y3b_1	0.697	273	0.996	0.968	3.771E-110	349
1r0r_1	1y3c_1	0.697	273	0.996	0.968	3.771E-110	349
1r0r_1	1tm1_1	0.697	273	0.996	0.968	3.771E-110	349
1r0r_1	1y3d_1	0.697	273	0.996	0.968	3.771E-110	349
1r0r_1	1tm3_1	0.697	273	0.996	0.968	3.771E-110	349
1r0r_1	1y48_1	0.697	273	0.996	0.968	3.771E-110	349
1r0r_1	1tm4_1	0.697	273	0.996	0.968	3.771E-110	349
1r0r_1	1tm5_1	0.697	273	0.996	0.968	3.771E-110	349
1r0r_1	1tm7_1	0.697	273	0.996	0.968	3.771E-110	349
1r0r_1	1to1_1	0.697	273	0.996	0.968	3.771E-110	349
1r0r_1	2sic_1	0.694	275	0.993	1.000	1.328E-109	347
1r0r_1	2sni_1	0.694	275	0.993	1.000	1.328E-109	347
1r0r_1	1y4a_1	0.694	275	0.993	1.000	1.328E-109	347
1r0r_1	3vv2_1	0.427	279	0.901	0.872	2.162E-48	170
4iyp_2	4iyp_2	1.000	117	1.000	1.000	1.380E-76	243
4hcp_1	4hcp_1	1.000	225	1.000	1.000	3.248E-148	456
4hcp_1	4hcn_1	0.918	245	1.000	1.000	4.172E-144	444
4j2y_1	4j2y_1	1.000	165	1.000	1.000	4.873E-109	340
4kdi_1	4kdi_1	1.000	142	1.000	1.000	9.391E-94	294
4kdi_1	3qc8_1	0.519	137	0.930	0.806	1.164E-34	124
4kdi_1	3qq8_1	0.465	161	0.930	0.910	7.723E-34	122
4m5f_1	4m5f_1	1.000	399	1.000	1.000	4.972E-264	800
4pas_1	4pas_1	1.000	34	1.000	1.000	2.488E-13	57
2ktf_1	2k8b_1	1.000	76	1.000	1.000	3.726E-46	153
2ktf_1	4msm_2	1.000	76	1.000	1.000	3.726E-46	153
2ktf_1	2k8c_1	1.000	76	1.000	1.000	3.726E-46	153
2ktf_1	2kwu_2	1.000	76	1.000	1.000	3.726E-46	153
2ktf_1	2kwv_2	1.000	76	1.000	1.000	3.726E-46	153
2ktf_1	2mbb_2	1.000	76	1.000	1.000	3.726E-46	153
2ktf_1	4pqt_2	1.000	76	1.000	1.000	3.726E-46	153
2ktf_1	5vzm_1	1.000	76	1.000	1.000	3.726E-46	153
2ktf_1	2fuh_2	1.000	76	1.000	1.000	3.726E-46	153
2ktf_1	2mcn_2	1.000	76	1.000	1.000	3.726E-46	153
2ktf_1	2jy6_1	1.000	76	1.000	1.000	3.726E-46	153
2ktf_1	1wrd_2	1.000	76	1.000	1.000	3.726E-46	153
2ktf_1	1yx5_2	1.000	76	1.000	1.000	3.726E-46	153
2ktf_1	2l0f_1	1.000	76	1.000	1.000	3.726E-46	153
2ktf_1	1yx6_2	1.000	76	1.000	1.000	3.726E-46	153
2ktf_1	2den_2	1.000	76	1.000	1.000	3.726E-46	153
2ktf_1	2l0t_1	1.000	76	1.000	1.000	3.726E-46	153
2ktf_1	2mj5_1	1.000	76	1.000	1.000	3.726E-46	153
2ktf_1	4k1r_2	1.000	76	1.000	1.000	3.726E-46	153
2ktf_1	2lvo_1	1.000	76	1.000	1.000	3.726E-46	153
2ktf_1	1q5w_2	1.000	76	1.000	1.000	3.726E-46	153
2ktf_1	2g45_2	1.000	76	1.000	1.000	3.726E-46	153
2ktf_1	4m0w_2	1.000	76	1.000	1.000	3.726E-46	153
2ktf_1	2mre_1	1.000	76	1.000	1.000	3.726E-46	153
2ktf_1	2mro_1	1.000	76	1.000	1.000	3.726E-46	153
2ktf_1	2ktf_1	1.000	76	1.000	1.000	3.726E-46	153
2ktf_1	2lz6_1	1.000	76	1.000	1.000	3.726E-46	153
2ktf_1	1zgu_2	0.986	76	1.000	1.000	9.631E-46	152
2ktf_1	2jt4_2	0.960	76	1.000	1.000	3.133E-44	148
2ktf_1	1wr1_1	0.960	76	1.000	1.000	3.133E-44	148
2ktf_1	1q0w_2	0.960	76	1.000	1.000	3.133E-44	148
2ktf_1	1otr_2	0.960	76	1.000	1.000	3.133E-44	148
2ktf_1	2c7m_2	0.842	76	1.000	1.000	7.064E-35	121
2ktf_1	6d4p_2	0.789	76	1.000	0.958	1.420E-31	111
2ktf_1	5v69_2	0.843	64	0.803	0.985	4.270E-29	104
2ktf_1	4hcp_2	0.500	76	1.000	0.945	1.894E-19	77
2ktf_1	1p9d_1	0.328	73	0.961	0.859	2.137E-08	45
2ktf_1	5tl7_1	0.301	73	0.961	0.908	9.796E-07	40
2l9s_1	2l9s_1	1.000	44	1.000	1.000	1.569E-25	92
2lz6_1	2k8b_1	1.000	76	1.000	1.000	3.726E-46	153
2lz6_1	4msm_2	1.000	76	1.000	1.000	3.726E-46	153
2lz6_1	2k8c_1	1.000	76	1.000	1.000	3.726E-46	153
2lz6_1	2kwu_2	1.000	76	1.000	1.000	3.726E-46	153
2lz6_1	2kwv_2	1.000	76	1.000	1.000	3.726E-46	153
2lz6_1	2mbb_2	1.000	76	1.000	1.000	3.726E-46	153
2lz6_1	4pqt_2	1.000	76	1.000	1.000	3.726E-46	153
2lz6_1	5vzm_1	1.000	76	1.000	1.000	3.726E-46	153
2lz6_1	2fuh_2	1.000	76	1.000	1.000	3.726E-46	153
2lz6_1	2mcn_2	1.000	76	1.000	1.000	3.726E-46	153
2lz6_1	2jy6_1	1.000	76	1.000	1.000	3.726E-46	153
2lz6_1	1wrd_2	1.000	76	1.000	1.000	3.726E-46	153
2lz6_1	1yx5_2	1.000	76	1.000	1.000	3.726E-46	153
2lz6_1	2l0f_1	1.000	76	1.000	1.000	3.726E-46	153
2lz6_1	1yx6_2	1.000	76	1.000	1.000	3.726E-46	153
2lz6_1	2den_2	1.000	76	1.000	1.000	3.726E-46	153
2lz6_1	2l0t_1	1.000	76	1.000	1.000	3.726E-46	153
2lz6_1	2mj5_1	1.000	76	1.000	1.000	3.726E-46	153
2lz6_1	4k1r_2	1.000	76	1.000	1.000	3.726E-46	153
2lz6_1	2lvo_1	1.000	76	1.000	1.000	3.726E-46	153
2lz6_1	1q5w_2	1.000	76	1.000	1.000	3.726E-46	153
2lz6_1	2g45_2	1.000	76	1.000	1.000	3.726E-46	153
2lz6_1	4m0w_2	1.000	76	1.000	1.000	3.726E-46	153
2lz6_1	2mre_1	1.000	76	1.000	1.000	3.726E-46	153
2lz6_1	2mro_1	1.000	76	1.000	1.000	3.726E-46	153
2lz6_1	2ktf_1	1.000	76	1.000	1.000	3.726E-46	153
2lz6_1	2lz6_1	1.000	76	1.000	1.000	3.726E-46	153
2lz6_1	1zgu_2	0.986	76	1.000	1.000	9.631E-46	152
2lz6_1	2jt4_2	0.960	76	1.000	1.000	3.133E-44	148
2lz6_1	1wr1_1	0.960	76	1.000	1.000	3.133E-44	148
2lz6_1	1q0w_2	0.960	76	1.000	1.000	3.133E-44	148
2lz6_1	1otr_2	0.960	76	1.000	1.000	3.133E-44	148
2lz6_1	2c7m_2	0.842	76	1.000	1.000	7.064E-35	121
2lz6_1	6d4p_2	0.789	76	1.000	0.958	1.420E-31	111
2lz6_1	5v69_2	0.843	64	0.803	0.985	4.270E-29	104
2lz6_1	4hcp_2	0.500	76	1.000	0.945	1.894E-19	77
2lz6_1	1p9d_1	0.328	73	0.961	0.859	2.137E-08	45
2lz6_1	5tl7_1	0.301	73	0.961	0.908	9.796E-07	40
2mur_1	2mur_1	1.000	44	1.000	1.000	2.531E-27	97
5kho_2	5kho_2	1.000	109	1.000	1.000	1.462E-67	217
3ul1_1	3ul1_1	1.000	416	1.000	1.000	3.980E-273	827
3ul1_1	2c1m_1	0.969	424	0.988	1.000	7.825E-267	809
3ul1_1	6k06_2	0.971	422	0.986	1.000	2.759E-266	808
3wkt_1	3wkt_1	1.000	601	1.000	1.000	0.000E+00	1251
4a1u_1	4a1u_1	1.000	150	1.000	1.000	1.025E-100	315
4a1u_1	2xa0_1	0.548	123	0.807	0.898	1.745E-38	136
4b93_1	4b93_1	1.000	156	1.000	1.000	3.869E-101	316
4ct0_1	4ct0_1	1.000	195	1.000	1.000	8.303E-133	410
3o34_1	3o34_1	1.000	177	1.000	1.000	3.105E-125	387
3ouw_1	3ouw_1	1.000	500	1.000	1.000	0.000E+00	995
3ouw_1	1v18_1	0.940	503	0.948	0.996	3.641E-300	910
3ouw_1	1th1_1	0.726	523	0.830	0.994	1.557E-225	695
3ouw_1	3oux_1	0.733	462	0.848	0.937	1.652E-207	643
3r4d_1	3r4d_1	1.000	192	1.000	1.000	1.801E-125	389
3tg1_1	3tg1_1	1.000	328	1.000	1.000	7.167E-224	680
3tg1_1	3zuv_1	0.435	355	0.966	0.997	1.089E-88	290
2lox_1	2lox_1	1.000	108	1.000	1.000	9.273E-67	214
2lox_1	2k2u_1	0.939	115	1.000	1.000	1.998E-64	208
2x1x_2	2x1x_2	1.000	201	1.000	1.000	1.665E-133	412
2yvj_2	2yvj_2	1.000	106	1.000	1.000	3.732E-72	230
3bzd_2	3bzd_2	1.000	223	1.000	1.000	3.151E-152	467
3d7t_2	3d7t_2	1.000	265	1.000	1.000	7.351E-183	558
3d7t_2	3gqi_1	0.349	287	0.966	0.966	8.075E-46	162
3eg5_2	3eg5_2	1.000	331	1.000	1.000	4.863E-212	646
3ejj_2	3ejj_2	1.000	272	1.000	1.000	8.216E-184	561
3gj3_2	3gj3_2	1.000	27	1.000	1.000	1.101E-16	66
3gj3_2	3gj7_2	1.000	27	1.000	1.000	1.101E-16	66
3ia3_2	3ia3_2	1.000	135	1.000	1.000	5.278E-88	277
3kuc_2	3kuc_2	1.000	76	1.000	1.000	9.940E-50	164
3kuc_2	3kud_2	0.986	76	1.000	1.000	4.837E-49	162
3kuc_2	1gua_2	0.960	76	0.987	1.000	5.113E-46	153
1t6b_2	1t6b_2	1.000	170	1.000	1.000	2.187E-108	338
4etp_1	4etp_1	1.000	379	1.000	1.000	1.143E-239	729
4gi3_1	4gi3_1	1.000	274	1.000	1.000	1.035E-168	518
4gi3_1	1r0r_1	0.992	274	1.000	1.000	1.288E-167	515
4gi3_1	1y1k_1	0.693	273	0.996	0.968	5.166E-110	349
4gi3_1	1y33_1	0.693	273	0.996	0.968	5.166E-110	349
4gi3_1	1y34_1	0.693	273	0.996	0.968	5.166E-110	349
4gi3_1	1y3b_1	0.693	273	0.996	0.968	5.166E-110	349
4gi3_1	1y3c_1	0.693	273	0.996	0.968	5.166E-110	349
4gi3_1	1tm1_1	0.693	273	0.996	0.968	5.166E-110	349
4gi3_1	1y3d_1	0.693	273	0.996	0.968	5.166E-110	349
4gi3_1	1tm3_1	0.693	273	0.996	0.968	5.166E-110	349
4gi3_1	1y48_1	0.693	273	0.996	0.968	5.166E-110	349
4gi3_1	1tm4_1	0.693	273	0.996	0.968	5.166E-110	349
4gi3_1	1tm5_1	0.693	273	0.996	0.968	5.166E-110	349
4gi3_1	1tm7_1	0.693	273	0.996	0.968	5.166E-110	349
4gi3_1	1to1_1	0.693	273	0.996	0.968	5.166E-110	349
4gi3_1	2sic_1	0.690	275	0.993	1.000	1.820E-109	347
4gi3_1	2sni_1	0.690	275	0.993	1.000	1.820E-109	347
4gi3_1	1y4a_1	0.690	275	0.993	1.000	1.820E-109	347
4gi3_1	3vv2_1	0.427	279	0.901	0.872	8.478E-49	171
4hnj_1	4hnj_1	1.000	24	1.000	1.000	1.799E-12	53
4jra_1	4jra_1	1.000	416	1.000	1.000	1.750E-284	860
4jra_1	5l21_1	0.770	425	0.990	1.000	3.782E-221	677
4jra_1	4kbb_1	0.366	413	0.993	0.964	2.152E-74	252
4kt3_1	4kt3_1	1.000	136	1.000	1.000	8.785E-93	291
5ml9_2	5ml9_2	1.000	103	1.000	1.000	9.960E-67	214
5ml9_2	5elu_1	0.717	99	0.961	0.901	1.630E-36	127
5o05_2	5o05_2	1.000	296	1.000	1.000	1.200E-208	634
5szj_2	5szj_2	1.000	83	1.000	1.000	2.355E-44	149
5uk5_2	5uk5_2	1.000	299	1.000	1.000	2.934E-229	694
6hul_2	6hul_2	1.000	416	1.000	1.000	9.773E-279	844
2xgy_2	2xgy_2	1.000	165	1.000	1.000	5.671E-114	354
2xgy_2	1ak4_1	0.981	165	1.000	0.994	2.846E-110	343
2xgy_2	2x2d_1	0.751	145	0.873	0.884	7.158E-76	244
3a4s_2	3a4s_2	1.000	74	1.000	1.000	6.348E-46	153
3a4s_2	5eql_2	0.315	73	0.986	0.947	2.512E-07	42
3a4s_2	5tvq_2	0.310	73	0.986	0.973	2.344E-06	39
3a4s_2	5elu_2	0.301	73	0.986	0.933	2.190E-05	36
3c5t_2	3c5t_2	1.000	24	1.000	1.000	2.475E-12	53
3doe_2	3doe_2	1.000	114	1.000	1.000	1.137E-72	232
3f7p_2	3f7p_2	1.000	193	1.000	1.000	1.373E-135	418
4yyp_1	4yyp_1	1.000	87	1.000	1.000	5.997E-56	182
5ajk_1	5ajk_1	1.000	137	1.000	1.000	2.973E-91	287
5ajk_1	5ajj_1	0.970	137	0.993	1.000	2.056E-87	276
5cyk_1	5cyk_1	1.000	454	1.000	1.000	3.935E-300	908
5cyk_1	5cxb_1	0.692	401	0.870	0.862	9.628E-176	548
5ee5_1	5ee5_1	1.000	170	1.000	1.000	1.278E-109	342
5gjk_1	5gjk_1	1.000	61	1.000	1.000	7.583E-41	137
3zyi_2	3zyi_2	1.000	285	1.000	1.000	3.219E-204	621
4b1x_2	4b1x_2	1.000	10	1.000	1.000	3.326E-02	23
4b1x_2	4b1y_2	0.500	10	1.000	0.833	7.018E+01	14
4cj2_2	4cj2_2	1.000	62	1.000	1.000	6.733E-39	132
4cj2_2	5zau_2	0.539	63	0.968	0.984	1.243E-14	62
4ds8_2	4ds8_2	1.000	238	1.000	1.000	2.658E-156	480
4f9p_2	4f9p_2	1.000	103	1.000	1.000	1.366E-66	214
4f9p_2	2aq2_1	0.339	103	0.922	0.936	3.166E-11	55
4f9p_2	5omn_2	0.346	100	0.883	0.901	8.467E-08	45
4f9p_2	2ij0_2	0.324	114	0.932	0.966	1.440E-06	41
2o8v_2	2o8v_2	1.000	118	1.000	1.000	7.705E-77	244
2p44_2	2p44_2	1.000	116	1.000	1.000	3.250E-79	251
2p44_2	2p46_2	0.806	114	0.983	0.974	2.243E-61	199
2p44_2	2p47_2	0.806	114	0.983	0.974	2.243E-61	199
2p44_2	2p48_2	0.806	114	0.983	0.974	2.243E-61	199
2p44_2	2p45_2	0.798	114	0.983	0.974	2.568E-59	194
2p44_2	2p43_2	0.682	118	0.922	1.000	3.373E-48	162
2p44_2	2p42_2	0.674	117	0.922	1.000	3.866E-46	156
2qc1_2	2qc1_2	1.000	211	1.000	1.000	9.766E-150	460
2uuy_2	2uuy_2	1.000	52	1.000	1.000	1.801E-37	127
2kwk_2	2kwj_2	1.000	114	1.000	1.000	1.050E-85	269
2kwk_2	2kwk_2	1.000	114	1.000	1.000	1.050E-85	269
2kwk_2	2kwo_2	1.000	113	0.991	1.000	3.714E-85	268
2kwk_2	5b78_1	0.436	118	0.851	0.992	2.843E-33	119
2kwk_2	5b77_1	0.434	114	0.877	0.983	7.342E-33	117
2kwk_2	5b75_1	0.427	116	0.851	0.975	4.895E-32	115
2kwk_2	5b76_1	0.423	117	0.851	0.975	6.715E-32	115
2lkm_2	2lkm_2	1.000	172	1.000	1.000	1.638E-114	356
2lkm_2	2n1d_2	0.994	172	1.000	1.000	4.220E-114	355
2m55_2	2m55_2	1.000	19	1.000	1.000	2.467E-07	38
2n1d_2	2n1d_2	1.000	172	1.000	1.000	1.638E-114	356
2n1d_2	2lkm_2	0.994	172	1.000	1.000	4.220E-114	355
2oob_2	2oob_2	1.000	72	1.000	1.000	3.228E-43	145
2oob_2	5xiu_2	1.000	72	1.000	0.986	3.228E-43	145
2oob_2	2hth_1	1.000	72	1.000	0.986	3.228E-43	145
2oob_2	2mur_2	0.972	73	1.000	0.936	7.029E-41	138
2oob_2	3kw5_2	0.972	72	1.000	0.933	4.701E-40	136
2oob_2	2k6d_2	0.972	72	1.000	0.921	4.701E-40	136
2oob_2	1yd8_1	1.000	64	0.889	1.000	5.440E-38	130
2oob_2	2dx5_2	1.000	64	0.889	1.000	5.440E-38	130
2oob_2	4i6l_2	0.902	72	1.000	0.973	1.293E-36	126
2oob_2	6dgf_2	0.916	72	1.000	0.946	1.293E-36	126
2oob_2	5hps_2	0.833	72	1.000	0.986	3.878E-34	119
2oob_2	4hcn_2	0.921	64	0.889	0.969	6.721E-33	115
2oob_2	5hpk_2	0.833	72	1.000	0.922	6.721E-33	115
2oob_2	5v5h_2	0.890	64	0.889	0.952	5.233E-30	107
4nm3_1	4nm3_1	1.000	94	1.000	1.000	4.286E-59	192
4nm3_1	4nu1_1	0.968	94	1.000	1.000	6.751E-57	185
4plo_1	4plo_1	1.000	192	1.000	1.000	4.640E-125	387
4u2x_1	4u2x_1	1.000	215	1.000	1.000	1.955E-141	436
4x7d_1	4x7d_1	1.000	299	1.000	1.000	1.256E-207	632
4yiz_1	4yiz_1	1.000	392	1.000	1.000	7.596E-275	831
4yiz_1	2y8t_1	0.610	392	1.000	0.861	3.477E-149	468
4yiz_1	2y8s_1	0.605	392	1.000	0.860	3.504E-146	460
4x7f_1	4x7f_1	1.000	274	1.000	1.000	4.016E-192	586
4x7f_1	4x7e_1	0.664	281	0.898	0.924	4.310E-105	334
4yl8_1	4yl8_1	1.000	296	1.000	1.000	9.496E-200	609
5aam_1	5aam_1	1.000	227	1.000	1.000	1.578E-156	480
5aam_1	5aaw_1	0.995	228	1.000	1.000	5.068E-155	476
5aam_1	3uyp_2	0.712	225	0.991	0.898	2.274E-107	338
5aam_1	3uze_2	0.712	225	0.991	0.886	2.274E-107	338
5aam_1	3uzv_2	0.712	225	0.991	0.886	2.274E-107	338
5aam_1	3uzq_1	0.690	225	0.991	0.893	5.316E-106	334
5aam_1	6ejm_2	0.535	224	0.987	0.987	3.984E-74	243
5aam_1	1dzb_1	0.510	217	0.894	0.986	6.870E-70	230
5aam_1	5dfw_2	0.485	224	0.987	0.986	1.054E-67	224
5aam_1	6cbp_2	0.502	231	0.885	0.983	1.807E-63	212
5aam_1	6qb3_2	0.393	224	0.982	0.982	2.255E-50	174
5aam_1	6oan_2	0.405	220	0.969	0.860	1.179E-44	157
5aam_1	6i07_1	0.340	227	0.974	0.996	1.805E-29	113
5chv_1	5chv_1	1.000	300	1.000	1.000	7.009E-208	632
5dob_1	5dob_1	1.000	237	1.000	1.000	2.708E-160	492
4awx_1	4awx_1	1.000	251	1.000	1.000	1.193E-161	496
4cdk_1	4cdk_1	1.000	152	1.000	1.000	3.989E-100	313
4dm8_1	4dm8_1	1.000	197	1.000	1.000	1.613E-128	398
4f38_1	4f38_1	1.000	148	1.000	1.000	5.853E-96	301
4gn4_1	6jb8_2	1.000	129	1.000	1.000	3.792E-91	286
4gn4_1	1ri8_1	1.000	129	1.000	1.000	3.792E-91	286
4gn4_1	4gla_1	1.000	129	1.000	1.000	3.792E-91	286
4gn4_1	4gn4_1	1.000	129	1.000	1.000	3.792E-91	286
4gn4_1	4cj2_1	1.000	129	1.000	1.000	3.792E-91	286
4gn4_1	6jb2_2	1.000	129	1.000	1.000	3.792E-91	286
4gn4_1	1zvy_1	0.992	129	1.000	1.000	8.136E-89	279
4gn4_1	3m18_2	0.984	129	1.000	1.000	2.878E-88	278
4gn4_1	1dzb_2	0.945	129	1.000	1.000	6.176E-86	271
4gn4_1	1rjc_1	0.976	129	1.000	1.000	9.667E-84	265
4gn4_1	4i0c_1	0.600	130	1.000	1.000	1.462E-53	178
4gn4_1	1op9_1	0.600	130	1.000	1.000	1.462E-53	178
3cqg_1	3cqg_1	1.000	222	1.000	1.000	5.822E-149	458
3cqg_1	3cqc_1	0.378	203	0.802	0.898	2.609E-36	133
4kbb_2	4kbb_2	1.000	15	1.000	1.000	1.782E-06	36
4m1l_2	4m1l_2	1.000	23	1.000	1.000	2.333E-12	53
4p3y_2	4p3y_2	1.000	137	1.000	1.000	3.922E-94	295
4re1_2	4re1_2	1.000	121	1.000	1.000	5.192E-78	248
4w6w_2	4w6w_2	1.000	124	1.000	1.000	6.314E-82	259
4w6w_2	4w6x_2	0.714	124	1.000	0.992	1.515E-49	166
4w6w_2	5imm_1	0.706	124	1.000	1.000	1.898E-48	163
4w6w_2	5lhn_2	0.656	134	1.000	0.993	3.570E-48	162
4w6w_2	4i0c_2	0.695	126	1.000	1.000	6.716E-48	161
4w6w_2	2p49_2	0.680	124	1.000	0.992	3.260E-47	159
4w6w_2	1op9_2	0.696	124	1.000	1.000	6.134E-47	158
4w6w_2	6h16_2	0.704	124	1.000	0.992	1.583E-46	157
4w6w_2	5imk_1	0.698	124	1.000	1.000	1.583E-46	157
4w6w_2	1g6v_2	0.698	124	1.000	0.992	1.583E-46	157
4w6w_2	6jb2_1	0.674	125	1.000	0.992	5.116E-45	153
4w6w_2	6her_2	0.672	124	1.000	0.992	7.017E-45	153
4w6w_2	3qsk_2	0.672	124	1.000	0.992	2.484E-44	151
4w6w_2	2p4a_2	0.672	124	1.000	0.992	3.407E-44	151
4w6w_2	5m2j_2	0.640	124	1.000	0.991	2.841E-42	145
4w6w_2	4wem_2	0.620	124	1.000	0.992	2.841E-42	145
4w6w_2	4wen_2	0.620	124	1.000	0.992	7.332E-42	144
4w6w_2	5u4m_2	0.626	121	0.976	0.944	7.332E-42	144
4w6w_2	4eig_2	0.629	124	1.000	0.991	3.251E-40	139
4w6w_2	4hep_2	0.623	129	1.000	1.000	3.251E-40	139
4w6w_2	5omn_2	0.629	124	1.000	0.991	6.115E-40	138
4w6w_2	4w6y_2	0.624	124	1.000	0.964	1.578E-39	137
4w6w_2	1ri8_2	0.612	124	1.000	0.839	2.969E-39	136
4w6w_2	4ksd_2	0.608	118	0.839	1.000	3.101E-36	128
4w6w_2	6fuz_2	0.600	124	1.000	1.000	4.253E-36	127
4w6w_2	5jds_1	0.584	124	1.000	0.827	4.253E-36	127
4w6w_2	5l21_2	0.545	124	1.000	0.992	1.505E-35	126
4w6w_2	3eba_1	0.600	124	1.000	0.924	3.883E-35	124
4w6w_2	4pou_2	0.622	106	0.839	0.883	5.326E-35	124
4w6w_2	1zvh_2	0.609	103	0.831	0.836	7.305E-35	124
4w6w_2	5hvf_2	0.566	117	0.831	1.000	6.669E-34	121
4w6w_2	6gjq_2	0.528	121	0.839	1.000	1.255E-33	120
4w6w_2	4z9k_2	0.556	124	1.000	0.906	1.721E-33	120
4w6w_2	3zkq_2	0.544	124	1.000	0.841	1.145E-32	117
4w6w_2	6j7w_1	0.569	124	1.000	0.991	1.571E-32	117
4w6w_2	6f2g_2	0.556	124	0.839	0.947	4.053E-32	116
4w6w_2	4x7e_2	0.596	104	0.839	0.824	6.958E-31	112
4w6w_2	6cwg_2	0.511	127	0.839	1.000	6.958E-31	112
4w6w_2	5o2u_2	0.587	114	0.847	0.991	1.795E-30	111
4w6w_2	5m2m_2	0.535	127	0.839	1.000	3.376E-30	110
4w6w_2	5ip4_1	0.500	124	1.000	0.853	7.947E-29	106
4w6w_2	6fv0_2	0.512	124	1.000	0.841	1.495E-28	106
4w6w_2	4x7f_2	0.472	107	0.823	1.000	1.469E-21	85
4w6w_2	2ij0_2	0.305	103	0.831	0.822	6.049E-05	37
1xdt_2	1xdt_2	1.000	40	1.000	1.000	8.557E-29	101
1xdt_2	5wb7_2	0.368	37	0.925	0.902	5.386E-04	31
1y6k_2	1y6k_2	1.000	202	1.000	1.000	3.383E-140	432
1zhi_2	1zhi_2	1.000	125	1.000	1.000	1.874E-82	261
2b42_2	2b42_2	1.000	184	1.000	1.000	4.615E-129	398
2b42_2	1te1_2	0.500	180	0.978	0.878	7.378E-51	173
6ne2_2	6ne2_2	1.000	119	1.000	1.000	2.524E-85	269
6ne2_2	6ne4_2	1.000	119	1.000	1.000	2.524E-85	269
6ne2_2	5un5_1	0.512	119	0.992	1.000	1.049E-44	152
6ne2_2	6ndz_1	0.520	119	1.000	0.983	1.438E-44	151
6ne2_2	6ne1_1	0.451	104	0.874	0.886	1.509E-27	102
5fw5_1	5fw5_1	1.000	118	1.000	1.000	1.268E-78	249
5ij0_1	5ij0_1	1.000	430	1.000	1.000	3.723E-298	900
5ij0_1	5ij9_1	1.000	430	1.000	1.000	3.723E-298	900
5jsn_1	5jsn_1	1.000	149	1.000	1.000	2.426E-103	322
5jsn_1	2xa0_1	0.881	143	0.960	0.920	1.114E-81	260
5li1_1	5li1_1	1.000	325	1.000	1.000	5.652E-223	677
5mr5_1	5mr5_1	1.000	98	1.000	1.000	8.160E-64	205
5mr5_1	5mr4_1	0.989	98	0.990	1.000	9.359E-62	199
5mr5_1	2gh0_1	0.484	96	0.959	0.960	6.118E-21	82
5mr5_1	5vz4_1	0.311	92	0.888	0.852	9.970E-05	36
5xjg_1	5xjg_1	1.000	489	1.000	1.000	2.178E-316	957
5zau_1	5zau_1	1.000	57	1.000	1.000	2.334E-37	127
5zau_1	1avz_2	1.000	57	1.000	1.000	2.334E-37	127
5zau_1	1efn_1	0.929	57	1.000	0.982	3.663E-31	109
5zau_1	4afq_2	0.844	58	1.000	1.000	1.200E-29	105
5zau_1	4ag2_2	0.810	58	0.982	1.000	3.935E-28	100
5zau_1	3reb_2	0.543	57	1.000	0.949	8.788E-18	71
5zau_1	1zsg_1	0.380	61	0.930	0.938	1.793E-09	47
5zau_1	2k7a_1	0.355	58	0.947	0.921	1.222E-08	45
5zau_1	2k79_1	0.355	58	0.947	0.921	1.222E-08	45
5zau_1	2mcn_1	0.320	53	0.930	0.877	9.729E-05	34
6cbp_1	6cbp_1	1.000	30	1.000	1.000	2.863E-18	70
6f0f_1	6f0f_1	1.000	154	1.000	1.000	9.587E-105	327
6f0f_1	6f0g_1	1.000	154	1.000	1.000	9.587E-105	327
5vzm_1	2k8b_1	1.000	76	1.000	1.000	3.726E-46	153
5vzm_1	4msm_2	1.000	76	1.000	1.000	3.726E-46	153
5vzm_1	2k8c_1	1.000	76	1.000	1.000	3.726E-46	153
5vzm_1	2kwu_2	1.000	76	1.000	1.000	3.726E-46	153
5vzm_1	2kwv_2	1.000	76	1.000	1.000	3.726E-46	153
5vzm_1	2mbb_2	1.000	76	1.000	1.000	3.726E-46	153
5vzm_1	4pqt_2	1.000	76	1.000	1.000	3.726E-46	153
5vzm_1	5vzm_1	1.000	76	1.000	1.000	3.726E-46	153
5vzm_1	2fuh_2	1.000	76	1.000	1.000	3.726E-46	153
5vzm_1	2mcn_2	1.000	76	1.000	1.000	3.726E-46	153
5vzm_1	2jy6_1	1.000	76	1.000	1.000	3.726E-46	153
5vzm_1	1wrd_2	1.000	76	1.000	1.000	3.726E-46	153
5vzm_1	1yx5_2	1.000	76	1.000	1.000	3.726E-46	153
5vzm_1	2l0f_1	1.000	76	1.000	1.000	3.726E-46	153
5vzm_1	1yx6_2	1.000	76	1.000	1.000	3.726E-46	153
5vzm_1	2den_2	1.000	76	1.000	1.000	3.726E-46	153
5vzm_1	2l0t_1	1.000	76	1.000	1.000	3.726E-46	153
5vzm_1	2mj5_1	1.000	76	1.000	1.000	3.726E-46	153
5vzm_1	4k1r_2	1.000	76	1.000	1.000	3.726E-46	153
5vzm_1	2lvo_1	1.000	76	1.000	1.000	3.726E-46	153
5vzm_1	1q5w_2	1.000	76	1.000	1.000	3.726E-46	153
5vzm_1	2g45_2	1.000	76	1.000	1.000	3.726E-46	153
5vzm_1	4m0w_2	1.000	76	1.000	1.000	3.726E-46	153
5vzm_1	2mre_1	1.000	76	1.000	1.000	3.726E-46	153
5vzm_1	2mro_1	1.000	76	1.000	1.000	3.726E-46	153
5vzm_1	2ktf_1	1.000	76	1.000	1.000	3.726E-46	153
5vzm_1	2lz6_1	1.000	76	1.000	1.000	3.726E-46	153
5vzm_1	1zgu_2	0.986	76	1.000	1.000	9.631E-46	152
5vzm_1	2jt4_2	0.960	76	1.000	1.000	3.133E-44	148
5vzm_1	1wr1_1	0.960	76	1.000	1.000	3.133E-44	148
5vzm_1	1q0w_2	0.960	76	1.000	1.000	3.133E-44	148
5vzm_1	1otr_2	0.960	76	1.000	1.000	3.133E-44	148
5vzm_1	2c7m_2	0.842	76	1.000	1.000	7.064E-35	121
5vzm_1	6d4p_2	0.789	76	1.000	0.958	1.420E-31	111
5vzm_1	5v69_2	0.843	64	0.803	0.985	4.270E-29	104
5vzm_1	4hcp_2	0.500	76	1.000	0.945	1.894E-19	77
5vzm_1	1p9d_1	0.328	73	0.961	0.859	2.137E-08	45
5vzm_1	5tl7_1	0.301	73	0.961	0.908	9.796E-07	40
4h2s_1	4h2s_1	1.000	283	1.000	1.000	2.110E-194	593
4h2s_1	4h2w_1	0.971	283	0.996	0.956	1.078E-187	573
4i9x_1	4i9x_1	1.000	174	1.000	1.000	1.848E-121	376
4jzw_1	4jzw_1	1.000	339	1.000	1.000	4.520E-240	728
4jzw_1	4ka2_1	0.939	338	0.997	1.000	7.061E-212	646
4jzw_1	4k0a_1	0.871	339	1.000	1.000	1.090E-196	602
4lad_1	4lad_1	1.000	154	1.000	1.000	4.646E-104	325
4nzl_1	4nzl_1	1.000	214	1.000	1.000	3.397E-144	444
4nzl_1	1gl0_1	0.324	221	0.944	0.921	3.839E-26	103
5ajj_1	5ajj_1	1.000	137	1.000	1.000	2.973E-91	287
5ajj_1	5ajk_1	0.970	137	1.000	0.993	2.056E-87	276
5cxb_1	5cxb_1	1.000	465	1.000	1.000	1.069E-304	921
5cxb_1	5cyk_1	0.690	401	0.862	0.870	1.124E-175	549
5eb1_1	5eb1_1	1.000	148	1.000	1.000	1.656E-96	302
5g1x_1	5g1x_1	1.000	251	1.000	1.000	8.783E-172	526
5g1x_1	5l8j_1	0.881	247	0.984	0.996	3.159E-135	420
5g1x_1	5lxm_1	0.538	251	1.000	0.850	3.154E-68	227
2ptc_2	2ftl_2	1.000	58	1.000	1.000	6.500E-41	137
2ptc_2	2ptc_2	1.000	58	1.000	1.000	6.500E-41	137
2ptc_2	2tgp_2	1.000	58	1.000	1.000	6.500E-41	137
2ptc_2	3fp6_2	1.000	58	1.000	1.000	6.500E-41	137
2ptc_2	2r9p_2	1.000	58	1.000	1.000	6.500E-41	137
2ptc_2	1f5r_2	1.000	57	0.983	1.000	2.308E-40	136
2ptc_2	3p92_2	0.965	58	1.000	1.000	1.544E-39	133
2ptc_2	3p95_2	0.965	58	1.000	1.000	1.544E-39	133
2ptc_2	2ftm_2	0.982	58	1.000	1.000	1.544E-39	133
2ptc_2	2ra3_2	0.982	56	0.948	1.000	3.374E-37	126
2ptc_2	1f7z_2	0.982	56	0.948	1.000	3.374E-37	126
2ptc_2	1fy8_2	0.982	56	0.948	1.000	3.374E-37	126
2ptc_2	1eaw_2	0.982	56	0.948	1.000	3.374E-37	126
2ptc_2	3tgk_2	0.982	56	0.948	1.000	3.374E-37	126
2ptc_2	4u32_1	0.452	53	0.914	0.981	2.072E-15	64
2ptc_2	6gfi_2	0.452	53	0.914	0.946	3.918E-15	63
2ptc_2	5c67_2	0.452	53	0.914	1.000	7.409E-15	63
2ptc_2	1zjd_2	0.452	53	0.914	0.930	7.409E-15	63
2ptc_2	6har_2	0.433	53	0.914	0.981	5.014E-14	60
2ptc_2	1zr0_2	0.423	52	0.897	0.825	6.426E-13	57
2ptc_2	1yc0_2	0.358	53	0.914	0.803	1.673E-12	56
2ptc_2	4u30_2	0.395	48	0.828	0.889	4.916E-09	46
1yx5_1	1yx5_1	1.000	112	1.000	1.000	2.217E-63	205
1yx5_1	1yx6_1	1.000	112	1.000	1.000	2.217E-63	205
2a9k_1	2a78_1	1.000	144	1.000	1.000	7.835E-91	286
2a9k_1	2a9k_1	1.000	144	1.000	1.000	7.835E-91	286
2a9k_1	2kwi_1	0.820	150	0.993	0.843	1.081E-73	237
2a9k_1	5ufe_1	0.524	142	0.958	0.904	1.148E-43	150
2a9k_1	3kud_1	0.524	142	0.958	0.861	2.157E-43	149
2a9k_1	1wq1_1	0.524	142	0.958	0.855	2.157E-43	149
2a9k_1	3ddc_1	0.531	142	0.958	0.855	2.157E-43	149
2a9k_1	5e95_2	0.524	142	0.958	0.855	2.157E-43	149
2a9k_1	5o2t_1	0.527	143	0.958	0.993	4.055E-43	149
2a9k_1	6h46_1	0.517	142	0.958	0.855	1.965E-42	147
2a9k_1	1gua_1	0.536	136	0.917	0.814	2.694E-42	146
2a9k_1	3kuc_1	0.536	136	0.917	0.814	2.694E-42	146
2a9k_1	6ba6_2	0.532	137	0.924	0.820	9.517E-42	145
2a9k_1	4dxa_1	0.521	138	0.924	0.826	6.320E-41	142
2a9k_1	4ojk_1	0.367	147	0.958	0.860	6.023E-21	85
2a9k_1	3tkl_1	0.351	148	0.944	0.865	1.393E-19	81
2a9k_1	4c4p_1	0.353	147	0.938	0.880	3.573E-19	79
2a9k_1	4g01_2	0.337	145	0.958	0.879	1.716E-18	78
2a9k_1	4qxa_1	0.330	132	0.875	0.868	1.542E-17	75
2a9k_1	3jza_1	0.333	147	0.868	0.993	3.165E-15	68
2d10_1	2d10_1	1.000	295	1.000	1.000	6.610E-200	609
2fyl_1	2fyl_1	1.000	81	1.000	1.000	1.912E-50	166
2hth_1	5xiu_2	1.000	73	1.000	1.000	9.566E-44	146
2hth_1	2hth_1	1.000	73	1.000	1.000	9.566E-44	146
2hth_1	2oob_2	1.000	72	0.986	1.000	3.394E-43	145
2hth_1	2mur_2	0.972	74	1.000	0.949	2.082E-41	139
2hth_1	3kw5_2	0.972	73	1.000	0.947	1.392E-40	137
2hth_1	2k6d_2	0.972	73	1.000	0.934	1.392E-40	137
2hth_1	1yd8_1	1.000	64	0.877	1.000	5.719E-38	130
2hth_1	2dx5_2	1.000	64	0.877	1.000	5.719E-38	130
2hth_1	4i6l_2	0.904	73	1.000	0.986	3.827E-37	127
2hth_1	6dgf_2	0.917	73	1.000	0.959	3.827E-37	127
2hth_1	5hps_2	0.835	73	1.000	1.000	1.147E-34	120
2hth_1	5hpk_2	0.835	73	1.000	0.935	1.988E-33	117
2hth_1	4hcn_2	0.921	64	0.877	0.969	7.063E-33	115
2hth_1	5v5h_2	0.890	64	0.877	0.952	5.498E-30	107
3sku_2	3sku_2	1.000	181	1.000	1.000	2.839E-122	379
3ujg_2	3ujg_2	1.000	315	1.000	1.000	5.098E-217	660
3ujg_2	3rt0_1	0.457	322	1.000	0.982	2.274E-94	306
3w8h_2	3w8h_2	1.000	64	1.000	1.000	2.099E-39	133
3zwl_2	3zwl_2	1.000	39	1.000	1.000	8.766E-22	81
1y48_2	1y48_2	1.000	64	1.000	1.000	4.585E-37	126
1y48_2	1y3c_2	0.968	64	1.000	1.000	1.497E-35	122
1y48_2	1y3d_2	0.968	64	1.000	1.000	1.497E-35	122
1y48_2	1to1_2	0.968	64	1.000	1.000	3.874E-35	121
1y48_2	2sni_2	0.921	64	1.000	1.000	1.890E-34	119
1y48_2	1tm3_2	0.953	64	0.984	1.000	4.499E-33	115
1y48_2	1tm7_2	0.953	64	0.984	1.000	4.499E-33	115
1y48_2	1lw6_2	0.952	63	0.969	1.000	8.483E-33	114
1y48_2	1y4a_2	0.920	63	0.953	1.000	3.811E-31	109
1y48_2	1acb_2	0.360	61	0.938	0.968	3.044E-07	41
5wgg_2	5wgg_2	1.000	9	1.000	1.000	2.233E-02	23
5xod_2	5xod_2	1.000	22	1.000	1.000	7.343E-11	49
6akm_2	6akm_2	1.000	46	1.000	1.000	2.811E-23	86
6dcn_2	1u5s_2	1.000	1	1.000	1.000	9.813E+04	6
6dcn_2	6dcn_2	1.000	1	1.000	1.000	9.813E+04	6
6f9s_2	6f9s_2	1.000	43	1.000	1.000	3.858E-25	91
1b2u_1	1b2u_1	1.000	110	1.000	1.000	3.968E-74	236
1b2u_1	1x1w_1	0.990	110	1.000	1.000	1.926E-73	234
1b2u_1	1b3s_1	0.981	110	1.000	1.000	4.540E-72	230
1b2u_1	1x1u_1	0.981	110	1.000	1.000	2.204E-71	228
1b2u_1	1x1x_1	0.981	110	1.000	1.000	2.204E-71	228
1b2u_1	1x1y_1	0.963	110	1.000	0.991	9.775E-70	223
1b2u_1	2za4_1	0.954	110	1.000	0.991	6.510E-69	221
1ees_1	1ees_1	1.000	178	1.000	1.000	1.689E-118	368
1ees_1	4did_1	0.994	178	0.994	0.994	3.608E-116	361
1ees_1	4yc7_2	0.988	178	1.000	1.000	6.781E-116	360
1ees_1	3eg5_1	0.988	178	0.994	1.000	9.297E-116	360
1ees_1	2rmk_1	0.694	177	0.994	0.885	5.371E-80	257
1ees_1	5fr2_1	0.538	180	0.994	0.963	3.873E-60	199
1ees_1	3kud_1	0.339	161	0.904	0.933	6.070E-19	80
1ees_1	1wq1_1	0.339	161	0.904	0.928	6.070E-19	80
1ees_1	5e95_2	0.339	161	0.904	0.928	6.070E-19	80
1ees_1	3ddc_1	0.333	161	0.904	0.928	2.104E-18	79
1ees_1	6h46_1	0.333	161	0.904	0.928	7.290E-18	77
1g9i_1	1c9t_1	1.000	223	1.000	1.000	4.897E-150	461
1g9i_1	4aoq_1	1.000	223	1.000	1.000	4.897E-150	461
1g9i_1	1ppe_1	1.000	223	1.000	1.000	4.897E-150	461
1g9i_1	2ptc_1	1.000	223	1.000	1.000	4.897E-150	461
1g9i_1	2tgp_1	1.000	223	1.000	1.000	4.897E-150	461
1g9i_1	1g9i_1	1.000	223	1.000	1.000	4.897E-150	461
1g9i_1	2g81_1	1.000	223	1.000	1.000	4.897E-150	461
1g9i_1	6dwf_1	1.000	223	1.000	1.000	4.897E-150	461
1g9i_1	4j2y_2	1.000	223	1.000	1.000	4.897E-150	461
1g9i_1	2ftm_1	0.995	223	1.000	1.000	2.370E-149	459
1g9i_1	1d6r_1	0.973	223	1.000	0.973	1.340E-143	443
1g9i_1	1smf_1	0.973	223	1.000	0.973	1.340E-143	443
1g9i_1	2uuy_1	0.973	223	1.000	0.973	1.340E-143	443
1g9i_1	2xtt_2	0.973	223	1.000	0.973	1.340E-143	443
1g9i_1	6dwh_1	0.973	223	1.000	0.973	1.340E-143	443
1g9i_1	1ldt_1	0.793	223	1.000	0.973	7.246E-121	377
1g9i_1	1eja_1	0.793	223	1.000	0.973	7.246E-121	377
1g9i_1	2ra3_1	0.721	223	1.000	0.969	1.110E-108	342
1g9i_1	3fp6_1	0.713	223	1.000	0.973	9.163E-107	336
1g9i_1	3p92_1	0.695	223	1.000	0.973	5.010E-104	329
1g9i_1	3p95_1	0.695	223	1.000	0.973	5.010E-104	329
1g9i_1	3l33_1	0.695	223	1.000	0.973	5.010E-104	329
1g9i_1	6gfi_1	0.695	223	1.000	0.973	5.010E-104	329
1g9i_1	6har_1	0.695	223	1.000	0.969	5.010E-104	329
1g9i_1	2r9p_1	0.695	223	1.000	0.969	5.010E-104	329
1g9i_1	5c67_1	0.690	223	1.000	0.973	7.762E-102	322
1g9i_1	4u30_1	0.676	223	1.000	1.000	7.762E-102	322
1g9i_1	4u32_2	0.676	223	1.000	0.996	7.762E-102	322
1g9i_1	6kbr_1	0.397	189	0.848	0.989	6.898E-36	132
1g9i_1	4ag2_1	0.334	205	0.919	0.910	2.733E-26	104
1g9i_1	4afq_1	0.326	209	0.919	0.946	3.872E-24	97
1j7v_1	1j7v_1	1.000	150	1.000	1.000	8.512E-99	309
1j7v_1	1y6k_1	0.992	130	0.867	1.000	1.282E-82	263
1j7v_1	1y6m_1	0.919	124	0.827	0.984	8.681E-72	231
2kwj_2	2kwj_2	1.000	114	1.000	1.000	1.050E-85	269
2kwj_2	2kwk_2	1.000	114	1.000	1.000	1.050E-85	269
2kwj_2	2kwo_2	1.000	113	0.991	1.000	3.714E-85	268
2kwj_2	5b78_1	0.436	118	0.851	0.992	2.843E-33	119
2kwj_2	5b77_1	0.434	114	0.877	0.983	7.342E-33	117
2kwj_2	5b75_1	0.427	116	0.851	0.975	4.895E-32	115
2kwj_2	5b76_1	0.423	117	0.851	0.975	6.715E-32	115
3oiq_1	3oiq_1	1.000	140	1.000	1.000	1.828E-91	287
3pvm_1	3pvm_1	1.000	1561	1.000	1.000	0.000E+00	3162
3ro2_1	3ro2_1	1.000	300	1.000	1.000	8.143E-203	618
3tz1_1	3tz1_1	1.000	71	1.000	1.000	9.996E-42	140
3tz1_1	2be6_2	0.441	68	0.958	0.985	1.655E-12	57
3tz1_1	2lqc_1	0.417	67	0.944	0.870	1.539E-11	54
3tz1_1	2be6_1	0.402	67	0.930	0.893	1.335E-09	48
3v6b_1	3v6b_1	1.000	214	1.000	1.000	5.446E-139	429
4zrj_1	4zrj_1	1.000	293	1.000	1.000	1.876E-201	614
5c3f_1	5c3f_1	1.000	151	1.000	1.000	5.936E-98	307
5c3f_1	3kj2_1	0.993	151	1.000	1.000	2.098E-97	305
5c3f_1	3kj1_1	0.980	152	0.993	1.000	3.276E-95	299
5c3f_1	2kbw_1	0.955	156	0.993	0.975	1.158E-94	297
5c3f_1	3kj0_1	0.983	122	0.801	0.992	2.824E-73	236
5c3f_1	4g35_1	0.401	148	0.980	0.929	1.318E-22	90
5c3f_1	6fbx_1	0.314	134	0.887	0.885	4.488E-16	71
5djt_1	5djt_1	1.000	144	1.000	1.000	8.594E-92	289
5fr2_1	5fr2_1	1.000	187	1.000	1.000	1.035E-125	389
5fr2_1	4did_1	0.544	180	0.963	0.994	3.708E-62	206
5fr2_1	3eg5_1	0.544	180	0.963	1.000	5.082E-62	205
5fr2_1	1ees_1	0.538	180	0.963	0.994	7.860E-60	199
5fr2_1	4yc7_2	0.527	180	0.963	0.994	1.476E-59	198
5fr2_1	2rmk_1	0.569	179	0.957	0.880	5.205E-59	197
5fr2_1	4g01_2	0.335	169	0.904	0.988	1.038E-20	86
5fr2_1	2kwi_1	0.340	169	0.904	0.910	4.906E-20	84
5fr2_1	3ddc_1	0.308	171	0.914	0.970	9.129E-20	83
5fr2_1	3kud_1	0.302	171	0.914	0.976	2.316E-19	82
5fr2_1	1wq1_1	0.302	171	0.914	0.970	2.316E-19	82
5fr2_1	5e95_2	0.302	171	0.914	0.970	2.316E-19	82
5fr2_1	1gua_1	0.311	164	0.877	0.928	3.159E-19	81
5fr2_1	6ba6_2	0.311	164	0.877	0.928	3.159E-19	81
5fr2_1	3kuc_1	0.311	164	0.877	0.928	3.159E-19	81
5fr2_1	4dxa_1	0.303	164	0.877	0.934	7.006E-18	78
4euk_2	4euk_2	1.000	151	1.000	1.000	6.160E-95	298
1ul1_1	1ul1_1	1.000	297	1.000	1.000	5.992E-198	604
1wqj_1	1wqj_1	1.000	80	1.000	1.000	9.501E-58	187
1y33_1	1y1k_1	1.000	281	1.000	1.000	3.755E-178	546
1y33_1	1y33_1	1.000	281	1.000	1.000	3.755E-178	546
1y33_1	1y34_1	1.000	281	1.000	1.000	3.755E-178	546
1y33_1	1y3b_1	1.000	281	1.000	1.000	3.755E-178	546
1y33_1	1y3c_1	1.000	281	1.000	1.000	3.755E-178	546
1y33_1	1tm1_1	1.000	281	1.000	1.000	3.755E-178	546
1y33_1	1y3d_1	1.000	281	1.000	1.000	3.755E-178	546
1y33_1	1tm3_1	1.000	281	1.000	1.000	3.755E-178	546
1y33_1	1y48_1	1.000	281	1.000	1.000	3.755E-178	546
1y33_1	1tm4_1	1.000	281	1.000	1.000	3.755E-178	546
1y33_1	1tm5_1	1.000	281	1.000	1.000	3.755E-178	546
1y33_1	1tm7_1	1.000	281	1.000	1.000	3.755E-178	546
1y33_1	1to1_1	1.000	281	1.000	1.000	3.755E-178	546
1y33_1	2sic_1	0.985	275	0.964	1.000	7.637E-169	519
1y33_1	1y4a_1	0.985	275	0.964	1.000	7.637E-169	519
1y33_1	2sni_1	0.981	275	0.964	1.000	1.966E-168	518
1y33_1	1r0r_1	0.697	273	0.968	0.996	4.563E-112	355
1y33_1	4gi3_1	0.693	273	0.968	0.996	8.564E-112	354
1y33_1	3vv2_1	0.392	315	0.932	0.984	2.280E-49	173
1yru_1	1yru_1	1.000	351	1.000	1.000	3.331E-231	703
2a78_1	2a78_1	1.000	144	1.000	1.000	7.835E-91	286
2a78_1	2a9k_1	1.000	144	1.000	1.000	7.835E-91	286
2a78_1	2kwi_1	0.820	150	0.993	0.843	1.081E-73	237
2a78_1	5ufe_1	0.524	142	0.958	0.904	1.148E-43	150
2a78_1	3kud_1	0.524	142	0.958	0.861	2.157E-43	149
2a78_1	1wq1_1	0.524	142	0.958	0.855	2.157E-43	149
2a78_1	3ddc_1	0.531	142	0.958	0.855	2.157E-43	149
2a78_1	5e95_2	0.524	142	0.958	0.855	2.157E-43	149
2a78_1	5o2t_1	0.527	143	0.958	0.993	4.055E-43	149
2a78_1	6h46_1	0.517	142	0.958	0.855	1.965E-42	147
2a78_1	1gua_1	0.536	136	0.917	0.814	2.694E-42	146
2a78_1	3kuc_1	0.536	136	0.917	0.814	2.694E-42	146
2a78_1	6ba6_2	0.532	137	0.924	0.820	9.517E-42	145
2a78_1	4dxa_1	0.521	138	0.924	0.826	6.320E-41	142
2a78_1	4ojk_1	0.367	147	0.958	0.860	6.023E-21	85
2a78_1	3tkl_1	0.351	148	0.944	0.865	1.393E-19	81
2a78_1	4c4p_1	0.353	147	0.938	0.880	3.573E-19	79
2a78_1	4g01_2	0.337	145	0.958	0.879	1.716E-18	78
2a78_1	4qxa_1	0.330	132	0.875	0.868	1.542E-17	75
2a78_1	3jza_1	0.333	147	0.868	0.993	3.165E-15	68
1te1_1	1ta3_1	1.000	274	1.000	1.000	9.773E-198	602
1te1_1	1te1_1	1.000	274	1.000	1.000	9.773E-198	602
1us7_1	1us7_1	1.000	195	1.000	1.000	8.326E-123	381
1us7_1	2k5b_1	0.661	206	0.990	0.981	9.328E-81	260
1wr1_1	2jt4_2	1.000	76	1.000	1.000	2.489E-45	151
1wr1_1	1wr1_1	1.000	76	1.000	1.000	2.489E-45	151
1wr1_1	1q0w_2	1.000	76	1.000	1.000	2.489E-45	151
1wr1_1	1otr_2	1.000	76	1.000	1.000	2.489E-45	151
1wr1_1	2k8b_1	0.960	76	1.000	1.000	1.112E-43	146
1wr1_1	4msm_2	0.960	76	1.000	1.000	1.112E-43	146
1wr1_1	2k8c_1	0.960	76	1.000	1.000	1.112E-43	146
1wr1_1	2kwu_2	0.960	76	1.000	1.000	1.112E-43	146
1wr1_1	2kwv_2	0.960	76	1.000	1.000	1.112E-43	146
1wr1_1	2mbb_2	0.960	76	1.000	1.000	1.112E-43	146
1wr1_1	4pqt_2	0.960	76	1.000	1.000	1.112E-43	146
1wr1_1	5vzm_1	0.960	76	1.000	1.000	1.112E-43	146
1wr1_1	2fuh_2	0.960	76	1.000	1.000	1.112E-43	146
1wr1_1	2mcn_2	0.960	76	1.000	1.000	1.112E-43	146
1wr1_1	2jy6_1	0.960	76	1.000	1.000	1.112E-43	146
1wr1_1	1wrd_2	0.960	76	1.000	1.000	1.112E-43	146
1wr1_1	1yx5_2	0.960	76	1.000	1.000	1.112E-43	146
1wr1_1	2l0f_1	0.960	76	1.000	1.000	1.112E-43	146
1wr1_1	1yx6_2	0.960	76	1.000	1.000	1.112E-43	146
1wr1_1	2den_2	0.960	76	1.000	1.000	1.112E-43	146
1wr1_1	2l0t_1	0.960	76	1.000	1.000	1.112E-43	146
1wr1_1	2mj5_1	0.960	76	1.000	1.000	1.112E-43	146
1wr1_1	4k1r_2	0.960	76	1.000	1.000	1.112E-43	146
1wr1_1	2lvo_1	0.960	76	1.000	1.000	1.112E-43	146
1wr1_1	1q5w_2	0.960	76	1.000	1.000	1.112E-43	146
1wr1_1	2g45_2	0.960	76	1.000	1.000	1.112E-43	146
1wr1_1	4m0w_2	0.960	76	1.000	1.000	1.112E-43	146
1wr1_1	2mre_1	0.960	76	1.000	1.000	1.112E-43	146
1wr1_1	2mro_1	0.960	76	1.000	1.000	1.112E-43	146
1wr1_1	2ktf_1	0.960	76	1.000	1.000	1.112E-43	146
1wr1_1	2lz6_1	0.960	76	1.000	1.000	1.112E-43	146
1wr1_1	1zgu_2	0.947	76	1.000	1.000	2.874E-43	145
1wr1_1	2c7m_2	0.802	76	1.000	1.000	2.120E-32	114
1wr1_1	6d4p_2	0.750	76	1.000	0.958	4.270E-29	104
1wr1_1	5v69_2	0.796	64	0.803	0.985	1.287E-26	97
1wr1_1	4hcp_2	0.473	76	1.000	0.945	1.618E-17	71
1wr1_1	5tl7_1	0.315	73	0.961	0.908	5.177E-07	41
1wr1_1	1p9d_1	0.315	73	0.961	0.859	1.347E-06	40
1y34_1	1y1k_1	1.000	281	1.000	1.000	3.755E-178	546
1y34_1	1y33_1	1.000	281	1.000	1.000	3.755E-178	546
1y34_1	1y34_1	1.000	281	1.000	1.000	3.755E-178	546
1y34_1	1y3b_1	1.000	281	1.000	1.000	3.755E-178	546
1y34_1	1y3c_1	1.000	281	1.000	1.000	3.755E-178	546
1y34_1	1tm1_1	1.000	281	1.000	1.000	3.755E-178	546
1y34_1	1y3d_1	1.000	281	1.000	1.000	3.755E-178	546
1y34_1	1tm3_1	1.000	281	1.000	1.000	3.755E-178	546
1y34_1	1y48_1	1.000	281	1.000	1.000	3.755E-178	546
1y34_1	1tm4_1	1.000	281	1.000	1.000	3.755E-178	546
1y34_1	1tm5_1	1.000	281	1.000	1.000	3.755E-178	546
1y34_1	1tm7_1	1.000	281	1.000	1.000	3.755E-178	546
1y34_1	1to1_1	1.000	281	1.000	1.000	3.755E-178	546
1y34_1	2sic_1	0.985	275	0.964	1.000	7.637E-169	519
1y34_1	1y4a_1	0.985	275	0.964	1.000	7.637E-169	519
1y34_1	2sni_1	0.981	275	0.964	1.000	1.966E-168	518
1y34_1	1r0r_1	0.697	273	0.968	0.996	4.563E-112	355
1y34_1	4gi3_1	0.693	273	0.968	0.996	8.564E-112	354
1y34_1	3vv2_1	0.392	315	0.932	0.984	2.280E-49	173
5ixd_1	5ixd_1	1.000	380	1.000	1.000	1.992E-267	809
5d1m_1	5d1k_1	1.000	146	1.000	1.000	3.596E-102	319
5d1m_1	5d1l_1	1.000	146	1.000	1.000	3.596E-102	319
5d1m_1	4a49_2	1.000	146	1.000	1.000	3.596E-102	319
5d1m_1	5d1m_1	1.000	146	1.000	1.000	3.596E-102	319
5d1m_1	2fuh_1	0.972	146	1.000	1.000	1.056E-99	312
5d1m_1	6d4p_1	0.883	146	1.000	0.986	4.181E-90	284
5d1m_1	5ywr_1	0.462	147	0.986	0.980	2.764E-38	135
5d1m_1	3h8k_1	0.343	160	0.966	0.976	3.309E-30	111
5d1m_1	2uyz_1	0.339	152	1.000	0.974	1.495E-22	89
5eql_1	5eql_1	1.000	82	1.000	1.000	2.009E-50	166
5eql_1	5elu_1	0.772	85	1.000	0.934	8.193E-37	127
5gy2_1	5gy2_1	1.000	435	1.000	1.000	1.872E-295	893
5j28_1	5inb_1	1.000	285	1.000	1.000	1.168E-200	611
5j28_1	5j28_1	1.000	285	1.000	1.000	1.168E-200	611
5j28_1	5zqv_1	0.972	286	1.000	0.973	6.571E-195	594
5j28_1	3p71_2	0.473	279	0.979	0.891	8.173E-88	285
5ky0_1	5ky0_1	1.000	349	1.000	1.000	3.177E-238	723
5ky0_1	5kxh_1	0.952	349	0.994	0.997	2.442E-219	668
5ky0_1	5ky9_1	0.746	333	0.948	1.000	7.571E-144	451
1r0r_2	1r0r_2	1.000	51	1.000	1.000	5.138E-35	120
1r0r_2	3sgb_2	1.000	50	0.980	1.000	1.826E-34	118
1t0p_2	1t0p_2	1.000	86	1.000	1.000	1.552E-52	172
1to1_2	1to1_2	1.000	64	1.000	1.000	3.339E-37	127
1to1_2	1y3c_2	0.968	64	1.000	1.000	1.497E-35	122
1to1_2	1y3d_2	0.968	64	1.000	1.000	1.497E-35	122
1to1_2	1y48_2	0.968	64	1.000	1.000	1.497E-35	122
1to1_2	2sni_2	0.921	64	1.000	1.000	1.890E-34	119
1to1_2	1tm3_2	0.953	64	0.984	1.000	4.499E-33	115
1to1_2	1tm7_2	0.953	64	0.984	1.000	4.499E-33	115
1to1_2	1lw6_2	0.952	63	0.969	1.000	8.483E-33	114
1to1_2	1y4a_2	0.920	63	0.953	1.000	5.233E-31	109
1to1_2	1acb_2	0.377	61	0.938	0.968	1.711E-08	45
1vrk_2	1vrk_2	1.000	19	1.000	1.000	9.454E-08	40
5nt7_1	5nt7_1	1.000	153	1.000	1.000	3.167E-97	305
6in9_1	6in9_1	1.000	268	1.000	1.000	3.830E-178	545
6jcs_1	6jcs_1	1.000	516	1.000	1.000	0.000E+00	1096
6jcs_1	6ihb_2	0.601	503	0.975	0.961	4.590E-195	608
6n85_1	6n85_1	1.000	378	1.000	1.000	9.669E-242	735
6p7y_1	6p7y_1	1.000	430	1.000	1.000	1.557E-302	913
6p7y_1	6p7s_1	1.000	415	0.965	1.000	2.079E-292	884
1acb_2	1acb_2	1.000	63	1.000	1.000	3.247E-41	138
1acb_2	2sni_2	0.377	61	0.968	0.938	6.256E-09	46
1acb_2	1to1_2	0.377	61	0.968	0.938	2.247E-08	44
1acb_2	1y3c_2	0.360	61	0.968	0.938	1.532E-07	42
1acb_2	1y3d_2	0.360	61	0.968	0.938	1.532E-07	42
1acb_2	1y48_2	0.360	61	0.968	0.938	1.532E-07	42
1acb_2	1lw6_2	0.366	59	0.937	0.937	2.734E-06	38
1acb_2	1tm7_2	0.366	59	0.937	0.922	9.853E-06	37
1acb_2	1tm3_2	0.366	59	0.937	0.922	1.358E-05	36
1acb_2	1y4a_2	0.360	60	0.937	0.952	3.554E-05	35
2wy3_1	2wy3_1	1.000	164	1.000	1.000	6.836E-103	322
2yj1_1	2yj1_1	1.000	118	1.000	1.000	5.128E-76	242
2yj1_1	2p1l_1	0.971	106	0.873	1.000	5.568E-63	204
3bp8_1	3bp8_1	1.000	380	1.000	1.000	1.528E-248	754
3d5r_1	3d5r_1	1.000	297	1.000	1.000	2.328E-198	605
3d5r_1	3d5s_1	1.000	297	1.000	1.000	2.328E-198	605
1zc4_2	1zc4_2	1.000	113	1.000	1.000	2.231E-73	234
1zc4_2	1zc3_2	0.981	109	0.947	1.000	1.417E-68	220
4iu3_2	4iu3_2	1.000	236	1.000	1.000	1.064E-154	475
4ka2_2	4k0a_2	1.000	24	1.000	1.000	1.220E-11	51
4ka2_2	4ka2_2	1.000	24	1.000	1.000	1.220E-11	51
4m0w_2	2k8b_1	1.000	76	1.000	1.000	3.726E-46	153
4m0w_2	4msm_2	1.000	76	1.000	1.000	3.726E-46	153
4m0w_2	2k8c_1	1.000	76	1.000	1.000	3.726E-46	153
4m0w_2	2kwu_2	1.000	76	1.000	1.000	3.726E-46	153
4m0w_2	2kwv_2	1.000	76	1.000	1.000	3.726E-46	153
4m0w_2	2mbb_2	1.000	76	1.000	1.000	3.726E-46	153
4m0w_2	4pqt_2	1.000	76	1.000	1.000	3.726E-46	153
4m0w_2	5vzm_1	1.000	76	1.000	1.000	3.726E-46	153
4m0w_2	2fuh_2	1.000	76	1.000	1.000	3.726E-46	153
4m0w_2	2mcn_2	1.000	76	1.000	1.000	3.726E-46	153
4m0w_2	2jy6_1	1.000	76	1.000	1.000	3.726E-46	153
4m0w_2	1wrd_2	1.000	76	1.000	1.000	3.726E-46	153
4m0w_2	1yx5_2	1.000	76	1.000	1.000	3.726E-46	153
4m0w_2	2l0f_1	1.000	76	1.000	1.000	3.726E-46	153
4m0w_2	1yx6_2	1.000	76	1.000	1.000	3.726E-46	153
4m0w_2	2den_2	1.000	76	1.000	1.000	3.726E-46	153
4m0w_2	2l0t_1	1.000	76	1.000	1.000	3.726E-46	153
4m0w_2	2mj5_1	1.000	76	1.000	1.000	3.726E-46	153
4m0w_2	4k1r_2	1.000	76	1.000	1.000	3.726E-46	153
4m0w_2	2lvo_1	1.000	76	1.000	1.000	3.726E-46	153
4m0w_2	1q5w_2	1.000	76	1.000	1.000	3.726E-46	153
4m0w_2	2g45_2	1.000	76	1.000	1.000	3.726E-46	153
4m0w_2	4m0w_2	1.000	76	1.000	1.000	3.726E-46	153
4m0w_2	2mre_1	1.000	76	1.000	1.000	3.726E-46	153
4m0w_2	2mro_1	1.000	76	1.000	1.000	3.726E-46	153
4m0w_2	2ktf_1	1.000	76	1.000	1.000	3.726E-46	153
4m0w_2	2lz6_1	1.000	76	1.000	1.000	3.726E-46	153
4m0w_2	1zgu_2	0.986	76	1.000	1.000	9.631E-46	152
4m0w_2	2jt4_2	0.960	76	1.000	1.000	3.133E-44	148
4m0w_2	1wr1_1	0.960	76	1.000	1.000	3.133E-44	148
4m0w_2	1q0w_2	0.960	76	1.000	1.000	3.133E-44	148
4m0w_2	1otr_2	0.960	76	1.000	1.000	3.133E-44	148
4m0w_2	2c7m_2	0.842	76	1.000	1.000	7.064E-35	121
4m0w_2	6d4p_2	0.789	76	1.000	0.958	1.420E-31	111
4m0w_2	5v69_2	0.843	64	0.803	0.985	4.270E-29	104
4m0w_2	4hcp_2	0.500	76	1.000	0.945	1.894E-19	77
4m0w_2	1p9d_1	0.328	73	0.961	0.859	2.137E-08	45
4m0w_2	5tl7_1	0.301	73	0.961	0.908	9.796E-07	40
4ol0_2	4ol0_2	1.000	902	1.000	1.000	0.000E+00	1851
4qzv_2	4qzv_2	1.000	208	1.000	1.000	1.694E-143	441
4qzv_2	4kr0_2	0.576	207	0.995	0.995	4.398E-77	250
6oqq_1	6oqq_1	1.000	743	1.000	1.000	0.000E+00	1502
1b3s_2	1b3s_2	1.000	90	1.000	1.000	1.043E-56	184
1b3s_2	1b2s_2	0.977	90	1.000	1.000	1.310E-55	181
1b3s_2	1b2u_2	0.977	90	1.000	1.000	3.383E-55	180
1b3s_2	1ay7_2	0.966	90	1.000	0.989	2.066E-53	175
1b3s_2	3da7_1	0.966	89	0.989	0.989	7.321E-53	173
1b3s_2	1x1w_2	0.944	90	1.000	1.000	8.420E-51	168
1b3s_2	1x1x_2	0.943	89	0.989	1.000	2.984E-50	166
1b3s_2	1x1y_2	0.933	90	1.000	0.989	7.710E-50	165
1b3s_2	2za4_2	0.715	87	0.856	1.000	7.219E-31	110
1b3s_2	1brs_2	0.413	83	0.922	0.819	4.133E-09	48
1efn_2	1efn_2	1.000	104	1.000	1.000	5.559E-74	235
1efn_2	1avz_1	0.855	104	1.000	0.874	1.805E-58	190
1gl0_2	1gl0_2	1.000	32	1.000	1.000	4.353E-22	81
1gl0_2	2xtt_1	0.689	29	0.906	0.829	5.405E-12	53
1gl0_2	1gl1_2	0.406	32	0.969	0.970	8.963E-04	29
5otx_2	5otx_2	1.000	26	1.000	1.000	3.207E-14	59
5otx_2	2ktf_2	0.307	26	0.808	0.897	5.799E+02	13
4w6y_1	4w6y_1	1.000	141	1.000	1.000	1.683E-93	293
4y61_1	4y61_1	1.000	391	1.000	1.000	9.701E-265	802
4y61_1	5xwt_1	0.571	390	0.997	0.992	1.087E-126	403
4zgy_1	4zgy_1	1.000	383	1.000	1.000	1.032E-262	796
5b77_1	5b77_1	1.000	116	1.000	1.000	1.588E-85	269
5b77_1	5b75_1	0.957	119	0.983	1.000	3.116E-82	259
5b77_1	5b76_1	0.950	120	0.983	1.000	4.273E-82	259
5b77_1	5b78_1	0.924	119	0.966	1.000	3.250E-79	251
5b77_1	2kwo_2	0.434	114	0.983	0.885	2.845E-32	116
5b77_1	2kwj_2	0.434	114	0.983	0.877	2.845E-32	116
5b77_1	2kwk_2	0.434	114	0.983	0.877	2.845E-32	116
5d28_1	5d28_1	1.000	224	1.000	1.000	2.571E-156	479
3c4p_2	3c4p_2	1.000	165	1.000	1.000	1.891E-109	341
3c4p_2	3c4o_2	0.987	165	1.000	1.000	3.237E-108	337
3di2_2	3di2_2	1.000	185	1.000	1.000	1.943E-126	391
3di2_2	3di3_2	0.947	190	1.000	0.995	2.147E-117	365
3f1p_2	3f1p_2	1.000	110	1.000	1.000	2.893E-74	236
3f1p_2	4h6j_2	0.981	111	0.991	1.000	4.540E-72	230
3f1p_2	2a24_2	0.981	109	0.991	1.000	7.802E-71	226
3f1p_2	2a24_1	0.339	103	0.936	0.925	1.855E-16	70
3gj5_2	3gj5_2	1.000	26	1.000	1.000	3.450E-15	61
3gj5_2	3gj8_2	1.000	26	1.000	0.963	3.450E-15	61
3gj5_2	3gj6_2	0.615	26	1.000	0.962	1.058E-07	40
3gj5_2	3gj4_2	0.576	26	1.000	0.926	5.251E-07	38
3idc_2	3idc_2	1.000	114	1.000	1.000	2.048E-75	240
5lxm_1	5lxm_1	1.000	266	1.000	1.000	1.639E-180	552
5lxm_1	5g1x_1	0.538	251	0.850	1.000	7.111E-67	224
5mtj_1	5mtj_1	1.000	109	1.000	1.000	1.068E-74	237
5o90_1	5o90_1	1.000	260	1.000	1.000	1.049E-175	537
5tl7_1	5tl7_1	1.000	76	1.000	1.000	6.638E-49	161
5tl7_1	2jt4_2	0.315	73	0.908	0.961	1.052E-07	43
5tl7_1	1wr1_1	0.315	73	0.908	0.961	1.052E-07	43
5tl7_1	1q0w_2	0.315	73	0.908	0.961	1.052E-07	43
5tl7_1	1otr_2	0.315	73	0.908	0.961	1.052E-07	43
5tl7_1	1zgu_2	0.315	73	0.908	0.961	2.736E-07	42
5tl7_1	2k8b_1	0.301	73	0.908	0.961	7.121E-07	41
5tl7_1	4msm_2	0.301	73	0.908	0.961	7.121E-07	41
5tl7_1	2k8c_1	0.301	73	0.908	0.961	7.121E-07	41
5tl7_1	2kwu_2	0.301	73	0.908	0.961	7.121E-07	41
5tl7_1	2kwv_2	0.301	73	0.908	0.961	7.121E-07	41
5tl7_1	2mbb_2	0.301	73	0.908	0.961	7.121E-07	41
5tl7_1	4pqt_2	0.301	73	0.908	0.961	7.121E-07	41
5tl7_1	5vzm_1	0.301	73	0.908	0.961	7.121E-07	41
5tl7_1	2fuh_2	0.301	73	0.908	0.961	7.121E-07	41
5tl7_1	2mcn_2	0.301	73	0.908	0.961	7.121E-07	41
5tl7_1	2jy6_1	0.301	73	0.908	0.961	7.121E-07	41
5tl7_1	1wrd_2	0.301	73	0.908	0.961	7.121E-07	41
5tl7_1	1yx5_2	0.301	73	0.908	0.961	7.121E-07	41
5tl7_1	2l0f_1	0.301	73	0.908	0.961	7.121E-07	41
5tl7_1	1yx6_2	0.301	73	0.908	0.961	7.121E-07	41
5tl7_1	2den_2	0.301	73	0.908	0.961	7.121E-07	41
5tl7_1	2l0t_1	0.301	73	0.908	0.961	7.121E-07	41
5tl7_1	2mj5_1	0.301	73	0.908	0.961	7.121E-07	41
5tl7_1	4k1r_2	0.301	73	0.908	0.961	7.121E-07	41
5tl7_1	2lvo_1	0.301	73	0.908	0.961	7.121E-07	41
5tl7_1	1q5w_2	0.301	73	0.908	0.961	7.121E-07	41
5tl7_1	2g45_2	0.301	73	0.908	0.961	7.121E-07	41
5tl7_1	4m0w_2	0.301	73	0.908	0.961	7.121E-07	41
5tl7_1	2mre_1	0.301	73	0.908	0.961	7.121E-07	41
5tl7_1	2mro_1	0.301	73	0.908	0.961	7.121E-07	41
5tl7_1	2ktf_1	0.301	73	0.908	0.961	7.121E-07	41
5tl7_1	2lz6_1	0.301	73	0.908	0.961	7.121E-07	41
5uwc_1	5uwc_1	1.000	248	1.000	1.000	5.765E-179	546
3gb8_2	3gb8_2	1.000	188	1.000	1.000	5.230E-135	416
1xt9_1	1xt9_1	1.000	66	1.000	1.000	3.271E-43	144
1ydi_1	1ydi_1	1.000	251	1.000	1.000	3.477E-159	489
1ydi_1	2hsq_1	0.984	252	0.996	0.996	1.958E-153	473
1zvy_1	1zvy_1	1.000	128	1.000	1.000	2.402E-90	284
1zvy_1	6jb8_2	0.992	129	1.000	1.000	7.750E-89	279
1zvy_1	1ri8_1	0.992	129	1.000	1.000	7.750E-89	279
1zvy_1	4gla_1	0.992	129	1.000	1.000	7.750E-89	279
1zvy_1	4gn4_1	0.992	129	1.000	1.000	7.750E-89	279
1zvy_1	4cj2_1	0.992	129	1.000	1.000	7.750E-89	279
1zvy_1	6jb2_2	0.992	129	1.000	1.000	7.750E-89	279
1zvy_1	3m18_2	0.976	128	1.000	1.000	5.884E-86	271
1zvy_1	1dzb_2	0.937	129	1.000	1.000	1.263E-83	264
1zvy_1	1rjc_1	0.968	128	1.000	1.000	1.977E-81	258
1zvy_1	4i0c_1	0.600	130	1.000	1.000	4.508E-52	173
1zvy_1	1op9_1	0.600	130	1.000	1.000	4.508E-52	173
2c0l_1	2c0l_1	1.000	292	1.000	1.000	2.353E-194	593
2ftl_1	2ftl_1	1.000	222	1.000	1.000	7.040E-151	464
2ftl_1	3rdz_1	0.964	222	1.000	0.991	5.626E-142	438
2ftl_1	1c9p_1	0.828	222	1.000	1.000	1.051E-131	408
2ftl_1	1an1_1	0.828	222	1.000	1.000	1.051E-131	408
2ftl_1	1avx_1	0.700	217	0.977	0.841	1.149E-99	316
5xda_2	5xda_2	1.000	84	1.000	1.000	1.766E-51	169
5ywr_2	5ywr_2	1.000	87	1.000	1.000	4.543E-60	194
6bw9_2	6bw9_2	1.000	24	1.000	1.000	2.657E-13	56
6eg1_2	6eg1_2	1.000	295	1.000	1.000	1.656E-202	617
1rke_2	1rke_2	1.000	157	1.000	1.000	1.125E-94	298
2ftm_1	2ftm_1	1.000	223	1.000	1.000	1.901E-150	462
2ftm_1	1c9t_1	0.995	223	1.000	1.000	9.202E-150	460
2ftm_1	4aoq_1	0.995	223	1.000	1.000	9.202E-150	460
2ftm_1	1ppe_1	0.995	223	1.000	1.000	9.202E-150	460
2ftm_1	2ptc_1	0.995	223	1.000	1.000	9.202E-150	460
2ftm_1	2tgp_1	0.995	223	1.000	1.000	9.202E-150	460
2ftm_1	1g9i_1	0.995	223	1.000	1.000	9.202E-150	460
2ftm_1	2g81_1	0.995	223	1.000	1.000	9.202E-150	460
2ftm_1	6dwf_1	0.995	223	1.000	1.000	9.202E-150	460
2ftm_1	4j2y_2	0.995	223	1.000	1.000	9.202E-150	460
2ftm_1	1d6r_1	0.968	223	1.000	0.973	2.518E-143	442
2ftm_1	1smf_1	0.968	223	1.000	0.973	2.518E-143	442
2ftm_1	2uuy_1	0.968	223	1.000	0.973	2.518E-143	442
2ftm_1	2xtt_2	0.968	223	1.000	0.973	2.518E-143	442
2ftm_1	6dwh_1	0.968	223	1.000	0.973	2.518E-143	442
2ftm_1	1ldt_1	0.789	223	1.000	0.973	1.361E-120	376
2ftm_1	1eja_1	0.789	223	1.000	0.973	1.361E-120	376
2ftm_1	2ra3_1	0.717	223	1.000	0.969	2.086E-108	341
2ftm_1	3fp6_1	0.708	223	1.000	0.973	1.721E-106	336
2ftm_1	3p92_1	0.690	223	1.000	0.973	9.411E-104	328
2ftm_1	3p95_1	0.690	223	1.000	0.973	9.411E-104	328
2ftm_1	3l33_1	0.690	223	1.000	0.973	9.411E-104	328
2ftm_1	6gfi_1	0.690	223	1.000	0.973	9.411E-104	328
2ftm_1	6har_1	0.690	223	1.000	0.969	9.411E-104	328
2ftm_1	2r9p_1	0.690	223	1.000	0.969	9.411E-104	328
2ftm_1	5c67_1	0.686	223	1.000	0.973	1.458E-101	321
2ftm_1	4u30_1	0.672	223	1.000	1.000	1.458E-101	321
2ftm_1	4u32_2	0.672	223	1.000	0.996	1.458E-101	321
2ftm_1	6kbr_1	0.397	189	0.848	0.989	3.694E-36	132
2ftm_1	4ag2_1	0.334	205	0.919	0.910	1.470E-26	104
2ftm_1	4afq_1	0.326	209	0.919	0.946	2.086E-24	98
2hqw_1	2hqw_1	1.000	138	1.000	1.000	1.308E-85	271
2jt4_1	2jt4_1	1.000	71	1.000	1.000	1.294E-44	149
2jt4_1	2k6d_1	0.350	60	0.845	0.935	1.931E-05	36
2ka6_1	2ka6_1	1.000	92	1.000	1.000	1.142E-63	205
2ka6_1	2mzd_1	0.833	90	0.902	1.000	1.343E-47	158
2ka6_1	2k8f_1	0.833	90	0.902	1.000	1.343E-47	158
2ka6_1	1l8c_1	0.333	89	0.859	0.937	2.522E-06	40
2ka6_1	1r8u_2	0.320	93	0.826	0.930	5.419E-04	33
2ka6_1	2ka4_1	0.320	93	0.826	0.930	5.419E-04	33
2ka6_1	2lww_1	0.320	93	0.826	0.930	5.419E-04	33
2kwu_1	2kwu_1	1.000	36	1.000	1.000	9.474E-21	78
2kwu_1	2l0f_2	0.523	42	0.833	1.000	5.579E-09	44
6fuz_2	6fuz_2	1.000	112	1.000	1.000	2.326E-74	237
6fuz_2	6fv0_2	0.848	112	1.000	0.841	5.471E-59	192
6fuz_2	5m2j_2	0.833	114	1.000	0.991	2.657E-58	190
6fuz_2	6h16_2	0.717	117	1.000	0.992	1.135E-45	154
6fuz_2	5imk_1	0.691	123	1.000	1.000	2.136E-45	153
6fuz_2	5imm_1	0.685	124	1.000	1.000	2.931E-45	153
6fuz_2	6her_2	0.680	122	1.000	0.992	4.020E-45	153
6fuz_2	3zkq_2	0.705	112	1.000	0.841	5.515E-45	152
6fuz_2	6j7w_1	0.717	115	1.000	0.991	5.515E-45	152
6fuz_2	1op9_2	0.636	118	1.000	1.000	1.634E-42	145
6fuz_2	4w6y_2	0.669	112	1.000	0.964	2.242E-42	145
6fuz_2	5omn_2	0.687	112	1.000	0.991	4.219E-42	144
6fuz_2	1g6v_2	0.650	124	1.000	0.992	5.788E-42	143
6fuz_2	4w6x_2	0.617	123	1.000	0.992	1.089E-41	143
6fuz_2	2p49_2	0.633	120	1.000	0.992	2.813E-41	141
6fuz_2	5u4m_2	0.624	125	1.000	0.992	5.295E-41	141
6fuz_2	5lhn_2	0.589	134	1.000	0.993	1.876E-40	139
6fuz_2	2p4a_2	0.621	119	1.000	0.992	6.644E-40	138
6fuz_2	4eig_2	0.652	114	1.000	0.991	9.115E-40	137
6fuz_2	3qsk_2	0.630	119	1.000	0.992	1.251E-39	137
6fuz_2	4i0c_2	0.609	126	1.000	1.000	2.153E-38	133
6fuz_2	4hep_2	0.589	129	1.000	1.000	1.436E-37	131
6fuz_2	4ksd_2	0.625	112	1.000	0.805	1.970E-37	130
6fuz_2	4wen_2	0.633	119	1.000	0.992	1.970E-37	130
6fuz_2	5jds_1	0.625	112	1.000	0.827	6.978E-37	129
6fuz_2	3eba_1	0.595	112	1.000	0.924	9.574E-37	128
6fuz_2	4w6w_2	0.600	124	1.000	1.000	4.653E-36	126
6fuz_2	6cwg_2	0.619	111	0.991	0.811	1.202E-35	125
6fuz_2	4wem_2	0.600	119	1.000	0.992	2.839E-34	121
6fuz_2	6jb2_1	0.576	125	1.000	0.992	1.006E-33	120
6fuz_2	4z9k_2	0.580	112	1.000	0.906	2.377E-32	116
6fuz_2	1zvh_2	0.588	102	0.830	0.836	2.377E-32	116
6fuz_2	5l21_2	0.553	118	1.000	0.992	3.261E-32	115
6fuz_2	4x7e_2	0.636	97	0.830	0.815	4.474E-32	115
6fuz_2	1ri8_2	0.571	112	1.000	0.839	2.984E-31	113
6fuz_2	4pou_2	0.571	105	0.830	0.875	4.093E-31	112
6fuz_2	5ip4_1	0.522	112	1.000	0.853	1.394E-26	99
6fuz_2	5o2u_2	0.553	112	1.000	0.817	1.913E-26	99
6fuz_2	5j57_2	0.504	115	0.812	0.927	8.506E-25	94
6fuz_2	4x7f_2	0.517	112	1.000	0.841	8.161E-21	83
6fuz_2	2ij0_2	0.330	97	0.812	0.822	1.278E-08	48
6har_2	6har_2	1.000	54	1.000	1.000	6.123E-39	131
6har_2	1zjd_2	0.944	54	1.000	0.947	3.185E-35	121
6har_2	5c67_2	0.962	53	0.981	1.000	4.373E-35	120
6har_2	6gfi_2	0.943	53	0.981	0.946	2.134E-34	118
6har_2	1yc0_2	0.471	53	0.981	0.803	1.145E-14	62
6har_2	4u32_1	0.452	53	0.981	0.981	2.165E-14	61
6har_2	3p92_2	0.452	53	0.981	0.914	2.018E-13	58
6har_2	3p95_2	0.452	53	0.981	0.914	2.018E-13	58
6har_2	1f5r_2	0.433	53	0.981	0.930	5.254E-13	57
6har_2	2ftl_2	0.433	53	0.981	0.914	5.254E-13	57
6har_2	2ptc_2	0.433	53	0.981	0.914	5.254E-13	57
6har_2	2tgp_2	0.433	53	0.981	0.914	5.254E-13	57
6har_2	3fp6_2	0.433	53	0.981	0.914	5.254E-13	57
6har_2	2r9p_2	0.433	53	0.981	0.914	5.254E-13	57
6har_2	4u30_2	0.511	45	0.833	0.833	9.945E-13	56
6har_2	2ra3_2	0.450	51	0.944	0.911	9.945E-13	56
6har_2	1f7z_2	0.450	51	0.944	0.911	9.945E-13	56
6har_2	1fy8_2	0.450	51	0.944	0.911	9.945E-13	56
6har_2	1eaw_2	0.450	51	0.944	0.911	9.945E-13	56
6har_2	3tgk_2	0.450	51	0.944	0.911	9.945E-13	56
6har_2	6bx8_2	0.458	48	0.889	0.902	6.750E-12	54
6har_2	2ftm_2	0.415	53	0.981	0.914	1.278E-11	53
6har_2	1zr0_2	0.470	51	0.944	0.810	1.759E-11	53
6iua_2	6iua_2	1.000	22	1.000	1.000	3.387E-09	44
6iua_2	6iu7_2	0.954	22	1.000	1.000	2.305E-08	42
6k4k_2	6k4k_2	1.000	12	1.000	1.000	4.528E-04	29
2leh_2	2leh_2	1.000	26	1.000	1.000	2.986E-13	56
3cx8_2	3cx7_2	1.000	176	1.000	1.000	1.446E-114	356
3cx8_2	3cx8_2	1.000	176	1.000	1.000	1.446E-114	356
3e2l_2	3e2l_2	1.000	164	1.000	1.000	1.314E-109	341
3e2l_2	2g2w_2	1.000	164	1.000	1.000	1.314E-109	341
3e2l_2	3n4i_2	0.824	151	0.921	0.909	9.603E-83	264
3e2l_2	2g2u_2	0.824	151	0.921	0.909	9.603E-83	264
3g9v_2	3g9v_2	1.000	130	1.000	1.000	4.922E-83	263
3h8k_2	3h8k_2	1.000	28	1.000	1.000	2.436E-13	56
3kj1_2	3kj1_2	1.000	22	1.000	1.000	4.161E-12	52
3kj1_2	3kj2_2	0.909	22	1.000	1.000	3.622E-10	47
3kj1_2	3kj0_2	0.913	23	1.000	1.000	9.439E-10	46
3kj1_2	2wh6_2	0.772	22	1.000	0.818	1.073E-06	37
3kj1_2	5vmo_2	0.619	21	0.955	0.833	6.283E-03	26
3kj1_2	2m04_2	0.434	23	0.909	0.920	8.342E-02	23
3kj1_2	1g5j_2	0.434	23	0.864	0.920	1.595E-01	22
5xbf_1	5xbf_1	1.000	455	1.000	1.000	2.157E-316	955
5xbf_1	5mv9_1	0.467	432	0.949	0.802	6.280E-113	366
5yqz_1	5yqz_1	1.000	401	1.000	1.000	1.547E-290	877
6ba6_1	6ba6_1	1.000	86	1.000	1.000	5.224E-55	179
6e3j_1	6e3i_1	1.000	151	1.000	1.000	4.578E-102	319
6e3j_1	6e3j_1	1.000	151	1.000	1.000	4.578E-102	319
6e3j_1	5uul_1	1.000	151	1.000	1.000	4.578E-102	319
2fu5_2	2fu5_2	1.000	146	1.000	1.000	6.644E-95	298
3qhy_1	3qhy_1	1.000	258	1.000	1.000	2.297E-171	525
3qhy_1	5npo_1	0.338	260	0.981	0.989	2.400E-38	140
3qhy_1	1jtd_1	0.342	259	0.981	0.989	3.939E-37	137
3qhy_1	3c4p_1	0.320	256	0.981	0.966	7.334E-37	136
3qhy_1	3n4i_1	0.320	256	0.981	0.966	7.334E-37	136
3qhy_1	2g2u_1	0.320	256	0.981	0.966	7.334E-37	136
3qhy_1	2g2w_1	0.320	256	0.981	0.966	7.334E-37	136
3sjh_1	3u8x_1	1.000	357	1.000	1.000	5.472E-243	737
3sjh_1	3u9d_1	1.000	357	1.000	1.000	5.472E-243	737
3sjh_1	3sjh_1	1.000	357	1.000	1.000	5.472E-243	737
3sjh_1	1t44_2	0.977	354	0.992	0.989	1.713E-231	704
3sjh_1	4b1y_1	0.961	360	0.989	0.989	2.347E-231	704
3sjh_1	3u9z_1	0.952	357	1.000	0.952	2.464E-225	686
3sjh_1	4b1x_1	0.943	355	0.994	0.950	2.290E-221	675
3sjh_1	1h1v_1	0.938	356	0.997	0.989	1.133E-217	664
3sjh_1	2v51_1	0.902	355	0.994	1.000	5.474E-217	662
3sjh_1	4b1v_1	0.887	353	0.989	0.941	9.064E-206	630
3sjh_1	2v52_1	0.880	353	0.989	0.939	1.702E-205	629
3sjh_1	2btf_1	0.731	357	1.000	0.952	9.733E-181	557
3u9z_1	3u9z_1	1.000	357	1.000	1.000	1.028E-242	736
3u9z_1	4b1x_1	0.961	357	1.000	0.978	2.405E-228	695
3u9z_1	3u8x_1	0.952	357	0.952	1.000	3.376E-225	686
3u9z_1	3u9d_1	0.952	357	0.952	1.000	3.376E-225	686
3u9z_1	3sjh_1	0.952	357	0.952	1.000	3.376E-225	686
3u9z_1	1t44_2	0.946	354	0.944	0.989	4.739E-222	677
3u9z_1	4b1y_1	0.932	357	1.000	0.920	1.004E-219	670
3u9z_1	2v52_1	0.870	357	1.000	0.978	4.612E-212	648
3u9z_1	4b1v_1	0.872	357	1.000	0.978	1.626E-211	646
3u9z_1	2v51_1	0.869	350	0.947	1.000	5.321E-207	633
3u9z_1	1h1v_1	0.904	353	0.950	0.989	3.195E-205	628
3u9z_1	2btf_1	0.714	368	0.997	0.987	1.074E-181	560
3vyr_1	3vyr_1	1.000	72	1.000	1.000	5.265E-45	150
3zuv_1	3zuv_1	1.000	356	1.000	1.000	4.196E-244	740
3zuv_1	3tg1_1	0.435	355	0.997	0.966	6.695E-86	283
2mfq_1	2mfq_1	1.000	115	1.000	1.000	6.656E-77	244
2mfq_1	1xr0_2	0.825	126	0.904	0.977	5.277E-64	207
2nqd_1	2nqd_1	1.000	109	1.000	1.000	1.068E-74	237
2nqd_1	2oul_2	0.972	109	1.000	0.991	2.630E-70	225
2p42_1	2p4a_1	1.000	124	1.000	1.000	3.063E-81	257
2p42_1	1dfj_1	1.000	124	1.000	1.000	3.063E-81	257
2p42_1	2p42_1	1.000	124	1.000	1.000	3.063E-81	257
2p42_1	2p43_1	1.000	124	1.000	1.000	3.063E-81	257
2p42_1	2p45_1	1.000	124	1.000	1.000	3.063E-81	257
2p42_1	2p48_1	1.000	124	1.000	1.000	3.063E-81	257
2p42_1	2p49_1	1.000	103	0.831	0.866	6.810E-69	222
2p42_1	3qsk_1	1.000	103	0.831	0.866	6.810E-69	222
2p42_1	2p47_1	0.886	123	0.992	0.886	7.783E-67	216
2px9_1	2px9_1	1.000	217	1.000	1.000	3.142E-145	447
3f1p_1	3f1p_1	1.000	114	1.000	1.000	5.062E-78	247
4l67_2	4l67_2	1.000	7	1.000	1.000	4.249E-01	19
4nu1_2	4nu1_2	1.000	242	1.000	1.000	8.332E-166	508
4nu1_2	4nm3_2	0.983	243	1.000	0.996	7.091E-161	494
4pw9_2	4pw9_2	1.000	83	1.000	1.000	4.740E-52	171
4u4c_2	4u4c_2	1.000	5	1.000	1.000	9.345E+00	15
4x7s_2	4x7s_2	1.000	218	1.000	1.000	7.018E-143	440
2noj_1	2noj_1	1.000	228	1.000	1.000	1.322E-147	454
2p1l_1	2p1l_1	1.000	106	1.000	1.000	3.566E-68	218
2p1l_1	2yj1_1	0.971	106	1.000	0.873	4.276E-63	204
2ptt_1	2ptt_1	1.000	70	1.000	1.000	1.066E-46	154
2sic_1	2sic_1	1.000	275	1.000	1.000	3.294E-173	531
2sic_1	1y4a_1	1.000	275	1.000	1.000	3.294E-173	531
2sic_1	2sni_1	0.996	275	1.000	1.000	8.480E-173	530
2sic_1	1y1k_1	0.985	275	1.000	0.964	7.912E-169	518
2sic_1	1y33_1	0.985	275	1.000	0.964	7.912E-169	518
2sic_1	1y34_1	0.985	275	1.000	0.964	7.912E-169	518
2sic_1	1y3b_1	0.985	275	1.000	0.964	7.912E-169	518
2sic_1	1y3c_1	0.985	275	1.000	0.964	7.912E-169	518
2sic_1	1tm1_1	0.985	275	1.000	0.964	7.912E-169	518
2sic_1	1y3d_1	0.985	275	1.000	0.964	7.912E-169	518
2sic_1	1tm3_1	0.985	275	1.000	0.964	7.912E-169	518
2sic_1	1y48_1	0.985	275	1.000	0.964	7.912E-169	518
2sic_1	1tm4_1	0.985	275	1.000	0.964	7.912E-169	518
2sic_1	1tm5_1	0.985	275	1.000	0.964	7.912E-169	518
2sic_1	1tm7_1	0.985	275	1.000	0.964	7.912E-169	518
2sic_1	1to1_1	0.985	275	1.000	0.964	7.912E-169	518
2sic_1	1r0r_1	0.694	275	1.000	0.993	1.692E-111	353
2sic_1	4gi3_1	0.690	275	1.000	0.993	3.175E-111	352
2sic_1	3vv2_1	0.395	315	0.967	0.984	5.294E-50	175
2sic_1	2z58_1	0.442	256	0.818	0.924	3.444E-49	173
4zgm_1	4zgm_1	1.000	100	1.000	1.000	3.038E-73	233
4zgm_1	5otx_1	1.000	100	1.000	1.000	3.038E-73	233
4zgm_1	3iol_1	0.980	100	1.000	0.980	1.690E-70	225
4zgm_1	3c59_1	0.980	100	1.000	0.951	1.690E-70	225
4zgm_1	3c5t_1	0.980	100	1.000	0.942	1.690E-70	225
5wrv_1	5wrv_1	1.000	23	1.000	1.000	4.415E-12	52
5xwt_1	5xwt_1	1.000	382	1.000	1.000	3.646E-256	777
6atk_1	6atk_1	1.000	892	1.000	1.000	0.000E+00	1847
6dwf_1	1c9t_1	1.000	223	1.000	1.000	4.897E-150	461
6dwf_1	4aoq_1	1.000	223	1.000	1.000	4.897E-150	461
6dwf_1	1ppe_1	1.000	223	1.000	1.000	4.897E-150	461
6dwf_1	2ptc_1	1.000	223	1.000	1.000	4.897E-150	461
6dwf_1	2tgp_1	1.000	223	1.000	1.000	4.897E-150	461
6dwf_1	1g9i_1	1.000	223	1.000	1.000	4.897E-150	461
6dwf_1	2g81_1	1.000	223	1.000	1.000	4.897E-150	461
6dwf_1	6dwf_1	1.000	223	1.000	1.000	4.897E-150	461
6dwf_1	4j2y_2	1.000	223	1.000	1.000	4.897E-150	461
6dwf_1	2ftm_1	0.995	223	1.000	1.000	2.370E-149	459
6dwf_1	1d6r_1	0.973	223	1.000	0.973	1.340E-143	443
6dwf_1	1smf_1	0.973	223	1.000	0.973	1.340E-143	443
6dwf_1	2uuy_1	0.973	223	1.000	0.973	1.340E-143	443
6dwf_1	2xtt_2	0.973	223	1.000	0.973	1.340E-143	443
6dwf_1	6dwh_1	0.973	223	1.000	0.973	1.340E-143	443
6dwf_1	1ldt_1	0.793	223	1.000	0.973	7.246E-121	377
6dwf_1	1eja_1	0.793	223	1.000	0.973	7.246E-121	377
6dwf_1	2ra3_1	0.721	223	1.000	0.969	1.110E-108	342
6dwf_1	3fp6_1	0.713	223	1.000	0.973	9.163E-107	336
6dwf_1	3p92_1	0.695	223	1.000	0.973	5.010E-104	329
6dwf_1	3p95_1	0.695	223	1.000	0.973	5.010E-104	329
6dwf_1	3l33_1	0.695	223	1.000	0.973	5.010E-104	329
6dwf_1	6gfi_1	0.695	223	1.000	0.973	5.010E-104	329
6dwf_1	6har_1	0.695	223	1.000	0.969	5.010E-104	329
6dwf_1	2r9p_1	0.695	223	1.000	0.969	5.010E-104	329
6dwf_1	5c67_1	0.690	223	1.000	0.973	7.762E-102	322
6dwf_1	4u30_1	0.676	223	1.000	1.000	7.762E-102	322
6dwf_1	4u32_2	0.676	223	1.000	0.996	7.762E-102	322
6dwf_1	6kbr_1	0.397	189	0.848	0.989	6.898E-36	132
6dwf_1	4ag2_1	0.334	205	0.919	0.910	2.733E-26	104
6dwf_1	4afq_1	0.326	209	0.919	0.946	3.872E-24	97
6ff3_1	6ff3_1	1.000	172	1.000	1.000	4.325E-121	375
3h2u_1	3h2u_1	1.000	174	1.000	1.000	1.457E-105	330
3kbt_1	3kbt_1	1.000	284	1.000	1.000	1.799E-182	558
3m63_1	3m63_1	1.000	947	1.000	1.000	0.000E+00	1884
3o43_1	3o43_1	1.000	198	1.000	1.000	3.283E-125	388
3o43_1	3o40_1	0.989	198	1.000	0.995	6.369E-122	379
3rdz_1	3rdz_1	1.000	220	1.000	1.000	2.260E-150	462
3rdz_1	2ftl_1	0.964	222	0.991	1.000	1.987E-142	439
3rdz_1	1c9p_1	0.794	222	0.991	1.000	2.963E-123	384
3rdz_1	1an1_1	0.794	222	0.991	1.000	2.963E-123	384
3rdz_1	1avx_1	0.714	214	0.973	0.846	6.152E-101	319
2kwi_1	2kwi_1	1.000	178	1.000	1.000	1.498E-110	345
2kwi_1	2a78_1	0.820	150	0.843	0.993	7.128E-73	236
2kwi_1	2a9k_1	0.820	150	0.843	0.993	7.128E-73	236
2kwi_1	3kud_1	0.521	165	0.927	0.982	3.113E-48	165
2kwi_1	1wq1_1	0.521	165	0.927	0.976	3.113E-48	165
2kwi_1	3ddc_1	0.527	165	0.927	0.976	3.113E-48	165
2kwi_1	5e95_2	0.521	165	0.927	0.976	3.113E-48	165
2kwi_1	6h46_1	0.521	165	0.927	0.976	1.503E-47	163
2kwi_1	1gua_1	0.487	165	0.927	0.976	9.009E-46	158
2kwi_1	3kuc_1	0.487	165	0.927	0.976	9.009E-46	158
2kwi_1	6ba6_2	0.481	165	0.927	0.976	1.118E-44	155
2kwi_1	4dxa_1	0.481	165	0.927	0.982	1.532E-44	154
2kwi_1	5o2t_1	0.503	145	0.815	0.993	2.131E-41	145
2kwi_1	5ufe_1	0.510	145	0.815	0.904	5.476E-41	144
2kwi_1	4ojk_1	0.371	166	0.921	0.971	2.069E-23	93
2kwi_1	4g01_2	0.333	164	0.921	0.994	9.859E-23	91
2kwi_1	3tkl_1	0.317	168	0.916	0.982	2.515E-22	90
2kwi_1	4c4p_1	0.367	166	0.904	0.994	1.635E-21	88
2kwi_1	4qxa_1	0.337	150	0.843	0.987	1.542E-18	79
2kwi_1	5fr2_1	0.340	169	0.910	0.904	9.944E-18	77
2kwi_1	2rmk_1	0.302	169	0.949	0.865	4.105E-16	72
2leh_1	2leh_1	1.000	189	1.000	1.000	3.542E-127	393
2m0g_1	2m0g_1	1.000	145	1.000	1.000	1.791E-95	299
2mws_1	2mws_1	1.000	75	1.000	1.000	9.160E-46	152
2omy_1	2omy_1	1.000	450	1.000	1.000	6.858E-285	863
2omy_1	2omv_1	0.995	450	1.000	1.000	1.988E-282	856
2omy_1	2omx_1	0.971	462	1.000	1.000	2.525E-278	844
2omy_1	2omz_1	0.969	461	1.000	0.989	6.495E-278	843
5j8h_2	5j8h_2	1.000	27	1.000	1.000	2.860E-16	64
5ky9_2	5ky9_2	1.000	32	1.000	1.000	1.045E-20	78
5ma6_2	5ma6_2	1.000	159	1.000	1.000	3.926E-103	322
5ma6_2	6fp7_2	0.878	157	0.987	0.957	1.721E-84	269
5ma6_2	4k5a_2	0.848	158	0.987	0.981	1.080E-79	255
5ma6_2	3zu7_2	0.825	155	0.975	0.987	1.397E-75	243
5ma6_2	6h46_2	0.851	141	0.887	0.993	4.242E-70	227
5ma6_2	6ne4_1	0.477	155	0.893	0.876	9.910E-39	137
5ma6_2	6ne1_2	0.479	148	0.931	0.934	9.181E-35	125
5nus_2	5nus_2	1.000	74	1.000	1.000	2.863E-55	179
4qlb_2	4qlb_2	1.000	34	1.000	1.000	4.163E-20	76
4ds8_1	4ds8_1	1.000	184	1.000	1.000	5.636E-111	346
4f9p_1	4f9p_1	1.000	237	1.000	1.000	6.668E-143	441
4h3p_1	4h3p_1	1.000	279	1.000	1.000	1.976E-192	587
4ika_1	4ika_1	1.000	456	1.000	1.000	4.245E-316	954
4k1r_1	4k1r_1	1.000	189	1.000	1.000	1.824E-130	403
4k1r_1	4pqt_1	0.983	187	0.989	1.000	5.515E-125	387
2qc1_1	2qc1_1	1.000	74	1.000	1.000	3.019E-52	171
2qc1_1	1mah_2	0.432	63	0.851	0.934	4.146E-05	36
2uuy_1	1d6r_1	1.000	223	1.000	1.000	3.573E-150	462
2uuy_1	1smf_1	1.000	223	1.000	1.000	3.573E-150	462
2uuy_1	2uuy_1	1.000	223	1.000	1.000	3.573E-150	462
2uuy_1	2xtt_2	1.000	223	1.000	1.000	3.573E-150	462
2uuy_1	6dwh_1	1.000	223	1.000	1.000	3.573E-150	462
2uuy_1	1c9t_1	0.973	223	0.973	1.000	1.340E-143	443
2uuy_1	4aoq_1	0.973	223	0.973	1.000	1.340E-143	443
2uuy_1	1ppe_1	0.973	223	0.973	1.000	1.340E-143	443
2uuy_1	2ptc_1	0.973	223	0.973	1.000	1.340E-143	443
2uuy_1	2tgp_1	0.973	223	0.973	1.000	1.340E-143	443
2uuy_1	1g9i_1	0.973	223	0.973	1.000	1.340E-143	443
2uuy_1	2g81_1	0.973	223	0.973	1.000	1.340E-143	443
2uuy_1	6dwf_1	0.973	223	0.973	1.000	1.340E-143	443
2uuy_1	4j2y_2	0.973	223	0.973	1.000	1.340E-143	443
2uuy_1	2ftm_1	0.968	223	0.973	1.000	6.486E-143	441
2uuy_1	1ldt_1	0.820	223	1.000	1.000	1.938E-127	396
2uuy_1	1eja_1	0.820	223	1.000	1.000	1.938E-127	396
2uuy_1	3fp6_1	0.739	223	1.000	1.000	2.459E-113	355
2uuy_1	2ra3_1	0.741	224	1.000	1.000	4.619E-113	355
2uuy_1	3p92_1	0.721	223	1.000	1.000	1.844E-110	347
2uuy_1	3p95_1	0.721	223	1.000	1.000	1.844E-110	347
2uuy_1	3l33_1	0.721	223	1.000	1.000	1.844E-110	347
2uuy_1	6gfi_1	0.721	223	1.000	1.000	1.844E-110	347
2uuy_1	6har_1	0.718	224	1.000	1.000	5.911E-109	343
2uuy_1	2r9p_1	0.718	224	1.000	1.000	5.911E-109	343
2uuy_1	5c67_1	0.717	223	1.000	1.000	2.859E-108	341
2uuy_1	4u32_2	0.691	224	0.978	1.000	5.010E-104	329
2uuy_1	4u30_1	0.695	223	0.973	1.000	6.867E-104	328
2uuy_1	6kbr_1	0.397	189	0.848	0.989	6.898E-36	132
2uuy_1	4ag2_1	0.343	206	0.906	0.924	7.508E-29	111
2uuy_1	4afq_1	0.334	209	0.892	0.946	2.733E-26	104
2vlo_1	2vlo_1	1.000	90	1.000	1.000	3.218E-58	189
2vlo_1	2vln_1	0.875	88	0.978	0.962	3.320E-44	149
2vlo_1	2vlq_1	0.822	90	1.000	0.881	5.251E-42	142
2vlo_1	1emv_1	0.800	90	1.000	0.923	3.216E-40	137
2vlo_1	3u43_1	0.692	91	1.000	0.989	1.046E-38	133
2wo3_1	2wo3_1	1.000	176	1.000	1.000	8.167E-119	368
2wo3_1	2wo2_1	0.988	178	1.000	1.000	3.602E-117	364
2wo3_1	4l0p_1	0.727	176	1.000	1.000	2.151E-88	281
5lrw_1	5lrw_1	1.000	242	1.000	1.000	6.831E-154	473
2d10_2	2d10_2	1.000	12	1.000	1.000	1.265E-04	30
2fyl_2	2fyl_2	1.000	50	1.000	1.000	9.750E-28	99
2hth_2	2hth_2	1.000	76	1.000	1.000	3.525E-49	162
2jy6_2	2jy6_2	1.000	51	1.000	1.000	2.101E-28	101
2jy6_2	1wr1_2	0.351	54	0.941	0.931	1.383E-04	33
2jy6_2	2mro_2	0.340	50	0.980	0.909	3.212E+02	15
2kgx_2	2kgx_2	1.000	91	1.000	1.000	1.096E-56	184
2ptt_2	2ptt_2	1.000	108	1.000	1.000	5.647E-72	229
2sic_2	2sic_2	1.000	107	1.000	1.000	2.495E-67	216
2ve7_2	2ve7_2	1.000	219	1.000	1.000	2.155E-150	462
2wh6_2	2wh6_2	1.000	22	1.000	1.000	4.161E-12	52
2wh6_2	3kj1_2	0.772	22	0.818	1.000	1.478E-06	36
2wh6_2	3kj0_2	0.739	23	0.818	1.000	2.036E-06	36
2wh6_2	3kj2_2	0.772	22	0.818	1.000	5.325E-06	35
2wh6_2	5vmo_2	0.571	21	0.818	0.875	1.198E-02	25
2p46_2	2p46_2	1.000	116	1.000	1.000	9.186E-80	252
2p46_2	2p47_2	1.000	116	1.000	1.000	9.186E-80	252
2p46_2	2p48_2	1.000	116	1.000	1.000	9.186E-80	252
2p46_2	2p45_2	0.991	116	1.000	1.000	1.050E-77	246
2p46_2	2p44_2	0.806	114	0.974	0.983	4.620E-62	201
2p46_2	2p43_2	0.682	118	0.914	1.000	6.944E-49	164
2p46_2	2p42_2	0.674	117	0.914	1.000	7.958E-47	158
4xxw_2	4xxw_2	1.000	204	1.000	1.000	1.123E-134	416
4xxw_2	4aqe_1	0.990	205	1.000	0.995	1.747E-132	409
4zgm_2	4zgm_2	1.000	28	1.000	1.000	5.319E-15	61
5b75_2	5b75_2	1.000	13	1.000	1.000	8.607E-03	25
5d1l_2	5d1l_2	1.000	111	1.000	1.000	2.534E-72	231
5eo9_2	5eo9_2	1.000	202	1.000	1.000	2.319E-136	421
3cqx_2	3cqx_2	1.000	81	1.000	1.000	2.403E-49	163
3dxe_2	3dxe_2	1.000	27	1.000	1.000	6.908E-15	61
3dxe_2	3dxc_2	0.923	26	0.926	1.000	2.001E-11	51
3dxe_2	3dxd_2	0.923	26	0.926	1.000	2.754E-11	50
3fp6_2	2ftl_2	1.000	58	1.000	1.000	6.500E-41	137
3fp6_2	2ptc_2	1.000	58	1.000	1.000	6.500E-41	137
3fp6_2	2tgp_2	1.000	58	1.000	1.000	6.500E-41	137
3fp6_2	3fp6_2	1.000	58	1.000	1.000	6.500E-41	137
3fp6_2	2r9p_2	1.000	58	1.000	1.000	6.500E-41	137
3fp6_2	1f5r_2	1.000	57	0.983	1.000	2.308E-40	136
3fp6_2	3p92_2	0.965	58	1.000	1.000	1.544E-39	133
3fp6_2	3p95_2	0.965	58	1.000	1.000	1.544E-39	133
3fp6_2	2ftm_2	0.982	58	1.000	1.000	1.544E-39	133
3fp6_2	2ra3_2	0.982	56	0.948	1.000	3.374E-37	126
3fp6_2	1f7z_2	0.982	56	0.948	1.000	3.374E-37	126
3fp6_2	1fy8_2	0.982	56	0.948	1.000	3.374E-37	126
3fp6_2	1eaw_2	0.982	56	0.948	1.000	3.374E-37	126
3fp6_2	3tgk_2	0.982	56	0.948	1.000	3.374E-37	126
3fp6_2	4u32_1	0.452	53	0.914	0.981	2.072E-15	64
3fp6_2	6gfi_2	0.452	53	0.914	0.946	3.918E-15	63
3fp6_2	5c67_2	0.452	53	0.914	1.000	7.409E-15	63
3fp6_2	1zjd_2	0.452	53	0.914	0.930	7.409E-15	63
3fp6_2	6har_2	0.433	53	0.914	0.981	5.014E-14	60
3fp6_2	1zr0_2	0.423	52	0.897	0.825	6.426E-13	57
3fp6_2	1yc0_2	0.358	53	0.914	0.803	1.673E-12	56
3fp6_2	4u30_2	0.395	48	0.828	0.889	4.916E-09	46
3gxu_2	3gxu_2	1.000	137	1.000	1.000	6.468E-96	300
4zgy_2	4zgy_2	1.000	123	1.000	1.000	1.942E-80	255
3blh_1	3blh_1	1.000	291	1.000	1.000	5.624E-197	601
3cx7_1	3cx7_1	1.000	302	1.000	1.000	3.073E-205	625
3cx7_1	3cx8_1	1.000	302	1.000	1.000	3.073E-205	625
3cx7_1	3cx6_1	0.986	296	0.980	0.987	5.676E-195	595
3cx7_1	4ekc_1	0.408	299	0.990	0.861	4.075E-72	241
3cx7_1	4ekd_1	0.408	299	0.990	0.855	1.427E-71	239
3e2k_1	3e2k_1	1.000	261	1.000	1.000	3.627E-171	524
3g7a_1	3g7a_1	1.000	36	1.000	1.000	1.537E-18	72
3h3g_1	3h3g_1	1.000	126	1.000	1.000	2.870E-93	292
3reb_1	3reb_1	1.000	43	1.000	1.000	1.272E-27	98
3tu3_1	3tu3_1	1.000	111	1.000	1.000	3.175E-71	228
3uzq_1	3uzq_1	1.000	234	1.000	1.000	4.013E-159	488
3uzq_1	3uze_2	0.965	234	1.000	0.996	2.568E-151	466
3uzq_1	3uzv_2	0.961	234	1.000	0.991	7.491E-149	458
3uzq_1	3uyp_2	0.961	233	0.996	1.000	2.644E-148	457
3uzq_1	5aaw_1	0.690	226	0.893	0.991	3.528E-105	332
3uzq_1	5aam_1	0.690	225	0.893	0.991	6.626E-105	332
3uzq_1	1dzb_1	0.575	232	0.991	0.991	7.583E-87	280
3uzq_1	5dfw_2	0.470	222	0.902	1.000	3.659E-64	214
3uzq_1	6ejm_2	0.455	234	1.000	0.912	4.542E-60	202
3uzq_1	6cbp_2	0.423	231	0.974	0.983	1.592E-53	183
3uzq_1	6oan_2	0.437	228	0.974	0.974	6.170E-51	176
3uzq_1	6qb3_2	0.334	227	0.897	0.996	6.104E-37	135
3uzq_1	4x7s_1	0.312	193	0.821	0.919	2.135E-22	93
3uzq_1	6i07_1	0.334	200	0.808	0.877	2.904E-22	92
3zet_1	3zet_1	1.000	226	1.000	1.000	1.813E-148	457
4rey_1	4rey_1	1.000	196	1.000	1.000	3.380E-133	411
4rey_1	5h3j_1	0.687	195	0.995	0.964	2.709E-94	299
4w6x_1	4w6x_1	1.000	142	1.000	1.000	3.995E-95	298
4w6x_1	4w6w_1	0.485	141	0.951	1.000	3.503E-39	137
4y5o_1	4y5o_1	1.000	78	1.000	1.000	1.382E-48	160
4zgq_1	4zgq_1	1.000	272	1.000	1.000	8.792E-188	573
5b76_1	5b76_1	1.000	120	1.000	1.000	2.032E-89	280
5b76_1	5b75_1	0.991	120	1.000	1.000	2.321E-87	274
5b76_1	5b78_1	0.974	119	0.983	1.000	3.635E-85	268
5b76_1	5b77_1	0.950	120	1.000	0.983	1.071E-82	261
5b76_1	2kwo_2	0.423	117	0.975	0.858	8.770E-32	115
5b76_1	2kwj_2	0.423	117	0.975	0.851	8.770E-32	115
5b76_1	2kwk_2	0.423	117	0.975	0.851	8.770E-32	115
1to1_1	1y1k_1	1.000	281	1.000	1.000	3.755E-178	546
1to1_1	1y33_1	1.000	281	1.000	1.000	3.755E-178	546
1to1_1	1y34_1	1.000	281	1.000	1.000	3.755E-178	546
1to1_1	1y3b_1	1.000	281	1.000	1.000	3.755E-178	546
1to1_1	1y3c_1	1.000	281	1.000	1.000	3.755E-178	546
1to1_1	1tm1_1	1.000	281	1.000	1.000	3.755E-178	546
1to1_1	1y3d_1	1.000	281	1.000	1.000	3.755E-178	546
1to1_1	1tm3_1	1.000	281	1.000	1.000	3.755E-178	546
1to1_1	1y48_1	1.000	281	1.000	1.000	3.755E-178	546
1to1_1	1tm4_1	1.000	281	1.000	1.000	3.755E-178	546
1to1_1	1tm5_1	1.000	281	1.000	1.000	3.755E-178	546
1to1_1	1tm7_1	1.000	281	1.000	1.000	3.755E-178	546
1to1_1	1to1_1	1.000	281	1.000	1.000	3.755E-178	546
1to1_1	2sic_1	0.985	275	0.964	1.000	7.637E-169	519
1to1_1	1y4a_1	0.985	275	0.964	1.000	7.637E-169	519
1to1_1	2sni_1	0.981	275	0.964	1.000	1.966E-168	518
1to1_1	1r0r_1	0.697	273	0.968	0.996	4.563E-112	355
1to1_1	4gi3_1	0.693	273	0.968	0.996	8.564E-112	354
1to1_1	3vv2_1	0.392	315	0.932	0.984	2.280E-49	173
1vrk_1	1vrk_1	1.000	148	1.000	1.000	1.567E-92	291
1vrk_1	6mud_1	0.931	147	0.993	1.000	3.484E-87	276
1vrk_1	6mba_2	0.911	147	0.993	0.993	1.754E-83	265
1vrk_1	4m1l_1	0.911	147	0.993	0.993	1.754E-83	265
1vrk_1	2vay_1	0.905	148	1.000	0.986	1.754E-83	265
1vrk_1	5tp6_1	0.912	148	1.000	0.993	1.754E-83	265
1vrk_1	4lzx_1	0.898	148	1.000	0.986	1.166E-82	263
1vrk_1	6mc9_2	0.877	147	0.993	0.979	3.121E-79	253
1xg2_1	1xg2_1	1.000	305	1.000	1.000	5.341E-206	627
1y6m_1	1y6m_1	1.000	125	1.000	1.000	8.295E-81	256
1y6m_1	1y6k_1	0.926	123	0.984	0.953	2.910E-73	234
1y6m_1	1j7v_1	0.919	124	0.984	0.827	9.395E-72	230
1zjd_1	1zjd_1	1.000	237	1.000	1.000	1.642E-168	515
1zjd_1	1eaw_1	0.390	230	0.970	0.942	1.043E-48	169
1zjd_1	1gl0_1	0.388	233	0.983	0.917	2.391E-47	166
1zjd_1	1shy_1	0.320	220	0.928	0.934	9.761E-30	114
2oul_1	2oul_1	1.000	224	1.000	1.000	1.327E-159	489
2oul_1	2nqd_2	0.357	221	0.987	0.995	2.416E-43	153
2oul_1	3e1z_2	0.375	215	0.960	0.967	1.010E-38	140
3ddc_2	3ddc_2	1.000	133	1.000	1.000	8.219E-87	274
3eoy_2	3eoy_2	1.000	102	1.000	1.000	1.301E-66	214
3gj4_2	3gj4_2	1.000	27	1.000	1.000	1.513E-16	65
3gj4_2	3gj8_2	0.592	27	0.963	1.000	1.548E-07	40
3gj4_2	3gj5_2	0.576	26	0.926	1.000	1.460E-06	37
3gj4_2	3gj6_2	0.400	25	0.926	0.962	5.005E-05	33
3idb_2	3idb_2	1.000	92	1.000	1.000	5.823E-60	194
3kud_2	3kud_2	1.000	76	1.000	1.000	5.279E-50	164
3kud_2	3kuc_2	0.986	76	1.000	1.000	3.525E-49	162
3kud_2	1gua_2	0.973	76	0.987	1.000	5.577E-47	156
6er6_2	6er6_2	1.000	59	1.000	1.000	1.465E-34	119
6fv0_2	6fv0_2	1.000	113	1.000	1.000	6.903E-75	238
6fv0_2	6fuz_2	0.848	112	0.841	1.000	3.051E-59	193
6fv0_2	3zkq_2	0.787	113	1.000	0.973	1.625E-52	174
6fv0_2	5m2j_2	0.728	114	0.841	0.991	2.335E-49	165
6fv0_2	4ksd_2	0.692	117	1.000	0.992	1.492E-44	151
6fv0_2	6f2g_2	0.634	123	1.000	0.939	2.349E-42	145
6fv0_2	5hvf_2	0.697	117	1.000	1.000	1.044E-40	140
6fv0_2	6gjq_2	0.644	120	1.000	0.992	1.965E-40	139
6fv0_2	4w6y_2	0.666	108	0.841	0.964	2.695E-40	139
6fv0_2	5m2m_2	0.619	126	1.000	0.992	2.695E-40	139
6fv0_2	5jds_1	0.614	127	1.000	1.000	3.697E-40	138
6fv0_2	6cwg_2	0.619	126	1.000	0.992	5.072E-40	138
6fv0_2	6j7w_1	0.632	115	0.841	0.991	8.732E-39	134
6fv0_2	6her_2	0.590	122	0.841	0.992	8.732E-39	134
6fv0_2	6h16_2	0.615	117	0.841	0.992	1.198E-38	134
6fv0_2	5imk_1	0.593	123	0.841	1.000	2.255E-38	133
6fv0_2	5imm_1	0.588	124	0.841	1.000	3.093E-38	133
6fv0_2	5o2u_2	0.637	113	1.000	0.974	6.683E-36	126
6fv0_2	1ri8_2	0.588	123	1.000	0.992	6.683E-36	126
6fv0_2	4w6x_2	0.536	123	0.841	0.992	9.168E-36	126
6fv0_2	5ip4_1	0.614	113	1.000	1.000	1.726E-35	125
6fv0_2	2p49_2	0.550	120	0.841	0.992	3.248E-35	124
6fv0_2	5omn_2	0.612	110	0.841	0.991	8.387E-35	123
6fv0_2	2p4a_2	0.546	119	0.841	0.992	2.166E-34	122
6fv0_2	5lhn_2	0.522	134	0.841	0.993	2.166E-34	122
6fv0_2	1g6v_2	0.555	124	0.841	0.992	2.971E-34	121
6fv0_2	1op9_2	0.545	118	0.841	1.000	5.592E-34	121
6fv0_2	4pou_2	0.584	113	1.000	0.875	7.672E-34	120
6fv0_2	3qsk_2	0.546	119	0.841	0.992	1.053E-33	120
6fv0_2	4z9k_2	0.640	96	0.841	0.906	1.981E-33	119
6fv0_2	4hep_2	0.519	129	0.841	1.000	2.486E-32	116
6fv0_2	4eig_2	0.565	114	0.841	0.991	3.411E-32	115
6fv0_2	3eba_1	0.552	113	1.000	0.831	4.680E-32	115
6fv0_2	5u4m_2	0.536	125	0.841	0.992	6.420E-32	115
6fv0_2	4i0c_2	0.515	126	0.841	1.000	1.658E-31	113
6fv0_2	4wen_2	0.550	119	0.841	0.992	4.281E-31	112
6fv0_2	1zvh_2	0.522	113	1.000	0.836	2.855E-30	110
6fv0_2	4x7e_2	0.575	113	1.000	0.815	3.916E-30	109
6fv0_2	4w6w_2	0.512	124	0.841	1.000	4.915E-29	106
6fv0_2	4wem_2	0.516	119	0.841	0.992	1.161E-27	102
6fv0_2	4x7f_2	0.589	112	0.991	1.000	1.593E-27	102
6fv0_2	6jb2_1	0.480	125	0.841	0.992	5.642E-27	100
6fv0_2	5l21_2	0.500	118	0.841	0.992	7.740E-27	100
6fv0_2	5j57_2	0.468	115	0.982	0.927	1.114E-23	91
6fv0_2	3bzd_1	0.303	100	0.885	0.908	1.560E-04	36
6her_2	6her_2	1.000	123	1.000	1.000	4.002E-81	257
6her_2	6h16_2	0.772	123	1.000	1.000	1.058E-56	186
6her_2	5imk_1	0.764	123	0.992	1.000	5.134E-56	184
6her_2	5imm_1	0.758	124	0.992	1.000	1.659E-54	180
6her_2	4wen_2	0.701	123	1.000	1.000	2.721E-49	165
6her_2	5lhn_2	0.651	135	1.000	1.000	7.021E-49	164
6her_2	2p4a_2	0.699	123	1.000	1.000	9.630E-49	164
6her_2	5u4m_2	0.720	117	0.951	0.929	1.321E-48	163
6her_2	4w6x_2	0.677	124	1.000	1.000	6.413E-48	161
6her_2	2p49_2	0.701	123	1.000	1.000	1.655E-47	160
6her_2	5m2j_2	0.701	123	1.000	1.000	8.034E-47	158
6her_2	3qsk_2	0.691	123	1.000	1.000	1.511E-46	157
6her_2	4wem_2	0.677	123	1.000	1.000	1.381E-45	154
6her_2	5omn_2	0.704	123	1.000	1.000	3.562E-45	153
6her_2	1g6v_2	0.687	125	1.000	1.000	3.562E-45	153
6her_2	1op9_2	0.682	122	0.992	1.000	4.886E-45	153
6her_2	4hep_2	0.620	129	0.992	1.000	9.193E-45	152
6her_2	4eig_2	0.666	123	1.000	1.000	1.261E-44	152
6her_2	6j7w_1	0.666	123	1.000	1.000	2.372E-44	151
6her_2	4w6w_2	0.672	124	0.992	1.000	2.372E-44	151
6her_2	6fuz_2	0.674	122	0.992	1.000	4.463E-44	150
6her_2	4i0c_2	0.640	126	0.992	1.000	5.592E-43	147
6her_2	4ksd_2	0.634	123	1.000	0.814	2.480E-41	142
6her_2	6jb2_1	0.600	125	0.992	0.992	3.401E-41	142
6her_2	3zkq_2	0.622	122	0.992	0.841	2.265E-40	139
6her_2	4w6y_2	0.634	123	1.000	0.973	5.338E-39	136
6her_2	3eba_1	0.622	123	1.000	0.932	4.876E-38	133
6her_2	4pou_2	0.654	106	0.837	0.883	4.876E-38	133
6her_2	6fv0_2	0.590	122	0.992	0.841	2.367E-37	131
6her_2	5l21_2	0.583	123	1.000	1.000	1.149E-36	129
6her_2	6cwg_2	0.585	121	0.984	0.811	1.576E-36	128
6her_2	5jds_1	0.585	123	1.000	0.835	7.651E-36	126
6her_2	1zvh_2	0.640	102	0.829	0.836	1.974E-35	125
6her_2	1ri8_2	0.568	124	0.837	1.000	9.584E-35	123
6her_2	4x7e_2	0.669	103	0.837	0.824	4.652E-34	121
6her_2	4z9k_2	0.557	122	0.992	0.906	3.879E-32	116
6her_2	5o2u_2	0.569	122	0.992	0.817	3.541E-31	113
6her_2	5ip4_1	0.524	122	0.992	0.853	1.719E-30	111
6her_2	4x7f_2	0.524	122	0.992	0.841	2.045E-25	96
6ivu_2	6ivu_2	1.000	118	1.000	1.000	3.902E-73	233
4ofy_2	4ofy_2	1.000	314	1.000	1.000	4.043E-202	617
2k3s_2	2k3s_2	1.000	67	1.000	1.000	1.781E-39	134
2k3s_2	2kxw_1	0.739	73	0.970	1.000	2.736E-29	104
2knb_2	2knb_2	1.000	62	1.000	1.000	1.784E-42	142
2knb_2	2lz6_2	0.392	56	0.903	0.817	3.148E-09	47
2knb_2	1wa7_1	0.301	51	0.823	0.833	5.810E-03	29
2l14_2	2l14_2	1.000	49	1.000	1.000	4.202E-30	106
2l14_2	2ly4_2	0.979	48	0.980	1.000	4.524E-27	97
2l14_2	4xxb_2	0.311	43	0.878	0.976	1.108E+02	16
2lvo_2	2lvo_2	1.000	52	1.000	1.000	1.006E-30	108
2mnu_2	2mnu_2	1.000	26	1.000	1.000	3.714E-16	64
3fhc_2	3fhc_2	1.000	224	1.000	1.000	5.821E-148	455
3gni_2	3gni_2	1.000	290	1.000	1.000	4.743E-199	606
3ixe_2	3ixe_2	1.000	68	1.000	1.000	2.715E-47	156
3l9j_2	3l9j_2	1.000	149	1.000	1.000	5.392E-98	307
3nvn_2	3nvn_2	1.000	474	1.000	1.000	0.000E+00	991
3nvn_2	3nvq_2	0.976	474	1.000	0.996	1.847E-315	953
3gqi_2	3gqi_2	1.000	211	1.000	1.000	1.426E-143	442
3jza_2	3jza_2	1.000	191	1.000	1.000	3.035E-121	376
3lbx_2	3lbx_2	1.000	158	1.000	1.000	1.371E-99	312
3nvq_2	3nvq_2	1.000	465	1.000	1.000	7.678E-321	968
3nvq_2	3nvn_2	0.976	474	0.996	1.000	1.664E-315	953
3oun_2	3oun_2	1.000	256	1.000	1.000	1.178E-165	508
3tg1_2	3tg1_2	1.000	117	1.000	1.000	9.189E-76	241
3ul4_2	3ul4_2	1.000	63	1.000	1.000	8.936E-38	128
3wqb_2	3wqb_2	1.000	87	1.000	1.000	1.367E-50	167
4a49_2	5d1k_1	1.000	146	1.000	1.000	3.596E-102	319
4a49_2	5d1l_1	1.000	146	1.000	1.000	3.596E-102	319
4a49_2	4a49_2	1.000	146	1.000	1.000	3.596E-102	319
4a49_2	5d1m_1	1.000	146	1.000	1.000	3.596E-102	319
4a49_2	2fuh_1	0.972	146	1.000	1.000	1.056E-99	312
4a49_2	6d4p_1	0.883	146	1.000	0.986	4.181E-90	284
4a49_2	5ywr_1	0.462	147	0.986	0.980	2.764E-38	135
4a49_2	3h8k_1	0.343	160	0.966	0.976	3.309E-30	111
4a49_2	2uyz_1	0.339	152	1.000	0.974	1.495E-22	89
2b87_1	2b87_1	1.000	58	1.000	1.000	1.102E-35	122
2b87_1	1h0t_1	0.789	57	0.966	0.983	6.652E-22	83
2b87_1	2m5a_1	0.789	57	0.966	0.983	6.652E-22	83
2b87_1	5djt_2	0.814	54	0.914	0.931	1.726E-21	81
2b87_1	1lp1_1	0.745	55	0.948	0.963	9.970E-19	74
2b87_1	1lp1_2	0.724	58	1.000	0.964	1.747E-17	70
2b87_1	5dju_1	0.709	55	0.948	0.982	1.179E-16	68
2b87_1	3mzw_2	0.672	58	1.000	0.962	2.230E-16	67
5b78_2	5b78_2	1.000	21	1.000	1.000	1.476E-07	39
5b78_2	2kwj_1	0.789	19	0.905	1.000	2.232E-03	27
5d3i_2	5d3i_2	1.000	190	1.000	1.000	7.929E-125	387
5d3i_2	3kls_2	0.362	180	0.942	0.942	1.736E-26	103
5f3x_2	5f3x_2	1.000	75	1.000	1.000	1.582E-44	149
5h7y_2	5h7y_2	1.000	25	1.000	1.000	2.201E-14	59
5j57_2	5j57_2	1.000	124	1.000	1.000	8.659E-82	259
5j57_2	5lhn_2	0.508	117	0.944	0.822	3.207E-26	99
5j57_2	4w6x_2	0.500	116	0.935	0.823	1.555E-25	97
5j57_2	1g6v_2	0.487	116	0.935	0.824	1.944E-24	94
5j57_2	6fuz_2	0.504	115	0.927	0.812	2.665E-24	93
5j57_2	2p49_2	0.500	117	0.944	0.818	1.292E-23	91
5j57_2	6fv0_2	0.468	115	0.927	0.982	1.771E-23	91
5j57_2	4pou_2	0.518	109	0.879	0.808	2.429E-23	91
5j57_2	6cwg_2	0.468	117	0.871	0.921	2.429E-23	91
5j57_2	4ksd_2	0.466	105	0.847	0.890	2.014E-21	85
5j57_2	6f2g_2	0.460	113	0.863	0.863	1.833E-20	82
5j57_2	5m2j_2	0.474	117	0.944	0.809	3.445E-20	81
5j57_2	6gjq_2	0.426	108	0.847	0.893	6.473E-20	81
5j57_2	4hep_2	0.479	116	0.935	0.837	1.667E-19	79
5j57_2	6j7w_1	0.465	116	0.935	0.810	2.285E-19	79
5j57_2	5hvf_2	0.453	104	0.839	0.889	4.294E-19	78
5j57_2	1ri8_2	0.414	114	0.871	0.919	2.847E-18	76
5j57_2	5m2m_2	0.440	112	0.871	0.882	3.901E-18	76
5j57_2	4x7f_2	0.385	114	0.919	0.981	9.255E-11	54
4brw_1	4brw_1	1.000	357	1.000	1.000	8.259E-244	739
4dbg_1	4dbg_1	1.000	82	1.000	1.000	1.906E-53	175
4ekc_1	4ekc_1	1.000	317	1.000	1.000	2.460E-215	655
4ekc_1	4ekd_1	0.996	317	1.000	0.994	2.780E-213	649
4ekc_1	3onw_1	0.545	316	0.997	0.991	5.113E-101	325
4ekc_1	2v4z_1	0.501	291	0.918	0.825	3.003E-84	276
4ekc_1	3cx7_1	0.408	299	0.861	0.990	2.532E-71	239
4ekc_1	3cx8_1	0.408	299	0.861	0.990	2.532E-71	239
4ekc_1	3cx6_1	0.415	284	0.814	0.956	5.784E-70	235
4gaf_1	4gaf_1	1.000	306	1.000	1.000	2.432E-217	660
5xln_2	5xln_2	1.000	26	1.000	1.000	6.522E-15	61
3ncb_1	3ncb_1	1.000	186	1.000	1.000	1.745E-121	377
3ncb_1	3mzg_1	0.994	186	1.000	1.000	1.159E-120	374
3ncb_1	3ncc_1	0.994	186	1.000	1.000	1.159E-120	374
3ncb_1	3n06_1	0.989	186	1.000	1.000	2.717E-119	370
3ncb_1	3n0p_1	0.989	186	1.000	1.000	2.717E-119	370
3onl_1	3onl_1	1.000	115	1.000	1.000	1.194E-72	232
3qq8_1	3qq8_1	1.000	177	1.000	1.000	5.180E-117	363
3qq8_1	3qc8_1	0.864	177	1.000	0.900	1.690E-95	301
3sri_1	3sri_1	1.000	283	1.000	1.000	6.053E-205	623
3sri_1	3zwz_1	0.496	295	0.996	0.993	3.284E-77	254
3ukx_1	3ukx_1	1.000	426	1.000	1.000	1.893E-280	849
3ukx_1	6iwa_2	0.995	427	0.998	1.000	2.925E-278	843
3ukx_1	3ukz_1	0.995	427	0.998	1.000	2.925E-278	843
3ukx_1	1pjm_2	0.995	426	0.995	1.000	1.031E-277	841
3ukx_1	3ul0_1	0.995	426	0.995	1.000	1.031E-277	841
3ukx_1	6iu7_1	0.992	416	0.977	1.000	4.730E-270	819
3ukx_1	6iua_1	0.992	416	0.977	1.000	4.730E-270	819
3ukx_1	6bw9_1	0.518	426	1.000	0.990	2.481E-141	447
2tgp_1	1c9t_1	1.000	223	1.000	1.000	4.897E-150	461
2tgp_1	4aoq_1	1.000	223	1.000	1.000	4.897E-150	461
2tgp_1	1ppe_1	1.000	223	1.000	1.000	4.897E-150	461
2tgp_1	2ptc_1	1.000	223	1.000	1.000	4.897E-150	461
2tgp_1	2tgp_1	1.000	223	1.000	1.000	4.897E-150	461
2tgp_1	1g9i_1	1.000	223	1.000	1.000	4.897E-150	461
2tgp_1	2g81_1	1.000	223	1.000	1.000	4.897E-150	461
2tgp_1	6dwf_1	1.000	223	1.000	1.000	4.897E-150	461
2tgp_1	4j2y_2	1.000	223	1.000	1.000	4.897E-150	461
2tgp_1	2ftm_1	0.995	223	1.000	1.000	2.370E-149	459
2tgp_1	1d6r_1	0.973	223	1.000	0.973	1.340E-143	443
2tgp_1	1smf_1	0.973	223	1.000	0.973	1.340E-143	443
2tgp_1	2uuy_1	0.973	223	1.000	0.973	1.340E-143	443
2tgp_1	2xtt_2	0.973	223	1.000	0.973	1.340E-143	443
2tgp_1	6dwh_1	0.973	223	1.000	0.973	1.340E-143	443
2tgp_1	1ldt_1	0.793	223	1.000	0.973	7.246E-121	377
2tgp_1	1eja_1	0.793	223	1.000	0.973	7.246E-121	377
2tgp_1	2ra3_1	0.721	223	1.000	0.969	1.110E-108	342
2tgp_1	3fp6_1	0.713	223	1.000	0.973	9.163E-107	336
2tgp_1	3p92_1	0.695	223	1.000	0.973	5.010E-104	329
2tgp_1	3p95_1	0.695	223	1.000	0.973	5.010E-104	329
2tgp_1	3l33_1	0.695	223	1.000	0.973	5.010E-104	329
2tgp_1	6gfi_1	0.695	223	1.000	0.973	5.010E-104	329
2tgp_1	6har_1	0.695	223	1.000	0.969	5.010E-104	329
2tgp_1	2r9p_1	0.695	223	1.000	0.969	5.010E-104	329
2tgp_1	5c67_1	0.690	223	1.000	0.973	7.762E-102	322
2tgp_1	4u30_1	0.676	223	1.000	1.000	7.762E-102	322
2tgp_1	4u32_2	0.676	223	1.000	0.996	7.762E-102	322
2tgp_1	6kbr_1	0.397	189	0.848	0.989	6.898E-36	132
2tgp_1	4ag2_1	0.334	205	0.919	0.910	2.733E-26	104
2tgp_1	4afq_1	0.326	209	0.919	0.946	3.872E-24	97
2vln_1	2vln_1	1.000	80	1.000	1.000	6.449E-50	164
2vln_1	2vlq_1	0.937	80	1.000	0.893	1.078E-44	149
2vln_1	2vlo_1	0.875	88	0.962	0.978	1.479E-44	149
2vln_1	1emv_1	0.912	80	1.000	0.936	9.064E-43	144
2vln_1	3u43_1	0.573	89	0.962	0.967	6.030E-27	98
2wo2_1	2wo2_1	1.000	178	1.000	1.000	3.831E-120	372
2wo2_1	2wo3_1	0.988	178	1.000	1.000	3.963E-117	364
2wo2_1	4l0p_1	0.724	178	1.000	1.000	4.037E-87	277
2xhe_1	2xhe_1	1.000	560	1.000	1.000	0.000E+00	1109
3ia3_1	3ia3_1	1.000	90	1.000	1.000	4.641E-55	180
5c67_2	5c67_2	1.000	53	1.000	1.000	7.334E-38	128
5c67_2	6gfi_2	0.962	53	1.000	0.946	4.515E-36	123
5c67_2	6har_2	0.962	53	1.000	0.981	6.199E-36	123
5c67_2	1zjd_2	0.943	53	1.000	0.930	4.152E-35	120
5c67_2	1yc0_2	0.490	53	1.000	0.803	2.377E-16	66
5c67_2	3p92_2	0.490	53	1.000	0.914	3.269E-16	66
5c67_2	4u32_1	0.471	53	1.000	0.981	4.495E-16	66
5c67_2	3p95_2	0.471	53	1.000	0.914	3.040E-15	63
5c67_2	1f5r_2	0.452	53	1.000	0.930	1.088E-14	62
5c67_2	2ftl_2	0.452	53	1.000	0.914	1.088E-14	62
5c67_2	2ptc_2	0.452	53	1.000	0.914	1.088E-14	62
5c67_2	2tgp_2	0.452	53	1.000	0.914	1.088E-14	62
5c67_2	3fp6_2	0.452	53	1.000	0.914	1.088E-14	62
5c67_2	2r9p_2	0.452	53	1.000	0.914	1.088E-14	62
5c67_2	2ra3_2	0.470	51	0.962	0.911	2.058E-14	61
5c67_2	1f7z_2	0.470	51	0.962	0.911	2.058E-14	61
5c67_2	1fy8_2	0.470	51	0.962	0.911	2.058E-14	61
5c67_2	1eaw_2	0.470	51	0.962	0.911	2.058E-14	61
5c67_2	3tgk_2	0.470	51	0.962	0.911	2.058E-14	61
5c67_2	4u30_2	0.511	45	0.849	0.833	1.917E-13	58
5c67_2	2ftm_2	0.433	53	1.000	0.914	2.638E-13	58
5c67_2	1zr0_2	0.470	51	0.962	0.810	3.388E-12	55
5c67_2	6bx8_2	0.416	48	0.906	0.902	1.468E-09	47
5dju_2	5dju_2	1.000	145	1.000	1.000	2.551E-92	290
5ft8_2	5ft8_2	1.000	139	1.000	1.000	4.257E-87	275
5hvf_2	5hvf_2	1.000	117	1.000	1.000	8.039E-78	247
5hvf_2	4ksd_2	0.756	117	1.000	0.992	1.044E-52	175
5hvf_2	6gjq_2	0.728	120	1.000	0.992	2.694E-52	173
5hvf_2	6f2g_2	0.707	123	1.000	0.939	1.369E-48	163
5hvf_2	5ip4_1	0.692	117	1.000	1.000	4.849E-48	161
5hvf_2	5jds_1	0.666	127	1.000	1.000	5.556E-46	155
5hvf_2	5o2u_2	0.711	117	1.000	0.974	1.967E-45	154
5hvf_2	3zkq_2	0.697	117	1.000	0.973	5.078E-45	153
5hvf_2	6cwg_2	0.643	126	1.000	0.992	8.735E-44	149
5hvf_2	5m2m_2	0.651	126	1.000	0.992	8.735E-44	149
5hvf_2	1ri8_2	0.625	123	1.000	0.992	3.545E-41	141
5hvf_2	6fv0_2	0.697	117	1.000	1.000	1.722E-40	139
5hvf_2	4w6y_2	0.681	110	0.812	0.982	1.148E-39	137
5hvf_2	4x7f_2	0.675	116	0.991	1.000	3.715E-38	133
5hvf_2	4pou_2	0.621	117	1.000	0.875	6.991E-38	132
5hvf_2	1op9_2	0.596	117	1.000	0.839	4.659E-37	130
5hvf_2	1zvh_2	0.596	117	1.000	0.836	1.203E-36	128
5hvf_2	3eba_1	0.559	117	1.000	0.831	1.379E-34	123
5hvf_2	4x7e_2	0.618	117	1.000	0.815	1.891E-34	122
5hvf_2	6jb2_1	0.523	126	0.803	1.000	6.415E-30	109
5hvf_2	5my6_2	0.505	95	0.812	0.908	9.171E-20	80
5hvf_2	5j57_2	0.453	104	0.889	0.839	1.258E-19	79
5hvf_2	3bzd_1	0.311	106	0.906	0.927	2.825E-08	47
5jke_2	5jke_2	1.000	203	1.000	1.000	4.143E-155	475
5jke_2	5f4e_2	0.893	201	0.941	0.990	8.865E-133	410
2mbb_2	2k8b_1	1.000	76	1.000	1.000	3.726E-46	153
2mbb_2	4msm_2	1.000	76	1.000	1.000	3.726E-46	153
2mbb_2	2k8c_1	1.000	76	1.000	1.000	3.726E-46	153
2mbb_2	2kwu_2	1.000	76	1.000	1.000	3.726E-46	153
2mbb_2	2kwv_2	1.000	76	1.000	1.000	3.726E-46	153
2mbb_2	2mbb_2	1.000	76	1.000	1.000	3.726E-46	153
2mbb_2	4pqt_2	1.000	76	1.000	1.000	3.726E-46	153
2mbb_2	5vzm_1	1.000	76	1.000	1.000	3.726E-46	153
2mbb_2	2fuh_2	1.000	76	1.000	1.000	3.726E-46	153
2mbb_2	2mcn_2	1.000	76	1.000	1.000	3.726E-46	153
2mbb_2	2jy6_1	1.000	76	1.000	1.000	3.726E-46	153
2mbb_2	1wrd_2	1.000	76	1.000	1.000	3.726E-46	153
2mbb_2	1yx5_2	1.000	76	1.000	1.000	3.726E-46	153
2mbb_2	2l0f_1	1.000	76	1.000	1.000	3.726E-46	153
2mbb_2	1yx6_2	1.000	76	1.000	1.000	3.726E-46	153
2mbb_2	2den_2	1.000	76	1.000	1.000	3.726E-46	153
2mbb_2	2l0t_1	1.000	76	1.000	1.000	3.726E-46	153
2mbb_2	2mj5_1	1.000	76	1.000	1.000	3.726E-46	153
2mbb_2	4k1r_2	1.000	76	1.000	1.000	3.726E-46	153
2mbb_2	2lvo_1	1.000	76	1.000	1.000	3.726E-46	153
2mbb_2	1q5w_2	1.000	76	1.000	1.000	3.726E-46	153
2mbb_2	2g45_2	1.000	76	1.000	1.000	3.726E-46	153
2mbb_2	4m0w_2	1.000	76	1.000	1.000	3.726E-46	153
2mbb_2	2mre_1	1.000	76	1.000	1.000	3.726E-46	153
2mbb_2	2mro_1	1.000	76	1.000	1.000	3.726E-46	153
2mbb_2	2ktf_1	1.000	76	1.000	1.000	3.726E-46	153
2mbb_2	2lz6_1	1.000	76	1.000	1.000	3.726E-46	153
2mbb_2	1zgu_2	0.986	76	1.000	1.000	9.631E-46	152
2mbb_2	2jt4_2	0.960	76	1.000	1.000	3.133E-44	148
2mbb_2	1wr1_1	0.960	76	1.000	1.000	3.133E-44	148
2mbb_2	1q0w_2	0.960	76	1.000	1.000	3.133E-44	148
2mbb_2	1otr_2	0.960	76	1.000	1.000	3.133E-44	148
2mbb_2	2c7m_2	0.842	76	1.000	1.000	7.064E-35	121
2mbb_2	6d4p_2	0.789	76	1.000	0.958	1.420E-31	111
2mbb_2	5v69_2	0.843	64	0.803	0.985	4.270E-29	104
2mbb_2	4hcp_2	0.500	76	1.000	0.945	1.894E-19	77
2mbb_2	1p9d_1	0.328	73	0.961	0.859	2.137E-08	45
2mbb_2	5tl7_1	0.301	73	0.961	0.908	9.796E-07	40
2n8j_2	2n8j_2	1.000	22	1.000	1.000	6.417E-09	43
2oul_2	2oul_2	1.000	107	1.000	1.000	8.073E-73	232
2oul_2	2nqd_1	0.972	109	0.991	1.000	4.487E-70	224
2psm_2	2psm_2	1.000	68	1.000	1.000	5.416E-44	147
4dkd_2	4dkd_2	1.000	272	1.000	1.000	1.023E-182	558
1avz_2	5zau_1	1.000	57	1.000	1.000	2.334E-37	127
1avz_2	1avz_2	1.000	57	1.000	1.000	2.334E-37	127
1avz_2	1efn_1	0.929	57	1.000	0.982	3.663E-31	109
1avz_2	4afq_2	0.844	58	1.000	1.000	1.200E-29	105
1avz_2	4ag2_2	0.810	58	0.982	1.000	3.935E-28	100
1avz_2	3reb_2	0.543	57	1.000	0.949	8.788E-18	71
1avz_2	1zsg_1	0.380	61	0.930	0.938	1.793E-09	47
1avz_2	2k7a_1	0.355	58	0.947	0.921	1.222E-08	45
1avz_2	2k79_1	0.355	58	0.947	0.921	1.222E-08	45
1avz_2	2mcn_1	0.320	53	0.930	0.877	9.729E-05	34
1dp5_2	1dp5_2	1.000	31	1.000	1.000	2.256E-14	59
1fle_2	1fle_2	1.000	47	1.000	1.000	2.365E-32	112
1fle_2	4doq_2	0.446	47	1.000	1.000	1.581E-10	49
1fle_2	2z7f_2	0.487	41	0.872	0.820	2.176E-10	49
1he8_2	1he8_2	1.000	166	1.000	1.000	3.093E-107	334
1he8_2	5xco_1	0.905	169	0.988	1.000	1.214E-97	307
1he8_2	5tar_1	0.792	183	0.934	0.995	7.174E-89	282
1he8_2	6amb_1	0.859	164	0.988	0.847	1.018E-85	273
1he8_2	1zc3_1	0.524	162	0.922	0.942	1.094E-49	169
1he8_2	1zc4_1	0.521	163	0.922	0.942	1.499E-49	168
1he8_2	5szk_2	0.358	160	0.964	0.908	2.570E-26	101
1he8_2	4js0_1	0.335	161	0.855	0.904	4.115E-19	80
1he8_2	2fju_1	0.337	160	0.855	0.904	1.049E-18	79
1he8_2	5fr1_1	0.331	160	0.837	0.870	4.990E-18	77
1he8_2	1grn_1	0.301	179	0.855	0.937	9.908E-16	70
1he8_2	1e96_1	0.333	138	0.831	0.873	1.039E-13	64
1he8_2	4d0n_1	0.307	139	0.837	0.873	2.287E-12	61
1kxp_2	1kxp_2	1.000	438	1.000	1.000	6.576E-300	906
5ij9_2	5ij9_2	1.000	426	1.000	1.000	3.237E-292	883
5ij9_2	5ij0_2	0.997	426	1.000	1.000	5.516E-291	880
5jw7_2	5jw7_2	1.000	61	1.000	1.000	1.556E-41	139
5lrw_2	5lrw_2	1.000	26	1.000	1.000	2.023E-12	53
5mrv_2	5mrv_2	1.000	53	1.000	1.000	4.234E-39	132
5tzq_1	5tzq_1	1.000	132	1.000	1.000	3.798E-86	272
2ly4_2	2ly4_2	1.000	47	1.000	1.000	9.034E-29	102
2ly4_2	2l14_2	0.979	48	1.000	0.980	2.965E-27	97
2mro_2	2mro_2	1.000	44	1.000	1.000	1.449E-24	89
2omv_2	2omv_2	1.000	82	1.000	1.000	1.106E-54	178
2omv_2	2omy_2	0.987	82	0.988	1.000	3.286E-52	171
2omv_2	2omz_2	0.987	82	0.988	1.000	3.286E-52	171
2omv_2	2omt_2	0.801	101	0.988	1.000	1.342E-49	164
2p47_2	2p46_2	1.000	116	1.000	1.000	9.186E-80	252
2p47_2	2p47_2	1.000	116	1.000	1.000	9.186E-80	252
2p47_2	2p48_2	1.000	116	1.000	1.000	9.186E-80	252
2p47_2	2p45_2	0.991	116	1.000	1.000	1.050E-77	246
2p47_2	2p44_2	0.806	114	0.974	0.983	4.620E-62	201
2p47_2	2p43_2	0.682	118	0.914	1.000	6.944E-49	164
2p47_2	2p42_2	0.674	117	0.914	1.000	7.958E-47	158
2qxv_2	2qxv_2	1.000	29	1.000	1.000	1.464E-14	60
5j28_2	5j28_2	1.000	4	1.000	1.000	8.838E+03	9
5ky0_2	5ky0_2	1.000	38	1.000	1.000	8.286E-26	93
5ky0_2	5ky5_2	0.540	37	0.921	0.925	1.040E-11	52
5ky0_2	5kxh_2	0.485	35	0.921	0.921	2.541E-10	48
5ky0_2	5ky4_2	0.457	35	0.921	0.917	3.096E-08	42
5m72_2	5m72_2	1.000	21	1.000	1.000	5.025E-11	49
5npo_2	5npo_2	1.000	201	1.000	1.000	4.867E-131	405
6iwa_2	6iwa_2	1.000	427	1.000	1.000	1.056E-280	850
6iwa_2	3ukz_1	1.000	427	1.000	1.000	1.056E-280	850
6iwa_2	1pjm_2	1.000	426	0.998	1.000	3.723E-280	848
6iwa_2	3ul0_1	1.000	426	0.998	1.000	3.723E-280	848
6iwa_2	3ukx_1	0.995	427	1.000	0.998	7.885E-278	842
6iwa_2	6iu7_1	0.988	417	0.977	0.998	8.437E-269	816
6iwa_2	6iua_1	0.988	417	0.977	0.998	8.437E-269	816
6iwa_2	6bw9_1	0.515	427	1.000	0.988	3.187E-140	444
6kbr_2	6kbr_2	1.000	21	1.000	1.000	1.020E-11	51
6oan_2	6oan_2	1.000	229	1.000	1.000	1.117E-158	486
6oan_2	3uze_2	0.462	226	0.987	0.987	3.016E-52	179
6oan_2	3uyp_2	0.462	226	0.987	0.996	2.712E-51	177
6oan_2	3uzv_2	0.462	226	0.987	0.983	2.712E-51	177
6oan_2	3uzq_1	0.438	232	0.987	0.991	5.080E-51	176
6oan_2	6qb3_2	0.400	228	0.900	1.000	9.431E-48	166
6oan_2	6cbp_2	0.414	234	0.987	0.996	4.520E-47	164
6oan_2	5aaw_1	0.410	222	0.865	0.974	1.557E-43	154
6oan_2	5aam_1	0.403	221	0.865	0.974	2.129E-43	154
6oan_2	6ejm_2	0.435	188	0.817	0.828	4.733E-39	141
6oan_2	1dzb_1	0.365	227	0.991	0.995	1.787E-36	134
6s29_2	6s29_2	1.000	53	1.000	1.000	1.998E-30	107
1ay7_1	1ay7_1	1.000	96	1.000	1.000	1.014E-63	205
2p42_2	2p42_2	1.000	117	1.000	1.000	2.987E-81	257
2p42_2	2p43_2	0.991	118	1.000	1.000	9.647E-80	252
2p42_2	2p45_2	0.679	117	1.000	0.913	1.879E-48	162
2p42_2	2p46_2	0.674	117	1.000	0.914	6.079E-47	158
2p42_2	2p47_2	0.674	117	1.000	0.914	6.079E-47	158
2p42_2	2p48_2	0.674	117	1.000	0.914	6.079E-47	158
2p42_2	2p44_2	0.674	117	1.000	0.922	1.569E-46	157
2px9_2	2px9_2	1.000	158	1.000	1.000	1.852E-109	340
2px9_2	6gum_1	0.664	152	0.962	0.974	5.059E-69	224
2sni_2	2sni_2	1.000	64	1.000	1.000	9.402E-38	128
2sni_2	1y3c_2	0.921	64	1.000	1.000	5.319E-35	121
2sni_2	1y3d_2	0.921	64	1.000	1.000	5.319E-35	121
2sni_2	1y48_2	0.921	64	1.000	1.000	5.319E-35	121
2sni_2	1to1_2	0.921	64	1.000	1.000	1.376E-34	119
2sni_2	1lw6_2	0.952	63	0.969	1.000	1.738E-33	116
2sni_2	1tm3_2	0.906	64	0.984	1.000	1.599E-32	113
2sni_2	1tm7_2	0.906	64	0.984	1.000	1.599E-32	113
2sni_2	1y4a_2	0.888	63	0.953	1.000	7.185E-31	109
2sni_2	1acb_2	0.377	61	0.938	0.968	3.462E-09	47
2ver_2	2ver_2	1.000	110	1.000	1.000	2.310E-75	239
2ver_2	6gbg_1	0.859	107	0.964	0.982	1.403E-59	194
2ver_2	6gbh_1	0.851	108	0.964	1.000	1.925E-59	194
2ver_2	6aw2_1	0.850	107	0.955	1.000	1.759E-58	191
2wjv_2	2wjv_2	1.000	54	1.000	1.000	1.212E-31	110
3g9w_1	3g9w_1	1.000	217	1.000	1.000	1.109E-144	445
3hct_1	3hct_1	1.000	75	1.000	1.000	1.416E-50	166
3hct_1	3hcu_1	0.786	75	1.000	1.000	3.079E-37	128
3kj2_1	3kj2_1	1.000	151	1.000	1.000	4.329E-98	307
3kj2_1	5c3f_1	0.993	151	1.000	1.000	2.877E-97	305
3kj2_1	3kj1_1	0.986	152	0.993	1.000	6.760E-96	301
3kj2_1	2kbw_1	0.961	156	0.993	0.975	2.389E-95	299
3kj2_1	3kj0_1	0.991	122	0.801	0.992	5.825E-74	238
3kj2_1	4g35_1	0.429	148	0.980	0.929	2.471E-22	89
3kj2_1	6fbx_1	0.314	134	0.887	0.885	1.146E-15	70
3mj7_1	3mj7_1	1.000	229	1.000	1.000	8.657E-153	469
3oak_1	3oak_1	1.000	151	1.000	1.000	6.160E-95	298
2n1d_1	2n1d_1	1.000	54	1.000	1.000	3.702E-33	115
2oob_1	2oob_1	1.000	44	1.000	1.000	5.164E-24	88
2pcb_1	2pcb_1	1.000	294	1.000	1.000	9.008E-207	629
2pcb_1	2b12_1	0.989	294	1.000	1.000	1.435E-201	614
2pcb_1	2jti_1	0.952	291	0.990	1.000	9.119E-194	591
2rnr_1	2rnr_1	1.000	62	1.000	1.000	6.067E-34	117
2v8s_1	2v8s_1	1.000	137	1.000	1.000	5.814E-88	277
4cmm_1	4cmm_1	1.000	110	1.000	1.000	6.818E-73	232
4cmm_1	2jjs_1	0.843	114	1.000	0.983	7.457E-60	195
4dt1_1	4dt1_1	1.000	187	1.000	1.000	4.292E-120	373
4fq0_1	4fq0_1	1.000	182	1.000	1.000	5.632E-112	349
4h5s_1	4h5s_1	1.000	84	1.000	1.000	3.156E-54	177
4iop_1	4iop_1	1.000	112	1.000	1.000	4.014E-80	253
4iop_1	3ff8_2	0.304	101	0.902	0.892	1.564E-10	53
4h5s_2	4h5s_2	1.000	100	1.000	1.000	6.001E-63	203
4iop_2	4iop_2	1.000	115	1.000	1.000	9.186E-84	264
4k5a_2	4k5a_2	1.000	161	1.000	1.000	4.168E-106	331
4k5a_2	6fp7_2	0.861	159	0.988	0.963	1.429E-81	260
4k5a_2	5ma6_2	0.848	158	0.981	0.987	3.355E-80	256
4k5a_2	3zu7_2	0.803	158	0.981	1.000	2.308E-76	245
4k5a_2	6h46_2	0.802	142	0.882	0.993	2.561E-67	219
4k5a_2	6ne4_1	0.503	155	0.888	0.876	4.088E-42	147
4k5a_2	6ne1_2	0.486	150	0.932	0.941	7.129E-38	134
4lzx_2	4lzx_2	1.000	37	1.000	1.000	1.606E-22	83
4ojk_2	4ojk_2	1.000	26	1.000	1.000	6.768E-11	49
6f0g_1	6f0f_1	1.000	154	1.000	1.000	9.587E-105	327
6f0g_1	6f0g_1	1.000	154	1.000	1.000	9.587E-105	327
2khs_2	2khs_2	1.000	35	1.000	1.000	2.965E-19	74
2l0f_2	2l0f_2	1.000	42	1.000	1.000	1.027E-25	93
2l0f_2	2kwu_1	0.523	42	1.000	0.833	2.971E-09	46
2lqh_2	2lqh_2	1.000	52	1.000	1.000	4.176E-28	100
2mfq_2	2mfq_2	1.000	22	1.000	1.000	7.873E-12	51
2nqd_2	2nqd_2	1.000	221	1.000	1.000	1.345E-154	474
2nqd_2	3e1z_2	0.409	213	0.964	0.972	7.556E-43	152
2nqd_2	2oul_1	0.357	221	0.995	0.987	1.266E-41	148
4uem_2	4uem_2	1.000	98	1.000	1.000	7.157E-59	191
4xl5_2	4xl5_2	1.000	407	1.000	1.000	2.938E-258	784
4yvq_2	4yvq_2	1.000	119	1.000	1.000	2.987E-73	234
5ajj_2	5ajj_2	1.000	29	1.000	1.000	1.145E-15	63
5ajj_2	5ua4_2	0.531	32	0.966	1.000	4.101E-05	33
3ncc_2	3ncc_2	1.000	203	1.000	1.000	1.715E-149	458
3ncc_2	3mzg_2	0.985	203	1.000	1.000	3.778E-144	443
3ncc_2	3ncb_2	0.985	203	1.000	1.000	3.778E-144	443
3ncc_2	3n06_2	0.956	203	1.000	1.000	6.669E-140	431
3ncc_2	3n0p_2	0.956	203	1.000	1.000	6.669E-140	431
2dsp_1	2dsp_1	1.000	85	1.000	1.000	8.893E-58	187
2g45_1	2g45_1	1.000	117	1.000	1.000	1.588E-81	258
2iwg_1	2iwg_1	1.000	205	1.000	1.000	4.717E-142	437
2iwg_1	1fc2_2	0.960	205	1.000	0.990	2.674E-136	421
2k3s_1	2k3s_1	1.000	119	1.000	1.000	5.161E-79	250
2knb_1	2knb_1	1.000	76	1.000	1.000	1.442E-46	154
2knb_1	3kw5_2	0.319	72	0.947	0.960	1.307E-10	51
2knb_1	2k6d_2	0.319	72	0.947	0.947	1.307E-10	51
2knb_1	6dgf_2	0.319	72	0.947	0.973	4.671E-10	50
2knb_1	4hcn_2	0.312	64	0.842	1.000	1.130E-08	46
4a1s_2	4a1s_2	1.000	30	1.000	1.000	8.021E-19	72
4b1y_2	4b1y_2	1.000	12	1.000	1.000	1.015E-01	22
4cmm_2	4cmm_2	1.000	117	1.000	1.000	1.893E-76	243
4cmm_2	2jjs_2	0.826	115	0.812	1.000	5.802E-57	187
4cmm_2	5imm_2	0.318	106	0.863	0.891	5.979E-04	34
4dt1_2	4dt1_2	1.000	204	1.000	1.000	5.437E-134	414
4tq1_2	4tq1_2	1.000	32	1.000	1.000	2.758E-16	65
6eg1_1	6eg1_1	1.000	220	1.000	1.000	5.295E-149	458
6eg1_1	6eg0_1	0.457	212	0.964	0.950	1.711E-53	183
6fud_1	6fud_1	1.000	77	1.000	1.000	9.284E-45	149
6fud_1	6fub_2	0.974	77	1.000	0.926	9.833E-42	141
6h9n_1	6h9n_1	1.000	203	1.000	1.000	3.333E-136	420
6iu7_1	6iu7_1	1.000	413	1.000	1.000	8.079E-272	824
6iu7_1	6iua_1	1.000	413	1.000	1.000	8.079E-272	824
6iu7_1	3ukx_1	0.992	416	1.000	0.977	4.853E-270	818
6iu7_1	1pjm_2	0.988	417	0.998	0.979	3.213E-269	816
6iu7_1	3ul0_1	0.988	417	0.998	0.979	3.213E-269	816
6iu7_1	6iwa_2	0.988	417	0.998	0.977	3.213E-269	816
6iu7_1	3ukz_1	0.988	417	0.998	0.977	3.213E-269	816
6iu7_1	6bw9_1	0.529	412	0.998	0.964	5.636E-139	440
6k06_1	6k06_1	1.000	26	1.000	1.000	1.372E-11	51
4yj4_1	4yj4_1	1.000	145	1.000	1.000	6.097E-98	306
4zw2_1	4zw2_1	1.000	318	1.000	1.000	4.206E-207	631
5c67_1	5c67_1	1.000	222	1.000	1.000	2.338E-156	479
5c67_1	3p92_1	0.995	223	1.000	1.000	7.507E-155	475
5c67_1	3p95_1	0.995	223	1.000	1.000	7.507E-155	475
5c67_1	3l33_1	0.995	223	1.000	1.000	7.507E-155	475
5c67_1	6gfi_1	0.995	223	1.000	1.000	7.507E-155	475
5c67_1	6har_1	0.991	224	1.000	1.000	2.411E-153	471
5c67_1	2r9p_1	0.991	224	1.000	1.000	2.411E-153	471
5c67_1	4u32_2	0.964	224	0.977	1.000	1.500E-148	457
5c67_1	4u30_1	0.968	223	0.973	1.000	2.056E-148	456
5c67_1	2ra3_1	0.861	224	1.000	1.000	1.585E-132	411
5c67_1	1ldt_1	0.780	223	1.000	1.000	1.430E-121	379
5c67_1	1eja_1	0.780	223	1.000	1.000	1.430E-121	379
5c67_1	3fp6_1	0.766	222	1.000	1.000	8.617E-120	374
5c67_1	1d6r_1	0.717	223	1.000	1.000	2.924E-112	352
5c67_1	1smf_1	0.717	223	1.000	1.000	2.924E-112	352
5c67_1	2uuy_1	0.717	223	1.000	1.000	2.924E-112	352
5c67_1	2xtt_2	0.717	223	1.000	1.000	2.924E-112	352
5c67_1	6dwh_1	0.717	223	1.000	1.000	2.924E-112	352
5c67_1	1c9t_1	0.690	223	0.973	1.000	5.802E-106	334
5c67_1	4aoq_1	0.690	223	0.973	1.000	5.802E-106	334
5c67_1	1ppe_1	0.690	223	0.973	1.000	5.802E-106	334
5c67_1	2ptc_1	0.690	223	0.973	1.000	5.802E-106	334
5c67_1	2tgp_1	0.690	223	0.973	1.000	5.802E-106	334
5c67_1	1g9i_1	0.690	223	0.973	1.000	5.802E-106	334
5c67_1	2g81_1	0.690	223	0.973	1.000	5.802E-106	334
5c67_1	6dwf_1	0.690	223	0.973	1.000	5.802E-106	334
5c67_1	4j2y_2	0.690	223	0.973	1.000	5.802E-106	334
5c67_1	2ftm_1	0.686	223	0.973	1.000	2.806E-105	332
5c67_1	6kbr_1	0.392	188	0.847	0.989	4.113E-40	144
5c67_1	4ag2_1	0.330	213	0.946	0.955	6.399E-28	108
5c67_1	4afq_1	0.321	216	0.932	0.977	1.702E-25	101
5dju_1	5dju_1	1.000	55	1.000	1.000	5.818E-34	117
5dju_1	5djt_2	0.807	57	1.000	0.983	3.538E-24	89
5dju_1	1h0t_1	0.701	57	1.000	0.983	3.898E-17	69
5dju_1	2m5a_1	0.701	57	1.000	0.983	3.898E-17	69
5dju_1	2b87_1	0.709	55	0.982	0.948	5.360E-17	68
5dju_1	1lp1_1	0.709	55	1.000	0.981	1.013E-16	68
5dju_1	1lp1_2	0.690	55	1.000	0.927	4.979E-16	66
5dju_1	3mzw_2	0.636	55	1.000	0.925	4.018E-13	57
5c3f_2	5c3f_2	1.000	19	1.000	1.000	1.913E-08	42
1wq1_1	1wq1_1	1.000	166	1.000	1.000	1.807E-108	338
1wq1_1	5e95_2	1.000	166	1.000	1.000	1.807E-108	338
1wq1_1	3kud_1	1.000	165	0.994	1.000	2.256E-107	335
1wq1_1	3ddc_1	0.987	166	1.000	1.000	2.256E-107	335
1wq1_1	6h46_1	0.933	166	1.000	1.000	3.643E-102	320
1wq1_1	5ufe_1	0.944	144	0.867	0.917	2.784E-89	283
1wq1_1	5o2t_1	0.930	144	0.861	1.000	1.018E-85	273
1wq1_1	1gua_1	0.595	162	0.970	0.970	3.890E-59	196
1wq1_1	3kuc_1	0.595	162	0.970	0.970	3.890E-59	196
1wq1_1	4dxa_1	0.582	163	0.970	0.976	5.332E-59	196
1wq1_1	6ba6_2	0.582	162	0.970	0.970	9.113E-58	192
1wq1_1	2kwi_1	0.521	165	0.976	0.927	6.410E-51	172
1wq1_1	2a78_1	0.524	142	0.855	0.958	1.269E-44	154
1wq1_1	2a9k_1	0.524	142	0.855	0.958	1.269E-44	154
1wq1_1	3tkl_1	0.370	169	0.970	0.988	6.603E-29	109
1wq1_1	4g01_2	0.333	164	0.970	0.994	8.887E-23	91
1wq1_1	4ojk_1	0.347	166	0.970	0.971	5.812E-22	89
1wq1_1	4c4p_1	0.359	166	0.952	0.994	1.486E-21	87
1wq1_1	4qxa_1	0.315	150	0.886	0.987	7.094E-21	85
1wq1_1	5fr2_1	0.302	171	0.970	0.914	4.115E-19	80
1wq1_1	3eg5_1	0.315	162	0.928	0.910	7.682E-19	79
1wq1_1	4did_1	0.315	162	0.928	0.905	7.682E-19	79
1wq1_1	1ees_1	0.327	161	0.928	0.904	1.049E-18	79
1wq1_1	4yc7_2	0.317	160	0.928	0.904	4.990E-18	77
1wq1_1	2rmk_1	0.320	161	0.970	0.839	2.370E-17	75
1y1k_1	1y1k_1	1.000	281	1.000	1.000	3.755E-178	546
1y1k_1	1y33_1	1.000	281	1.000	1.000	3.755E-178	546
1y1k_1	1y34_1	1.000	281	1.000	1.000	3.755E-178	546
1y1k_1	1y3b_1	1.000	281	1.000	1.000	3.755E-178	546
1y1k_1	1y3c_1	1.000	281	1.000	1.000	3.755E-178	546
1y1k_1	1tm1_1	1.000	281	1.000	1.000	3.755E-178	546
1y1k_1	1y3d_1	1.000	281	1.000	1.000	3.755E-178	546
1y1k_1	1tm3_1	1.000	281	1.000	1.000	3.755E-178	546
1y1k_1	1y48_1	1.000	281	1.000	1.000	3.755E-178	546
1y1k_1	1tm4_1	1.000	281	1.000	1.000	3.755E-178	546
1y1k_1	1tm5_1	1.000	281	1.000	1.000	3.755E-178	546
1y1k_1	1tm7_1	1.000	281	1.000	1.000	3.755E-178	546
1y1k_1	1to1_1	1.000	281	1.000	1.000	3.755E-178	546
1y1k_1	2sic_1	0.985	275	0.964	1.000	7.637E-169	519
1y1k_1	1y4a_1	0.985	275	0.964	1.000	7.637E-169	519
1y1k_1	2sni_1	0.981	275	0.964	1.000	1.966E-168	518
1y1k_1	1r0r_1	0.697	273	0.968	0.996	4.563E-112	355
1y1k_1	4gi3_1	0.693	273	0.968	0.996	8.564E-112	354
1y1k_1	3vv2_1	0.392	315	0.932	0.984	2.280E-49	173
1yrt_1	1yrt_1	1.000	334	1.000	1.000	5.188E-221	672
2a24_1	2a24_1	1.000	107	1.000	1.000	1.663E-73	234
2a24_1	4h6j_1	0.717	92	0.832	1.000	1.938E-43	147
2a24_1	4h6j_2	0.333	105	0.925	0.946	4.633E-17	72
2a24_1	2a24_2	0.343	102	0.925	0.944	6.357E-17	71
2a24_1	3f1p_2	0.339	103	0.925	0.936	8.721E-17	71
2c1m_1	2c1m_1	1.000	424	1.000	1.000	1.765E-277	841
2c1m_1	6k06_2	0.997	423	0.998	1.000	9.615E-275	833
2c1m_1	3ul1_1	0.969	424	1.000	0.988	5.479E-266	807
1y33_2	1y33_2	1.000	64	1.000	1.000	1.405E-38	131
1y33_2	1y1k_2	0.984	64	1.000	1.000	1.772E-37	128
1y33_2	1tm1_2	0.984	64	1.000	1.000	1.772E-37	128
1y33_2	1y34_2	0.968	64	1.000	1.000	1.186E-36	125
1y33_2	1tm5_2	0.968	64	1.000	1.000	1.186E-36	125
1y33_2	1y3b_2	0.921	64	1.000	0.984	4.499E-33	115
1y33_2	1tm4_2	0.671	64	1.000	1.000	1.571E-20	79
1yru_2	1yrt_2	1.000	22	1.000	1.000	1.010E-10	48
1yru_2	1yru_2	1.000	22	1.000	1.000	1.010E-10	48
2a78_2	2a78_2	1.000	207	1.000	1.000	6.269E-134	414
2a78_2	2a9k_2	1.000	207	1.000	1.000	6.269E-134	414
2c7m_2	2c7m_2	1.000	64	1.000	1.000	1.291E-37	128
2c7m_2	2k8b_1	0.842	76	1.000	1.000	1.376E-34	119
2c7m_2	4msm_2	0.842	76	1.000	1.000	1.376E-34	119
2c7m_2	2k8c_1	0.842	76	1.000	1.000	1.376E-34	119
2c7m_2	2kwu_2	0.842	76	1.000	1.000	1.376E-34	119
2c7m_2	2kwv_2	0.842	76	1.000	1.000	1.376E-34	119
2c7m_2	2mbb_2	0.842	76	1.000	1.000	1.376E-34	119
2c7m_2	4pqt_2	0.842	76	1.000	1.000	1.376E-34	119
2c7m_2	5vzm_1	0.842	76	1.000	1.000	1.376E-34	119
2c7m_2	2fuh_2	0.842	76	1.000	1.000	1.376E-34	119
2c7m_2	2mcn_2	0.842	76	1.000	1.000	1.376E-34	119
2c7m_2	2jy6_1	0.842	76	1.000	1.000	1.376E-34	119
2c7m_2	1wrd_2	0.842	76	1.000	1.000	1.376E-34	119
2c7m_2	1yx5_2	0.842	76	1.000	1.000	1.376E-34	119
2c7m_2	2l0f_1	0.842	76	1.000	1.000	1.376E-34	119
2c7m_2	1yx6_2	0.842	76	1.000	1.000	1.376E-34	119
2c7m_2	2den_2	0.842	76	1.000	1.000	1.376E-34	119
2c7m_2	2l0t_1	0.842	76	1.000	1.000	1.376E-34	119
2c7m_2	2mj5_1	0.842	76	1.000	1.000	1.376E-34	119
2c7m_2	4k1r_2	0.842	76	1.000	1.000	1.376E-34	119
2c7m_2	2lvo_1	0.842	76	1.000	1.000	1.376E-34	119
2c7m_2	1q5w_2	0.842	76	1.000	1.000	1.376E-34	119
2c7m_2	2g45_2	0.842	76	1.000	1.000	1.376E-34	119
2c7m_2	4m0w_2	0.842	76	1.000	1.000	1.376E-34	119
2c7m_2	2mre_1	0.842	76	1.000	1.000	1.376E-34	119
2c7m_2	2mro_1	0.842	76	1.000	1.000	1.376E-34	119
2c7m_2	2ktf_1	0.842	76	1.000	1.000	1.376E-34	119
2c7m_2	2lz6_1	0.842	76	1.000	1.000	1.376E-34	119
2c7m_2	1zgu_2	0.828	76	1.000	1.000	3.562E-34	118
2c7m_2	2jt4_2	0.802	76	1.000	1.000	1.165E-32	114
2c7m_2	1wr1_1	0.802	76	1.000	1.000	1.165E-32	114
2c7m_2	1q0w_2	0.802	76	1.000	1.000	1.165E-32	114
2c7m_2	1otr_2	0.802	76	1.000	1.000	1.165E-32	114
2c7m_2	6d4p_2	0.826	69	1.000	0.958	4.438E-29	104
2c7m_2	4hcp_2	0.449	69	1.000	0.945	9.971E-15	63
2c7m_2	1p9d_1	0.343	67	0.953	0.859	3.044E-07	41
1atn_1	1atn_1	1.000	371	1.000	1.000	1.478E-252	766
1atn_1	1kxp_1	0.808	355	0.957	0.934	9.739E-181	558
3gc3_2	3gc3_2	1.000	349	1.000	1.000	1.575E-234	712
3ho5_2	3ho5_2	1.000	154	1.000	1.000	3.389E-104	325
3knb_2	3knb_2	1.000	48	1.000	1.000	1.419E-29	104
3mzw_2	3mzw_2	1.000	53	1.000	1.000	2.745E-30	106
3mzw_2	1lp1_2	0.727	55	1.000	1.000	5.212E-18	71
3mzw_2	1lp1_1	0.716	53	0.925	0.981	1.354E-17	70
3mzw_2	1h0t_1	0.672	58	0.943	1.000	1.354E-17	70
3mzw_2	2m5a_1	0.672	58	0.943	1.000	1.354E-17	70
3mzw_2	2b87_1	0.696	56	0.925	0.966	2.210E-15	64
3mzw_2	5djt_2	0.703	54	0.868	0.931	2.830E-14	61
3mzw_2	5dju_1	0.636	55	0.925	1.000	8.829E-12	53
3ojm_2	3ojm_2	1.000	206	1.000	1.000	2.045E-146	450
3ojm_2	1ry7_2	0.471	205	0.995	0.980	7.960E-49	168
4dj9_1	4dj9_1	1.000	240	1.000	1.000	1.362E-148	458
4dj9_1	1t01_1	0.762	248	0.817	0.976	2.027E-103	328
4euk_1	4euk_1	1.000	136	1.000	1.000	3.684E-87	275
4giq_1	4giq_1	1.000	155	1.000	1.000	5.351E-105	327
4hrl_1	4hrl_1	1.000	167	1.000	1.000	4.004E-116	360
3mzg_1	3mzg_1	1.000	186	1.000	1.000	1.273E-121	377
3mzg_1	3ncc_1	1.000	186	1.000	1.000	1.273E-121	377
3mzg_1	3n06_1	0.994	186	1.000	1.000	2.985E-120	373
3mzg_1	3n0p_1	0.994	186	1.000	1.000	2.985E-120	373
3mzg_1	3ncb_1	0.994	186	1.000	1.000	2.985E-120	373
3mzw_1	3mzw_1	1.000	569	1.000	1.000	0.000E+00	1237
3mzw_1	5my6_1	0.572	554	0.974	0.911	3.383E-189	593
3ojm_1	3ojm_1	1.000	144	1.000	1.000	6.373E-99	309
3qbr_1	3qbr_1	1.000	163	1.000	1.000	1.039E-107	336
3rt0_1	3rt0_1	1.000	328	1.000	1.000	1.845E-223	679
3rt0_1	3ujg_2	0.457	322	0.982	1.000	4.757E-93	302
3u43_1	3u43_1	1.000	92	1.000	1.000	2.063E-59	192
3u43_1	2vlo_1	0.692	91	0.989	1.000	5.607E-38	131
3u43_1	2vln_1	0.573	89	0.967	0.962	1.460E-26	98
3u43_1	2vlq_1	0.554	92	1.000	0.893	5.187E-26	96
3u43_1	1emv_1	0.510	92	1.000	0.936	5.530E-23	88
1mzw_1	1mzw_1	1.000	173	1.000	1.000	4.132E-120	372
1pk1_1	1pk1_1	1.000	63	1.000	1.000	5.161E-39	132
1rpq_1	1rpq_1	1.000	164	1.000	1.000	4.483E-112	348
1tba_1	1tba_1	1.000	67	1.000	1.000	4.606E-39	132
4h6j_2	4h6j_2	1.000	111	1.000	1.000	1.615E-74	237
4h6j_2	3f1p_2	0.981	111	1.000	0.991	1.230E-71	229
4h6j_2	2a24_2	0.963	110	0.991	0.991	1.408E-69	223
4h6j_2	2a24_1	0.333	105	0.946	0.925	2.649E-16	70
6arq_2	6arq_2	1.000	233	1.000	1.000	1.311E-161	495
6dsl_2	6dsl_2	1.000	118	1.000	1.000	6.154E-78	247
6fc3_2	6fc3_2	1.000	43	1.000	1.000	9.244E-24	87
6gjq_2	6gjq_2	1.000	121	1.000	1.000	9.366E-81	256
6gjq_2	5hvf_2	0.766	120	0.992	1.000	4.883E-53	176
6gjq_2	4ksd_2	0.696	121	1.000	1.000	1.051E-50	169
6gjq_2	6f2g_2	0.685	124	1.000	0.947	2.264E-48	162
6gjq_2	5m2m_2	0.645	127	1.000	1.000	1.004E-46	158
6gjq_2	5o2u_2	0.661	121	1.000	0.983	1.577E-44	151
6gjq_2	5jds_1	0.625	127	0.992	1.000	2.164E-44	151
6gjq_2	5ip4_1	0.650	120	0.992	1.000	7.660E-44	149
6gjq_2	3zkq_2	0.663	121	1.000	0.982	1.051E-43	149
6gjq_2	6cwg_2	0.610	127	1.000	1.000	1.317E-42	146
6gjq_2	6fv0_2	0.644	120	0.992	1.000	5.842E-41	141
6gjq_2	1ri8_2	0.580	124	1.000	1.000	1.889E-39	137
6gjq_2	5imk_1	0.598	121	1.000	0.846	4.876E-39	136
6gjq_2	5imm_1	0.598	121	1.000	0.839	4.876E-39	136
6gjq_2	4x7f_2	0.630	119	0.983	1.000	9.175E-39	135
6gjq_2	4pou_2	0.590	121	1.000	0.883	2.163E-37	131
6gjq_2	4x7e_2	0.595	121	1.000	0.824	7.658E-37	129
6gjq_2	1op9_2	0.524	120	0.992	0.839	4.257E-34	121
6gjq_2	1zvh_2	0.520	120	0.992	0.836	2.067E-33	119
6gjq_2	4w6w_2	0.520	121	1.000	0.839	2.067E-33	119
6gjq_2	3eba_1	0.504	120	0.992	0.831	2.590E-32	116
6gjq_2	4i0c_2	0.500	121	1.000	0.833	1.973E-29	108
6gjq_2	6jb2_1	0.483	121	1.000	0.841	1.313E-28	106
6gjq_2	5my6_2	0.489	98	0.810	0.908	3.053E-20	81
6gjq_2	5j57_2	0.426	108	0.893	0.847	4.186E-20	81
6gjq_2	3bzd_1	0.302	109	0.901	0.927	3.895E-07	44
6idx_2	6idx_2	1.000	17	1.000	1.000	1.577E-07	39
2gng_2	2cpk_2	1.000	20	1.000	1.000	3.207E-10	47
2gng_2	1fmo_2	1.000	20	1.000	1.000	3.207E-10	47
2gng_2	2gng_2	1.000	20	1.000	1.000	3.207E-10	47
2j0t_2	2j0t_2	1.000	69	1.000	1.000	2.619E-46	153
2k6d_2	2k6d_2	1.000	76	1.000	1.000	7.654E-47	155
2k6d_2	3kw5_2	1.000	75	0.987	1.000	1.322E-45	152
2k6d_2	2mur_2	0.961	77	0.974	0.987	3.944E-43	145
2k6d_2	6dgf_2	0.945	74	0.974	1.000	3.320E-41	139
2k6d_2	5xiu_2	0.972	73	0.934	1.000	6.254E-41	138
2k6d_2	2hth_1	0.972	73	0.934	1.000	6.254E-41	138
2k6d_2	2oob_2	0.972	72	0.921	1.000	2.220E-40	137
2k6d_2	4i6l_2	0.904	73	0.947	1.000	1.717E-37	128
2k6d_2	4hcn_2	0.953	64	0.842	1.000	2.972E-36	125
2k6d_2	5hpk_2	0.840	75	0.974	0.974	5.601E-36	124
2k6d_2	1yd8_1	0.968	64	0.816	1.000	3.748E-35	122
2k6d_2	2dx5_2	0.968	64	0.816	1.000	3.748E-35	122
2k6d_2	5v5h_2	0.921	64	0.842	0.984	5.486E-32	113
2k6d_2	5hps_2	0.808	73	0.934	1.000	7.531E-32	112
2k6d_2	2knb_1	0.319	72	0.947	0.947	1.307E-10	51
2kt5_2	2kt5_2	1.000	40	1.000	1.000	5.730E-24	87
2l2l_2	2l2l_2	1.000	35	1.000	1.000	3.258E-16	65
3uyo_2	3uyo_2	1.000	94	1.000	1.000	1.815E-60	196
3uyo_2	4je4_2	0.827	93	0.979	1.000	3.693E-43	146
3uyo_2	5mtj_2	0.812	96	0.957	1.000	9.543E-43	145
3uyo_2	3rzw_2	0.804	92	0.979	0.978	2.842E-40	138
3wrx_2	3wrx_2	1.000	423	1.000	1.000	4.667E-281	851
3wrx_2	3wry_2	0.910	424	0.927	0.981	4.348E-248	756
4afq_2	4afq_2	1.000	58	1.000	1.000	2.120E-39	133
4afq_2	4ag2_2	0.864	58	0.983	1.000	9.985E-31	108
4afq_2	5zau_1	0.844	58	1.000	1.000	1.263E-29	105
4afq_2	1avz_2	0.844	58	1.000	1.000	1.263E-29	105
4afq_2	1efn_1	0.793	58	1.000	0.982	4.467E-25	92
4afq_2	3reb_2	0.534	58	1.000	0.949	2.072E-15	64
4afq_2	2k7a_1	0.350	58	0.948	0.921	1.568E-06	39
4afq_2	2k79_1	0.350	58	0.948	0.921	1.568E-06	39
4afq_2	1zsg_1	0.333	61	0.931	0.938	7.802E-06	37
4bfi_2	4bfi_2	1.000	202	1.000	1.000	9.000E-137	422
4cvw_2	4cvw_2	1.000	26	1.000	1.000	2.509E-15	62
5y1z_1	5y1z_1	1.000	129	1.000	1.000	1.818E-83	264
6aw2_1	6aw2_1	1.000	107	1.000	1.000	4.487E-70	224
6aw2_1	6gbh_1	1.000	107	1.000	0.991	4.487E-70	224
6aw2_1	6gbg_1	0.990	107	1.000	0.972	7.046E-68	218
6aw2_1	2ver_2	0.850	107	1.000	0.955	3.592E-57	187
6dwh_1	1d6r_1	1.000	223	1.000	1.000	3.573E-150	462
6dwh_1	1smf_1	1.000	223	1.000	1.000	3.573E-150	462
6dwh_1	2uuy_1	1.000	223	1.000	1.000	3.573E-150	462
6dwh_1	2xtt_2	1.000	223	1.000	1.000	3.573E-150	462
6dwh_1	6dwh_1	1.000	223	1.000	1.000	3.573E-150	462
6dwh_1	1c9t_1	0.973	223	0.973	1.000	1.340E-143	443
6dwh_1	4aoq_1	0.973	223	0.973	1.000	1.340E-143	443
6dwh_1	1ppe_1	0.973	223	0.973	1.000	1.340E-143	443
6dwh_1	2ptc_1	0.973	223	0.973	1.000	1.340E-143	443
6dwh_1	2tgp_1	0.973	223	0.973	1.000	1.340E-143	443
6dwh_1	1g9i_1	0.973	223	0.973	1.000	1.340E-143	443
6dwh_1	2g81_1	0.973	223	0.973	1.000	1.340E-143	443
6dwh_1	6dwf_1	0.973	223	0.973	1.000	1.340E-143	443
6dwh_1	4j2y_2	0.973	223	0.973	1.000	1.340E-143	443
6dwh_1	2ftm_1	0.968	223	0.973	1.000	6.486E-143	441
6dwh_1	1ldt_1	0.820	223	1.000	1.000	1.938E-127	396
6dwh_1	1eja_1	0.820	223	1.000	1.000	1.938E-127	396
6dwh_1	3fp6_1	0.739	223	1.000	1.000	2.459E-113	355
6dwh_1	2ra3_1	0.741	224	1.000	1.000	4.619E-113	355
6dwh_1	3p92_1	0.721	223	1.000	1.000	1.844E-110	347
6dwh_1	3p95_1	0.721	223	1.000	1.000	1.844E-110	347
6dwh_1	3l33_1	0.721	223	1.000	1.000	1.844E-110	347
6dwh_1	6gfi_1	0.721	223	1.000	1.000	1.844E-110	347
6dwh_1	6har_1	0.718	224	1.000	1.000	5.911E-109	343
6dwh_1	2r9p_1	0.718	224	1.000	1.000	5.911E-109	343
6dwh_1	5c67_1	0.717	223	1.000	1.000	2.859E-108	341
6dwh_1	4u32_2	0.691	224	0.978	1.000	5.010E-104	329
6dwh_1	4u30_1	0.695	223	0.973	1.000	6.867E-104	328
6dwh_1	6kbr_1	0.397	189	0.848	0.989	6.898E-36	132
6dwh_1	4ag2_1	0.343	206	0.906	0.924	7.508E-29	111
6dwh_1	4afq_1	0.334	209	0.892	0.946	2.733E-26	104
6fg8_1	6fg8_1	1.000	188	1.000	1.000	1.635E-126	391
2f9z_2	2f9z_2	1.000	150	1.000	1.000	1.380E-93	294
3uzq_2	3uzq_2	1.000	95	1.000	1.000	3.127E-62	201
3uzq_2	5aam_2	0.533	90	0.947	0.938	1.624E-33	118
3uzq_2	5aaw_2	0.533	90	0.947	0.938	1.624E-33	118
3uzq_2	3uyp_1	0.533	90	0.947	0.938	1.624E-33	118
3uzq_2	5kve_1	0.505	87	0.895	0.861	5.147E-28	102
3zet_2	3zet_2	1.000	337	1.000	1.000	9.928E-223	677
4an7_2	4an7_2	1.000	121	1.000	1.000	1.930E-81	258
4brw_2	4brw_2	1.000	8	1.000	1.000	5.279E-02	22
4dbg_2	4dbg_2	1.000	145	1.000	1.000	1.632E-94	297
1mcv_2	1mcv_2	1.000	28	1.000	1.000	1.354E-18	71
1mcv_2	1ppe_2	0.576	26	0.929	0.897	4.299E-07	38
1p9d_2	1p9d_2	1.000	32	1.000	1.000	1.061E-16	66
1rjc_2	1rjc_2	1.000	112	1.000	1.000	1.948E-79	251
1t63_2	1t63_2	1.000	14	1.000	1.000	2.950E-05	32
5jsn_2	5jsn_2	1.000	115	1.000	1.000	7.238E-64	207
5li1_2	5li1_2	1.000	13	1.000	1.000	7.172E-05	31
5mr5_2	5mr5_2	1.000	198	1.000	1.000	6.342E-142	436
5mr5_2	2gh0_2	0.375	195	0.944	0.980	7.173E-39	139
5o2t_2	5o2t_2	1.000	142	1.000	1.000	1.468E-91	288
5o2t_2	6h47_2	0.811	138	0.972	0.937	2.279E-65	213
5o2t_2	2v5q_2	0.775	138	0.972	0.962	5.079E-60	197
5t0f_2	5t0f_2	1.000	30	1.000	1.000	5.959E-15	61
4u4c_1	4u4c_1	1.000	938	1.000	1.000	0.000E+00	1873
4x7s_1	4x7s_1	1.000	210	1.000	1.000	1.749E-139	430
4yn0_1	4yn0_1	1.000	168	1.000	1.000	1.217E-123	382
5aaw_1	5aaw_1	1.000	228	1.000	1.000	6.426E-157	481
5aaw_1	5aam_1	0.995	228	1.000	1.000	7.284E-155	475
5aaw_1	3uyp_2	0.712	226	0.991	0.898	7.428E-109	343
5aaw_1	3uze_2	0.712	226	0.991	0.886	7.428E-109	343
5aaw_1	3uzv_2	0.712	226	0.991	0.886	7.428E-109	343
5aaw_1	3uzq_1	0.690	226	0.991	0.893	4.059E-106	335
5aaw_1	6ejm_2	0.539	225	0.987	0.987	5.072E-76	248
5aaw_1	1dzb_1	0.508	217	0.895	0.986	1.344E-69	229
5aaw_1	5dfw_2	0.483	225	0.987	0.986	2.063E-67	223
5aaw_1	6cbp_2	0.502	231	0.886	0.983	8.119E-65	216
5aaw_1	6qb3_2	0.391	224	0.982	0.982	4.391E-50	173
5aaw_1	6oan_2	0.412	221	0.969	0.860	1.225E-44	157
5aaw_1	6i07_1	0.339	227	0.974	0.996	3.469E-29	112
5ctr_1	5ctr_1	1.000	303	1.000	1.000	6.842E-203	618
1nys_2	1nys_2	1.000	70	1.000	1.000	3.781E-46	153
1psb_2	1psb_2	1.000	26	1.000	1.000	9.314E-11	49
1s4y_2	1s4y_2	1.000	109	1.000	1.000	6.213E-76	241
1te1_2	1te1_2	1.000	189	1.000	1.000	3.892E-128	396
1te1_2	2b42_2	0.500	180	0.878	0.978	7.337E-52	176
1us7_2	1us7_2	1.000	194	1.000	1.000	3.604E-128	396
4yn0_2	4yn0_2	1.000	202	1.000	1.000	1.274E-123	384
5aaw_2	5aam_2	1.000	96	1.000	1.000	2.395E-62	201
5aaw_2	5aaw_2	1.000	96	1.000	1.000	2.395E-62	201
5aaw_2	3uyp_1	0.979	96	1.000	1.000	4.121E-61	198
5aaw_2	3uzq_2	0.533	90	0.938	0.947	2.336E-33	118
5aaw_2	5kve_1	0.516	91	0.927	0.901	1.914E-27	101
5ctr_2	5ctr_2	1.000	212	1.000	1.000	4.511E-148	455
5e6p_2	5e6p_2	1.000	28	1.000	1.000	9.361E-14	57
5fzt_2	5fzt_2	1.000	23	1.000	1.000	8.967E-13	54
3cqc_1	3cqc_1	1.000	226	1.000	1.000	2.192E-150	462
3cqc_1	3cqg_1	0.378	203	0.898	0.802	1.431E-35	131
3dxc_1	3dxc_1	1.000	123	1.000	1.000	1.942E-80	255
3dxc_1	3dxd_1	1.000	123	1.000	1.000	1.942E-80	255
3fii_1	3fii_1	1.000	403	1.000	1.000	3.275E-274	830
3gqi_1	3gqi_1	1.000	297	1.000	1.000	7.782E-204	621
3gqi_1	3d7t_2	0.349	287	0.966	0.966	3.708E-46	165
3jza_1	3jza_1	1.000	148	1.000	1.000	5.853E-96	301
3jza_1	3tkl_1	0.898	148	1.000	0.807	1.062E-81	260
3jza_1	5szh_2	0.768	147	0.993	0.937	1.168E-65	214
3jza_1	4c4p_1	0.520	148	1.000	0.826	9.978E-44	151
3jza_1	4g01_2	0.378	148	1.000	0.806	5.015E-27	102
3jza_1	4qxa_1	0.322	148	1.000	0.875	1.613E-22	89
3jza_1	5o2t_1	0.331	147	0.993	0.903	2.205E-19	80
3jza_1	5ufe_1	0.344	147	0.993	0.822	5.650E-19	79
3jza_1	2a78_1	0.333	147	0.993	0.868	4.539E-17	74
3jza_1	2a9k_1	0.333	147	0.993	0.868	4.539E-17	74
3jza_1	4d0g_1	0.326	148	1.000	0.898	1.937E-15	69
3wqb_1	3wqb_1	1.000	600	1.000	1.000	0.000E+00	1197
4a49_1	4a49_1	1.000	76	1.000	1.000	5.461E-54	176
4bd9_1	4bd9_1	1.000	304	1.000	1.000	1.129E-210	641
4bd9_1	3fju_1	0.597	303	0.997	0.984	2.636E-128	403
4cu4_1	4cu4_1	1.000	693	1.000	1.000	0.000E+00	1435
4dzv_1	4dzv_1	1.000	192	1.000	1.000	5.980E-121	376
2wo2_2	2wo2_2	1.000	136	1.000	1.000	6.406E-93	291
2wo2_2	2vsm_2	0.789	136	1.000	0.993	7.403E-74	237
2xhe_2	2xhe_2	1.000	215	1.000	1.000	5.020E-131	406
3ajb_2	3ajb_2	1.000	24	1.000	1.000	1.220E-11	51
3ajb_2	2q5d_2	0.363	22	0.917	0.833	7.441E+02	13
3c66_2	3c66_2	1.000	21	1.000	1.000	4.691E-10	46
3dvm_2	3dvm_2	1.000	21	1.000	1.000	4.385E-09	44
6umt_2	6umt_2	1.000	95	1.000	1.000	3.419E-63	203
1b2s_1	1b2s_1	1.000	91	1.000	1.000	9.543E-59	190
1b2s_1	1b27_1	0.825	109	1.000	0.991	3.253E-54	177
1b2s_1	1brs_1	0.825	109	1.000	0.991	3.253E-54	177
1eaw_1	1eaw_1	1.000	241	1.000	1.000	3.623E-171	523
1eaw_1	1zjd_1	0.388	230	0.942	0.970	4.245E-48	168
1eaw_1	1gl0_1	0.359	240	0.996	0.958	1.577E-42	152
1g6v_1	1g6v_1	1.000	256	1.000	1.000	7.446E-181	552
1j2j_1	1j2j_1	1.000	165	1.000	1.000	3.902E-110	343
1j2j_1	5ee5_2	0.573	164	0.994	1.000	6.773E-62	204
1j2j_1	3bh6_1	0.464	157	0.939	0.975	1.104E-43	151
1j2j_1	3doe_1	0.412	177	0.970	0.937	2.840E-43	150
2cpk_2	2cpk_2	1.000	20	1.000	1.000	3.207E-10	47
2cpk_2	1fmo_2	1.000	20	1.000	1.000	3.207E-10	47
2cpk_2	2gng_2	1.000	20	1.000	1.000	3.207E-10	47
4dm8_2	4dm8_2	1.000	8	1.000	1.000	8.653E-01	19
4f38_2	4f38_2	1.000	179	1.000	1.000	2.668E-119	370
4gn4_2	4gn4_2	1.000	107	1.000	1.000	3.271E-70	224
4i6l_2	4i6l_2	1.000	73	1.000	1.000	9.566E-44	146
4i6l_2	2mur_2	0.893	75	1.000	0.962	1.479E-37	128
4i6l_2	5xiu_2	0.904	73	0.986	1.000	5.253E-37	127
4i6l_2	2hth_1	0.904	73	0.986	1.000	5.253E-37	127
4i6l_2	3kw5_2	0.904	73	1.000	0.960	5.253E-37	127
4i6l_2	2k6d_2	0.904	73	1.000	0.947	5.253E-37	127
4i6l_2	2oob_2	0.902	72	0.973	1.000	1.865E-36	125
4i6l_2	5hpk_2	0.821	73	1.000	0.948	7.682E-34	118
4i6l_2	6dgf_2	0.849	73	1.000	0.973	1.448E-33	117
4i6l_2	1yd8_1	0.921	64	0.863	1.000	5.144E-33	115
4i6l_2	2dx5_2	0.921	64	0.863	1.000	5.144E-33	115
4i6l_2	5hps_2	0.821	73	0.986	1.000	1.828E-32	114
4i6l_2	4hcn_2	0.875	64	0.877	0.984	4.352E-31	110
4i6l_2	5v5h_2	0.859	64	0.877	0.968	9.543E-29	103
4jw3_2	4jw3_2	1.000	97	1.000	1.000	7.451E-60	194
5w3x_1	5w3x_1	1.000	324	1.000	1.000	3.183E-211	644
5xln_1	5xln_1	1.000	165	1.000	1.000	9.372E-116	359
5zo2_1	5zo2_1	1.000	293	1.000	1.000	2.715E-195	596
6cwg_1	6cwg_1	1.000	259	1.000	1.000	3.301E-171	524
2rmk_2	2rmk_2	1.000	81	1.000	1.000	1.850E-46	154
1zsg_1	1zsg_1	1.000	65	1.000	1.000	1.103E-42	143
1zsg_1	2k6d_1	0.377	61	0.938	0.887	1.597E-11	53
1zsg_1	2mcn_1	0.328	64	0.985	0.930	3.881E-10	49
1zsg_1	1efn_1	0.435	61	0.938	0.911	2.637E-09	47
1zsg_1	5zau_1	0.380	61	0.938	0.930	4.678E-08	44
1zsg_1	1avz_2	0.380	61	0.938	0.930	4.678E-08	44
1zsg_1	3reb_2	0.307	63	0.969	0.915	1.486E-05	36
1zsg_1	4ag2_2	0.348	61	0.938	0.948	2.048E-05	36
1zsg_1	4afq_2	0.317	61	0.938	0.931	1.932E-04	33
2bqz_1	2bqz_1	1.000	161	1.000	1.000	3.337E-107	334
2few_1	2few_1	1.000	144	1.000	1.000	3.039E-91	287
2hd5_1	2hd5_1	1.000	168	1.000	1.000	7.897E-116	359
2jgz_1	2jgz_1	1.000	287	1.000	1.000	9.897E-195	594
4yeb_2	4yeb_2	1.000	321	1.000	1.000	5.981E-219	666
4zk9_2	4zk9_2	1.000	19	1.000	1.000	2.047E-09	44
4zk9_2	2lp0_2	0.411	17	0.895	0.850	7.203E+01	15
5bnq_2	3me2_2	1.000	166	1.000	1.000	1.663E-124	384
5bnq_2	5bnq_2	1.000	166	1.000	1.000	1.663E-124	384
5bnq_2	4giq_2	0.993	165	0.994	1.000	2.362E-121	375
5bnq_2	2hev_2	0.324	150	0.904	0.850	3.235E-17	75
5dcq_2	5dcq_2	1.000	167	1.000	1.000	2.755E-112	349
3fii_2	3fii_2	1.000	26	1.000	1.000	4.918E-11	49
1q69_1	1q69_1	1.000	19	1.000	1.000	2.047E-09	44
1syq_1	1syq_1	1.000	250	1.000	1.000	7.762E-158	485
1syq_1	2gww_1	0.972	257	1.000	0.996	1.651E-155	479
1syq_1	1rkc_1	0.972	257	1.000	0.996	1.651E-155	479
1syq_1	1rke_1	0.972	257	1.000	0.996	1.651E-155	479
1syq_1	2hsq_1	0.892	224	0.800	0.885	2.271E-119	374
1tm5_1	1y1k_1	1.000	281	1.000	1.000	3.755E-178	546
1tm5_1	1y33_1	1.000	281	1.000	1.000	3.755E-178	546
1tm5_1	1y34_1	1.000	281	1.000	1.000	3.755E-178	546
1tm5_1	1y3b_1	1.000	281	1.000	1.000	3.755E-178	546
1tm5_1	1y3c_1	1.000	281	1.000	1.000	3.755E-178	546
1tm5_1	1tm1_1	1.000	281	1.000	1.000	3.755E-178	546
1tm5_1	1y3d_1	1.000	281	1.000	1.000	3.755E-178	546
1tm5_1	1tm3_1	1.000	281	1.000	1.000	3.755E-178	546
1tm5_1	1y48_1	1.000	281	1.000	1.000	3.755E-178	546
1tm5_1	1tm4_1	1.000	281	1.000	1.000	3.755E-178	546
1tm5_1	1tm5_1	1.000	281	1.000	1.000	3.755E-178	546
1tm5_1	1tm7_1	1.000	281	1.000	1.000	3.755E-178	546
1tm5_1	1to1_1	1.000	281	1.000	1.000	3.755E-178	546
1tm5_1	2sic_1	0.985	275	0.964	1.000	7.637E-169	519
1tm5_1	1y4a_1	0.985	275	0.964	1.000	7.637E-169	519
1tm5_1	2sni_1	0.981	275	0.964	1.000	1.966E-168	518
1tm5_1	1r0r_1	0.697	273	0.968	0.996	4.563E-112	355
1tm5_1	4gi3_1	0.693	273	0.968	0.996	8.564E-112	354
1tm5_1	3vv2_1	0.392	315	0.932	0.984	2.280E-49	173
1veu_1	1veu_1	1.000	102	1.000	1.000	1.363E-63	205
1x1y_1	1x1y_1	1.000	108	1.000	1.000	2.396E-73	233
1x1y_1	2za4_1	0.990	108	1.000	1.000	1.595E-72	231
1x1y_1	1x1u_1	0.981	109	0.991	1.000	5.158E-71	227
1x1y_1	1x1x_1	0.981	109	0.991	1.000	5.158E-71	227
1x1y_1	1x1w_1	0.972	110	0.991	1.000	7.075E-71	226
1x1y_1	1b2u_1	0.963	110	0.991	1.000	4.712E-70	224
1x1y_1	1b3s_1	0.963	110	0.991	1.000	1.668E-69	222
2omv_1	2omv_1	1.000	450	1.000	1.000	3.004E-283	859
2omv_1	2omy_1	0.995	450	1.000	1.000	2.471E-281	853
2omv_1	2omz_1	0.969	461	1.000	0.989	4.298E-277	841
2omv_1	2omx_1	0.969	462	1.000	1.000	7.318E-276	837
2p47_1	2p47_1	1.000	123	1.000	1.000	1.032E-80	256
2p47_1	2p4a_1	0.886	123	0.886	0.992	7.420E-67	216
2p47_1	1dfj_1	0.886	123	0.886	0.992	7.420E-67	216
2p47_1	2p42_1	0.886	123	0.886	0.992	7.420E-67	216
2p47_1	2p43_1	0.886	123	0.886	0.992	7.420E-67	216
2p47_1	2p45_1	0.886	123	0.886	0.992	7.420E-67	216
2p47_1	2p48_1	0.886	123	0.886	0.992	7.420E-67	216
2p47_1	2p44_1	0.829	123	1.000	0.857	4.117E-64	208
2p47_1	4pou_1	0.829	123	1.000	0.850	4.117E-64	208
2p47_1	2p49_1	0.804	123	1.000	0.832	1.666E-61	200
2p47_1	3qsk_1	0.804	123	1.000	0.832	1.666E-61	200
2qxv_1	2qxv_1	1.000	352	1.000	1.000	1.031E-251	762
2v4z_1	2v4z_1	1.000	343	1.000	1.000	3.544E-229	696
2v4z_1	3onw_1	0.865	289	0.825	0.912	5.267E-162	503
2v4z_1	4ekc_1	0.505	291	0.825	0.918	7.446E-83	274
2v4z_1	4ekd_1	0.503	290	0.825	0.912	7.446E-83	274
4wem_1	4wem_1	1.000	248	1.000	1.000	1.066E-158	488
2y9m_1	2y9m_1	1.000	146	1.000	1.000	4.931E-102	318
3bn3_1	3bn3_1	1.000	180	1.000	1.000	5.977E-117	363
3bn3_1	1t0p_1	0.942	174	0.939	1.000	2.743E-102	321
3cx8_1	3cx7_1	1.000	302	1.000	1.000	3.073E-205	625
3cx8_1	3cx8_1	1.000	302	1.000	1.000	3.073E-205	625
3cx8_1	3cx6_1	0.986	296	0.980	0.987	5.676E-195	595
3cx8_1	4ekc_1	0.408	299	0.990	0.861	4.075E-72	241
3cx8_1	4ekd_1	0.408	299	0.990	0.855	1.427E-71	239
3e2l_1	3e2l_1	1.000	260	1.000	1.000	1.894E-168	516
3g9v_1	3g9v_1	1.000	175	1.000	1.000	9.390E-121	374
1wa8_2	1wa8_2	1.000	95	1.000	1.000	9.729E-57	185
1xqs_2	1xqs_2	1.000	148	1.000	1.000	2.945E-92	290
1yc0_2	1yc0_2	1.000	66	1.000	1.000	1.787E-47	156
1yc0_2	4u32_1	0.603	53	0.803	0.981	2.789E-22	84
1yc0_2	6gfi_2	0.509	53	0.803	0.946	3.573E-17	70
1yc0_2	5c67_2	0.490	53	0.803	1.000	9.279E-17	68
1yc0_2	6har_2	0.471	53	0.803	0.981	6.261E-16	66
1yc0_2	1zjd_2	0.452	53	0.803	0.930	4.228E-15	64
1yc0_2	3p92_2	0.377	53	0.803	0.914	2.656E-13	59
1yc0_2	3p95_2	0.377	53	0.803	0.914	2.656E-13	59
1yc0_2	1f5r_2	0.358	53	0.803	0.930	9.501E-13	57
1yc0_2	2ftl_2	0.358	53	0.803	0.914	9.501E-13	57
1yc0_2	2ptc_2	0.358	53	0.803	0.914	9.501E-13	57
1yc0_2	2tgp_2	0.358	53	0.803	0.914	9.501E-13	57
1yc0_2	3fp6_2	0.358	53	0.803	0.914	9.501E-13	57
1yc0_2	2r9p_2	0.358	53	0.803	0.914	9.501E-13	57
1yc0_2	2ftm_2	0.339	53	0.803	0.914	2.304E-11	53
1zsg_2	1zsg_2	1.000	21	1.000	1.000	3.409E-10	47
5swk_2	5swk_2	1.000	98	1.000	1.000	8.926E-65	208
3pnr_1	3pnr_1	1.000	240	1.000	1.000	5.902E-170	520
3pnr_1	1yvb_1	0.959	223	0.904	1.000	9.028E-148	456
3rgf_1	3rgf_1	1.000	319	1.000	1.000	4.690E-224	680
3twi_1	3twi_1	1.000	136	1.000	1.000	4.986E-80	254
3uzv_1	3uzv_1	1.000	97	1.000	1.000	1.599E-64	207
3zkq_1	3zkq_1	1.000	376	1.000	1.000	2.058E-253	768
5vx0_1	5vx0_1	1.000	169	1.000	1.000	1.071E-111	347
5xco_1	5xco_1	1.000	169	1.000	1.000	9.755E-111	345
5xco_1	5tar_1	0.868	183	0.947	0.995	1.121E-98	310
5xco_1	1he8_2	0.905	169	1.000	0.988	7.446E-98	308
5xco_1	6amb_1	0.798	169	1.000	0.847	1.212E-82	264
5xco_1	1zc3_1	0.537	162	0.935	0.942	1.212E-52	177
5xco_1	1zc4_1	0.533	163	0.935	0.942	1.662E-52	177
5xco_1	5szk_2	0.359	165	0.976	0.908	1.121E-26	102
5xco_1	4js0_1	0.329	161	0.870	0.904	2.159E-18	78
5xco_1	5fr1_1	0.318	160	0.852	0.870	5.497E-18	77
5xco_1	2fju_1	0.316	160	0.870	0.904	1.399E-17	76
5xco_1	1grn_1	0.324	179	0.870	0.937	2.607E-17	75
5xco_1	4d0n_1	0.305	144	0.852	0.873	5.306E-13	63
5xco_1	1e96_1	0.305	143	0.846	0.873	1.823E-12	61
5yr0_1	5yr0_1	1.000	48	1.000	1.000	5.048E-21	79
6bmt_1	6bmt_1	1.000	573	1.000	1.000	0.000E+00	1213
6bmt_1	5uzu_2	0.866	555	0.932	0.962	0.000E+00	1002
1yvb_1	1yvb_1	1.000	223	1.000	1.000	6.124E-159	487
1yvb_1	3pnr_1	0.959	223	1.000	0.904	2.155E-148	456
6kbn_2	6kbn_2	1.000	21	1.000	1.000	2.477E-10	47
6kbn_2	6kbm_2	0.692	26	0.857	1.000	9.486E-06	34
6o3o_2	6o3o_2	1.000	270	1.000	1.000	7.688E-181	553
6r2g_2	6r2g_2	1.000	34	1.000	1.000	2.602E-18	71
1axi_1	1axi_1	1.000	166	1.000	1.000	1.200E-107	336
1dpj_1	1dp5_1	1.000	328	1.000	1.000	7.689E-228	692
1dpj_1	1dpj_1	1.000	328	1.000	1.000	7.689E-228	692
2zvk_2	2zvk_2	1.000	6	1.000	1.000	3.077E+00	17
3c59_2	3c59_2	1.000	25	1.000	1.000	2.817E-13	56
3di3_2	3di3_2	1.000	191	1.000	1.000	2.751E-130	402
3di3_2	3di2_2	0.952	188	0.984	0.984	1.894E-116	362
3f50_2	3f50_2	1.000	2	1.000	1.000	2.411E+04	8
3gj6_2	3gj6_2	1.000	26	1.000	1.000	4.743E-15	61
3gj6_2	3gj5_2	0.615	26	0.962	1.000	2.007E-07	39
3gj6_2	3gj8_2	0.615	26	0.962	0.963	2.007E-07	39
3gj6_2	3gj4_2	0.400	25	0.962	0.926	3.410E-05	33
5g15_2	5g15_2	1.000	88	1.000	1.000	4.593E-56	183
5g15_2	5mtm_2	0.738	84	0.932	0.913	4.782E-31	111
5g15_2	5dc4_2	0.702	90	1.000	0.978	8.279E-30	107
5g15_2	4jeg_2	0.719	85	0.932	0.914	8.279E-30	107
5g15_2	5mtn_2	0.670	90	0.977	0.957	1.968E-28	103
5imk_2	5imk_2	1.000	118	1.000	1.000	1.522E-80	255
5imk_2	5imm_2	0.796	118	1.000	0.983	1.573E-63	206
5jw9_2	5jw9_2	1.000	113	1.000	1.000	3.832E-72	230
5lxm_2	5lxm_2	1.000	12	1.000	1.000	4.859E-05	31
5mtj_2	5mtj_2	1.000	96	1.000	1.000	2.190E-61	198
5mtj_2	3uyo_2	0.812	96	1.000	0.957	3.726E-42	143
5mtj_2	4je4_2	0.822	95	0.990	0.968	8.821E-41	139
5mtj_2	3rzw_2	0.747	95	0.990	0.944	1.075E-35	124
4nzw_1	4nzw_1	1.000	309	1.000	1.000	4.955E-200	610
4nzw_1	4fza_1	0.797	287	0.806	0.993	9.015E-135	422
4qlb_1	4qlb_1	1.000	646	1.000	1.000	0.000E+00	1350
4uem_1	4uem_1	1.000	281	1.000	1.000	5.367E-185	565
4xl5_1	4xl5_1	1.000	62	1.000	1.000	1.006E-39	134
4yvq_1	4yvq_1	1.000	78	1.000	1.000	3.897E-49	162
5mtm_2	5mtm_2	1.000	92	1.000	1.000	3.883E-59	192
5mtm_2	5mtn_2	0.872	94	1.000	1.000	7.787E-49	162
5mtm_2	4jeg_2	0.863	87	0.946	0.935	1.189E-42	144
5mtm_2	5dc4_2	0.815	91	0.989	0.978	5.303E-41	139
5mtm_2	5g15_2	0.738	84	0.913	0.932	4.588E-32	114
5oaq_2	5oaq_2	1.000	40	1.000	1.000	5.297E-23	85
5tp6_2	5tp6_2	1.000	29	1.000	1.000	3.810E-14	59
5uzu_2	5uzu_2	1.000	577	1.000	1.000	0.000E+00	1221
5uzu_2	6bmt_1	0.859	555	0.962	0.932	0.000E+00	1004
5w89_2	5w89_2	1.000	17	1.000	1.000	3.194E-08	41
5w89_2	2yq7_2	0.466	15	0.882	0.938	1.440E+00	19
3ukz_1	6iwa_2	1.000	427	1.000	1.000	1.056E-280	850
3ukz_1	3ukz_1	1.000	427	1.000	1.000	1.056E-280	850
3ukz_1	1pjm_2	1.000	426	0.998	1.000	3.723E-280	848
3ukz_1	3ul0_1	1.000	426	0.998	1.000	3.723E-280	848
3ukz_1	3ukx_1	0.995	427	1.000	0.998	7.885E-278	842
3ukz_1	6iu7_1	0.988	417	0.977	0.998	8.437E-269	816
3ukz_1	6iua_1	0.988	417	0.977	0.998	8.437E-269	816
3ukz_1	6bw9_1	0.515	427	1.000	0.988	3.187E-140	444
3wa5_1	3wa5_1	1.000	396	1.000	1.000	2.660E-259	786
3zyi_1	3zyi_1	1.000	385	1.000	1.000	9.552E-271	819
4b1x_1	4b1x_1	1.000	357	1.000	1.000	7.498E-243	737
4b1x_1	3u9z_1	0.961	357	0.978	1.000	1.755E-228	695
4b1x_1	4b1y_1	0.936	364	0.955	1.000	2.991E-227	692
4b1x_1	1t44_2	0.952	357	0.955	0.997	5.098E-226	688
4b1x_1	3u8x_1	0.943	355	0.950	0.994	1.671E-221	675
4b1x_1	3u9d_1	0.943	355	0.950	0.994	1.671E-221	675
4b1x_1	3sjh_1	0.943	355	0.950	0.994	1.671E-221	675
4b1x_1	4b1v_1	0.904	357	1.000	1.000	1.107E-220	673
4b1x_1	2v52_1	0.896	360	1.000	1.000	2.847E-220	672
4b1x_1	2v51_1	0.879	350	0.950	1.000	2.513E-209	640
4b1x_1	1h1v_1	0.900	356	0.961	0.997	3.883E-207	634
4b1x_1	2btf_1	0.722	367	0.989	0.984	3.362E-183	565
2mej_1	2mej_1	1.000	109	1.000	1.000	1.019E-70	226
2kxw_2	2kxw_2	1.000	27	1.000	1.000	7.176E-11	49
2lqc_2	2lqc_2	1.000	24	1.000	1.000	1.065E-09	46
2mej_2	2mej_2	1.000	195	1.000	1.000	3.428E-137	422
2noj_2	2noj_2	1.000	54	1.000	1.000	2.663E-29	104
2noj_2	3d5s_2	0.366	60	0.833	0.923	5.822E-04	31
2p1l_2	2p1l_2	1.000	22	1.000	1.000	1.390E-10	48
4jzw_2	4jzw_2	1.000	18	1.000	1.000	1.797E-08	42
4lad_2	4lad_2	1.000	69	1.000	1.000	1.750E-45	151
4nzl_2	4nzl_2	1.000	96	1.000	1.000	5.429E-57	186
4pz6_2	4pz6_2	1.000	5	1.000	1.000	9.345E+00	15
2j0t_1	2j0t_1	1.000	158	1.000	1.000	7.885E-111	344
2j0t_1	3v96_2	0.600	155	0.962	1.000	1.446E-59	197
2y8s_1	2y8s_1	1.000	386	1.000	1.000	8.048E-272	822
2y8s_1	2y8t_1	0.992	387	0.997	0.997	1.927E-267	809
2y8s_1	4yiz_1	0.607	392	0.860	1.000	1.773E-148	466
3bh6_1	3bh6_1	1.000	161	1.000	1.000	4.168E-106	331
3bh6_1	3doe_1	0.491	175	0.994	0.926	7.767E-52	175
3bh6_1	5ee5_2	0.465	161	1.000	0.970	5.458E-45	155
3bh6_1	1j2j_1	0.464	157	0.975	0.939	1.749E-43	151
3cx6_1	3cx6_1	1.000	297	1.000	1.000	3.866E-200	610
3cx6_1	3cx7_1	0.996	290	0.976	0.960	2.171E-194	593
3cx6_1	3cx8_1	0.996	290	0.976	0.960	2.171E-194	593
3cx6_1	4ekc_1	0.415	284	0.956	0.814	6.905E-70	234
3cx6_1	4ekd_1	0.415	284	0.956	0.808	1.767E-69	233
3e1z_1	3e1z_1	1.000	109	1.000	1.000	5.675E-75	238
3fpu_1	3fpu_1	1.000	98	1.000	1.000	4.323E-71	226
5ky4_2	5ky4_2	1.000	36	1.000	1.000	1.780E-24	89
5ky4_2	5ky5_2	0.525	40	1.000	1.000	9.311E-12	52
5ky4_2	5ky0_2	0.457	35	0.917	0.921	5.257E-08	42
5ky4_2	5kxh_2	0.400	35	0.917	0.921	4.488E-05	33
5ma3_2	5ma3_2	1.000	302	1.000	1.000	1.900E-200	611
5ma3_2	5et1_1	0.347	278	0.891	0.869	3.240E-29	115
5nt1_2	5nt1_2	1.000	120	1.000	1.000	4.514E-77	245
5oy9_2	5oy9_2	1.000	37	1.000	1.000	9.200E-24	87
5oy9_2	2kri_2	0.468	32	0.865	0.842	7.246E-07	38
5oy9_2	5oyl_2	0.394	38	0.973	0.826	9.054E-05	33
5o2u_2	5o2u_2	1.000	115	1.000	1.000	4.626E-73	233
5o2u_2	5hvf_2	0.711	117	0.974	1.000	3.373E-45	153
5o2u_2	4ksd_2	0.711	118	0.983	1.000	1.194E-44	151
5o2u_2	6gjq_2	0.661	121	0.983	1.000	1.092E-43	149
5o2u_2	5ip4_1	0.660	112	0.974	1.000	1.718E-41	142
5o2u_2	6f2g_2	0.653	124	0.983	0.947	2.357E-41	142
5o2u_2	5jds_1	0.606	127	0.974	1.000	7.631E-40	138
5o2u_2	5m2m_2	0.627	127	0.983	1.000	1.436E-39	137
5o2u_2	3zkq_2	0.684	113	0.983	0.982	3.391E-38	133
5o2u_2	6cwg_2	0.598	127	0.983	1.000	3.391E-38	133
5o2u_2	1ri8_2	0.620	124	0.983	1.000	5.835E-37	129
5o2u_2	4wen_2	0.596	119	0.817	0.992	2.067E-36	128
5o2u_2	6fv0_2	0.637	113	0.974	1.000	1.004E-35	126
5o2u_2	6h16_2	0.606	117	0.817	0.992	1.378E-35	125
5o2u_2	5omn_2	0.618	110	0.817	0.991	1.890E-35	125
5o2u_2	4w6y_2	0.629	108	0.817	0.964	3.253E-34	121
5o2u_2	4eig_2	0.578	114	0.817	0.991	1.152E-33	120
5o2u_2	4pou_2	0.612	113	0.983	0.883	1.580E-33	119
5o2u_2	5imk_1	0.577	123	0.817	1.000	1.580E-33	119
5o2u_2	5imm_1	0.572	124	0.817	1.000	2.168E-33	119
5o2u_2	4wem_2	0.546	119	0.817	0.992	5.598E-33	118
5o2u_2	6her_2	0.569	122	0.817	0.992	1.983E-32	116
5o2u_2	1zvh_2	0.557	112	0.974	0.836	5.119E-32	115
5o2u_2	4x7f_2	0.621	111	0.965	1.000	1.322E-31	114
5o2u_2	2p49_2	0.558	120	0.817	0.992	4.681E-31	112
5o2u_2	4z9k_2	0.660	97	0.826	0.915	6.422E-31	112
5o2u_2	3qsk_2	0.563	119	0.817	0.992	6.422E-31	112
5o2u_2	1g6v_2	0.536	124	0.817	0.992	6.422E-31	112
5o2u_2	2p4a_2	0.563	119	0.817	0.992	8.810E-31	111
5o2u_2	5u4m_2	0.550	112	0.974	0.841	8.810E-31	111
5o2u_2	4w6x_2	0.544	123	0.817	0.992	1.209E-30	111
5o2u_2	4w6w_2	0.548	124	0.817	1.000	1.658E-30	111
5o2u_2	5lhn_2	0.554	115	1.000	0.844	4.281E-30	109
5o2u_2	4x7e_2	0.575	113	0.983	0.824	2.853E-29	107
5o2u_2	1op9_2	0.549	118	0.817	1.000	7.366E-29	106
5o2u_2	4i0c_2	0.515	126	0.817	1.000	7.366E-29	106
5o2u_2	5m2j_2	0.561	114	0.817	0.991	2.609E-28	104
5o2u_2	6fuz_2	0.553	112	0.817	1.000	1.159E-26	100
5o2u_2	5l21_2	0.525	118	0.817	0.992	1.159E-26	100
5o2u_2	4hep_2	0.496	129	0.817	1.000	1.590E-26	99
5o2u_2	6j7w_1	0.533	115	0.817	0.991	7.058E-25	94
5o2u_2	6jb2_1	0.487	113	0.983	0.841	8.849E-24	91
5o2u_2	3eba_1	0.508	112	0.974	0.831	8.086E-23	89
5o2u_2	5j57_2	0.393	111	0.922	0.895	4.837E-14	63
6gbg_1	6gbg_1	1.000	109	1.000	1.000	4.323E-72	230
6gbg_1	6gbh_1	0.990	108	0.982	1.000	8.504E-69	220
6gbg_1	6aw2_1	0.990	107	0.972	1.000	7.769E-68	218
6gbg_1	2ver_2	0.859	107	0.982	0.964	3.155E-58	190
6hul_1	6hul_1	1.000	241	1.000	1.000	5.081E-158	485
6iwa_1	6iwa_1	1.000	27	1.000	1.000	1.454E-11	51
6kbr_1	6kbr_1	1.000	189	1.000	1.000	3.119E-129	399
6kbr_1	2ra3_1	0.397	189	0.989	0.844	5.612E-40	142
6kbr_1	5c67_1	0.392	188	0.989	0.847	2.699E-39	140
6kbr_1	1c9t_1	0.397	189	0.989	0.848	2.699E-39	140
6kbr_1	4aoq_1	0.397	189	0.989	0.848	2.699E-39	140
6kbr_1	1d6r_1	0.397	189	0.989	0.848	2.699E-39	140
6kbr_1	1ppe_1	0.397	189	0.989	0.848	2.699E-39	140
6kbr_1	2ptc_1	0.397	189	0.989	0.848	2.699E-39	140
6kbr_1	1smf_1	0.397	189	0.989	0.848	2.699E-39	140
6kbr_1	2tgp_1	0.397	189	0.989	0.848	2.699E-39	140
6kbr_1	2uuy_1	0.397	189	0.989	0.848	2.699E-39	140
6kbr_1	1g9i_1	0.397	189	0.989	0.848	2.699E-39	140
6kbr_1	2g81_1	0.397	189	0.989	0.848	2.699E-39	140
6kbr_1	6dwf_1	0.397	189	0.989	0.848	2.699E-39	140
6kbr_1	2xtt_2	0.397	189	0.989	0.848	2.699E-39	140
6kbr_1	4j2y_2	0.397	189	0.989	0.848	2.699E-39	140
6kbr_1	6dwh_1	0.397	189	0.989	0.848	2.699E-39	140
6kbr_1	2ftm_1	0.397	189	0.989	0.848	3.695E-39	139
6kbr_1	3p92_1	0.392	189	0.989	0.848	6.925E-39	139
6kbr_1	3p95_1	0.392	189	0.989	0.848	6.925E-39	139
6kbr_1	4u30_1	0.392	189	0.989	0.848	6.925E-39	139
6kbr_1	3l33_1	0.392	189	0.989	0.848	6.925E-39	139
6kbr_1	6gfi_1	0.392	189	0.989	0.848	6.925E-39	139
6kbr_1	6har_1	0.392	189	0.989	0.844	6.925E-39	139
6kbr_1	4u32_2	0.392	189	0.989	0.844	6.925E-39	139
6kbr_1	2r9p_1	0.392	189	0.989	0.844	6.925E-39	139
6kbr_1	1ldt_1	0.378	188	0.984	0.843	4.558E-38	136
6kbr_1	1eja_1	0.378	188	0.984	0.843	4.558E-38	136
6kbr_1	3fp6_1	0.389	187	0.984	0.842	2.698E-36	131
6kbr_1	4afq_1	0.319	182	0.884	0.824	1.379E-17	77
6kbr_1	1yc0_1	0.312	204	0.905	0.944	1.632E-16	74
6oan_1	6oan_1	1.000	254	1.000	1.000	3.710E-178	544
2ver_1	2ver_1	1.000	143	1.000	1.000	1.186E-95	300
2wjv_1	2wjv_1	1.000	772	1.000	1.000	0.000E+00	1599
2xgy_1	2xgy_1	1.000	129	1.000	1.000	2.395E-86	272
3a4s_1	3a4s_1	1.000	153	1.000	1.000	4.859E-105	327
5gy2_2	5gy2_2	1.000	146	1.000	1.000	8.957E-88	277
5et1_1	5et1_1	1.000	320	1.000	1.000	4.056E-222	675
5et1_1	5ma3_2	0.355	300	0.938	0.960	7.045E-31	121
5h3j_1	5h3j_1	1.000	197	1.000	1.000	1.662E-135	418
5h3j_1	4rey_1	0.687	195	0.964	0.995	1.660E-95	302
5j56_1	5j56_1	1.000	240	1.000	1.000	2.070E-159	489
5j56_1	5j57_1	0.809	242	0.817	0.917	6.783E-122	381
5j56_1	5boz_1	0.809	241	0.812	0.916	3.279E-121	379
5j56_1	5u4m_1	0.804	241	0.808	0.945	2.173E-120	377
5j56_1	4z9k_1	0.801	242	0.808	1.000	2.978E-120	376
5ky4_1	5ky4_1	1.000	343	1.000	1.000	1.052E-236	718
5ky4_1	5kxh_1	0.676	343	1.000	0.800	1.678E-141	443
5ky4_1	5ky9_1	0.601	340	0.991	0.838	1.092E-106	343
5ma3_1	5ma3_1	1.000	227	1.000	1.000	6.128E-157	481
5ma3_1	5ma4_1	0.986	228	1.000	1.000	5.744E-153	470
1es0_2	1es0_2	1.000	186	1.000	1.000	7.909E-127	392
1gng_2	1gng_2	1.000	24	1.000	1.000	6.443E-12	52
1jsp_2	1jsp_2	1.000	121	1.000	1.000	4.980E-81	256
1m10_2	1m10_2	1.000	249	1.000	1.000	1.055E-164	505
1m10_2	4c2a_2	0.984	250	1.000	0.940	7.198E-161	494
6fp7_2	6fp7_2	1.000	163	1.000	1.000	7.581E-108	336
6fp7_2	5ma6_2	0.878	157	0.957	0.987	2.281E-85	271
6fp7_2	4k5a_2	0.861	159	0.963	0.988	8.346E-82	261
6fp7_2	3zu7_2	0.837	154	0.945	0.987	7.870E-78	250
6fp7_2	6h46_2	0.835	140	0.859	0.993	7.677E-71	229
6fp7_2	6ne4_1	0.474	158	0.883	0.893	1.291E-39	139
6fp7_2	6ne1_2	0.486	150	0.920	0.954	1.061E-37	134
6gvl_2	6gvl_2	1.000	23	1.000	1.000	6.519E-13	55
6imf_2	6imf_2	1.000	81	1.000	1.000	3.868E-58	188
6jb8_2	6jb8_2	1.000	129	1.000	1.000	3.792E-91	286
6jb8_2	1ri8_1	1.000	129	1.000	1.000	3.792E-91	286
6jb8_2	4gla_1	1.000	129	1.000	1.000	3.792E-91	286
6jb8_2	4gn4_1	1.000	129	1.000	1.000	3.792E-91	286
6jb8_2	4cj2_1	1.000	129	1.000	1.000	3.792E-91	286
6jb8_2	6jb2_2	1.000	129	1.000	1.000	3.792E-91	286
6jb8_2	1zvy_1	0.992	129	1.000	1.000	8.136E-89	279
6jb8_2	3m18_2	0.984	129	1.000	1.000	2.878E-88	278
6jb8_2	1dzb_2	0.945	129	1.000	1.000	6.176E-86	271
6jb8_2	1rjc_1	0.976	129	1.000	1.000	9.667E-84	265
6jb8_2	4i0c_1	0.600	130	1.000	1.000	1.462E-53	178
6jb8_2	1op9_1	0.600	130	1.000	1.000	1.462E-53	178
6mud_2	6mud_2	1.000	127	1.000	1.000	1.144E-79	253
6mud_2	6mba_1	0.750	130	0.992	1.000	3.607E-57	188
5yip_1	5yip_1	1.000	82	1.000	1.000	1.272E-52	172
6b12_1	6b12_1	1.000	129	1.000	1.000	8.819E-83	262
6e3i_1	6e3i_1	1.000	151	1.000	1.000	4.578E-102	319
6e3i_1	6e3j_1	1.000	151	1.000	1.000	4.578E-102	319
6e3i_1	5uul_1	1.000	151	1.000	1.000	4.578E-102	319
6fpg_1	6fpg_1	1.000	262	1.000	1.000	5.898E-169	518
6h16_1	6h16_1	1.000	604	1.000	1.000	0.000E+00	1270
2xa0_1	2xa0_1	1.000	137	1.000	1.000	1.109E-94	297
2xa0_1	5jsn_1	0.881	143	0.920	0.960	1.183E-81	259
2xa0_1	5agw_1	0.685	137	1.000	0.900	1.929E-52	175
2xa0_1	4a1u_1	0.544	124	0.905	0.813	2.566E-38	134
2xa0_1	6qb3_1	0.317	121	0.883	0.838	1.406E-10	54
3n06_2	3n06_2	1.000	203	1.000	1.000	3.542E-150	460
3n06_2	3n0p_2	1.000	203	1.000	1.000	3.542E-150	460
3n06_2	3mzg_2	0.980	203	1.000	1.000	1.070E-144	445
3n06_2	3ncb_2	0.980	203	1.000	1.000	1.070E-144	445
3n06_2	3ncc_2	0.956	203	1.000	1.000	2.589E-140	432
3ol2_2	3ol2_2	1.000	496	1.000	1.000	0.000E+00	1054
3qc8_2	3qc8_2	1.000	80	1.000	1.000	8.849E-50	164
3qc8_2	3qq8_2	0.987	80	0.988	1.000	1.020E-47	158
3sgb_2	3sgb_2	1.000	50	1.000	1.000	1.733E-34	118
3sgb_2	1r0r_2	1.000	50	1.000	0.980	1.733E-34	118
3sgb_2	1an1_2	0.357	42	0.840	0.900	5.004E-05	34
3u9d_2	3u9d_2	1.000	21	1.000	1.000	8.308E-09	43
3u9d_2	3u8x_2	0.857	21	1.000	1.000	5.309E-07	38
1wr1_2	1wr1_2	1.000	58	1.000	1.000	3.101E-36	124
1wr1_2	2jy6_2	0.351	54	0.931	0.941	2.819E-05	35
1y34_2	1y34_2	1.000	64	1.000	1.000	6.849E-38	129
1y34_2	1tm1_2	0.984	64	1.000	1.000	3.339E-37	127
1y34_2	1y1k_2	0.968	64	1.000	1.000	1.628E-36	125
1y34_2	1y33_2	0.968	64	1.000	1.000	2.236E-36	124
1y34_2	1tm5_2	0.968	64	1.000	1.000	2.236E-36	124
1y34_2	1y3b_2	0.937	64	1.000	0.984	9.220E-34	117
1y34_2	1tm4_2	0.671	64	1.000	1.000	2.966E-20	78
1yvb_2	1yvb_2	1.000	97	1.000	1.000	1.017E-66	214
2a7u_2	2a7u_2	1.000	105	1.000	1.000	6.688E-65	209
2v51_2	2v51_2	1.000	14	1.000	1.000	1.879E-03	27
1m10_1	1m10_1	1.000	186	1.000	1.000	7.237E-116	361
1m10_1	1sq0_1	0.994	185	0.995	1.000	3.189E-114	356
1m10_1	4c2a_1	0.929	199	1.000	0.985	1.406E-112	351
1p69_1	1p69_1	1.000	185	1.000	1.000	6.458E-122	378
1p69_1	1p6a_1	0.989	185	1.000	1.000	2.076E-120	374
1p69_1	2j12_1	0.409	172	0.908	0.945	3.480E-31	116
1r8u_1	1r8u_1	1.000	49	1.000	1.000	3.060E-30	106
1t44_1	1t44_1	1.000	144	1.000	1.000	3.862E-97	304
1tzn_1	1tzn_1	1.000	552	1.000	1.000	0.000E+00	1098
5ky5_2	5ky5_2	1.000	40	1.000	1.000	1.489E-27	98
5ky5_2	5ky4_2	0.525	40	1.000	1.000	1.160E-11	52
5ky5_2	5ky0_2	0.540	37	0.925	0.921	2.198E-11	51
5ky5_2	5kxh_2	0.594	37	0.925	0.921	5.734E-11	50
5ma4_2	5ma4_2	1.000	139	1.000	1.000	1.270E-91	288
5nt7_2	5nt7_2	1.000	92	1.000	1.000	2.589E-58	189
5oyl_2	5oyl_2	1.000	46	1.000	1.000	1.634E-32	112
5oyl_2	5oy9_2	0.394	38	0.826	0.973	2.138E-05	35
1s4y_1	1s4y_1	1.000	91	1.000	1.000	1.699E-68	218
1s4y_1	1nys_1	0.966	89	0.967	0.989	1.247E-61	199
1s4y_1	1lx5_2	0.602	93	1.000	0.989	1.171E-46	156
3u9z_2	3u9z_2	1.000	20	1.000	1.000	5.313E-08	40
3u9z_2	3sjh_2	0.761	21	1.000	0.955	7.946E-04	29
3vyr_2	3vyr_2	1.000	371	1.000	1.000	9.552E-255	772
3zuv_2	3zuv_2	1.000	108	1.000	1.000	5.394E-68	218
4awx_2	4awx_2	1.000	51	1.000	1.000	2.456E-26	95
4cdk_2	4cdk_2	1.000	98	1.000	1.000	3.611E-69	221
4cdk_2	4kt1_2	0.849	90	0.857	1.000	1.645E-46	156
1usu_2	1usu_2	1.000	64	1.000	1.000	1.772E-37	128
1wrd_2	2k8b_1	1.000	76	1.000	1.000	3.726E-46	153
1wrd_2	4msm_2	1.000	76	1.000	1.000	3.726E-46	153
1wrd_2	2k8c_1	1.000	76	1.000	1.000	3.726E-46	153
1wrd_2	2kwu_2	1.000	76	1.000	1.000	3.726E-46	153
1wrd_2	2kwv_2	1.000	76	1.000	1.000	3.726E-46	153
1wrd_2	2mbb_2	1.000	76	1.000	1.000	3.726E-46	153
1wrd_2	4pqt_2	1.000	76	1.000	1.000	3.726E-46	153
1wrd_2	5vzm_1	1.000	76	1.000	1.000	3.726E-46	153
1wrd_2	2fuh_2	1.000	76	1.000	1.000	3.726E-46	153
1wrd_2	2mcn_2	1.000	76	1.000	1.000	3.726E-46	153
1wrd_2	2jy6_1	1.000	76	1.000	1.000	3.726E-46	153
1wrd_2	1wrd_2	1.000	76	1.000	1.000	3.726E-46	153
1wrd_2	1yx5_2	1.000	76	1.000	1.000	3.726E-46	153
1wrd_2	2l0f_1	1.000	76	1.000	1.000	3.726E-46	153
1wrd_2	1yx6_2	1.000	76	1.000	1.000	3.726E-46	153
1wrd_2	2den_2	1.000	76	1.000	1.000	3.726E-46	153
1wrd_2	2l0t_1	1.000	76	1.000	1.000	3.726E-46	153
1wrd_2	2mj5_1	1.000	76	1.000	1.000	3.726E-46	153
1wrd_2	4k1r_2	1.000	76	1.000	1.000	3.726E-46	153
1wrd_2	2lvo_1	1.000	76	1.000	1.000	3.726E-46	153
1wrd_2	1q5w_2	1.000	76	1.000	1.000	3.726E-46	153
1wrd_2	2g45_2	1.000	76	1.000	1.000	3.726E-46	153
1wrd_2	4m0w_2	1.000	76	1.000	1.000	3.726E-46	153
1wrd_2	2mre_1	1.000	76	1.000	1.000	3.726E-46	153
1wrd_2	2mro_1	1.000	76	1.000	1.000	3.726E-46	153
1wrd_2	2ktf_1	1.000	76	1.000	1.000	3.726E-46	153
1wrd_2	2lz6_1	1.000	76	1.000	1.000	3.726E-46	153
1wrd_2	1zgu_2	0.986	76	1.000	1.000	9.631E-46	152
1wrd_2	2jt4_2	0.960	76	1.000	1.000	3.133E-44	148
1wrd_2	1wr1_1	0.960	76	1.000	1.000	3.133E-44	148
1wrd_2	1q0w_2	0.960	76	1.000	1.000	3.133E-44	148
1wrd_2	1otr_2	0.960	76	1.000	1.000	3.133E-44	148
1wrd_2	2c7m_2	0.842	76	1.000	1.000	7.064E-35	121
1wrd_2	6d4p_2	0.789	76	1.000	0.958	1.420E-31	111
1wrd_2	5v69_2	0.843	64	0.803	0.985	4.270E-29	104
1wrd_2	4hcp_2	0.500	76	1.000	0.945	1.894E-19	77
1wrd_2	1p9d_1	0.328	73	0.961	0.859	2.137E-08	45
1wrd_2	5tl7_1	0.301	73	0.961	0.908	9.796E-07	40
1y3b_2	1y3b_2	1.000	62	1.000	1.000	1.471E-36	125
1y3b_2	1y34_2	0.937	64	0.984	1.000	6.067E-34	117
1y3b_2	1tm1_2	0.937	64	0.984	1.000	8.330E-34	117
1y3b_2	1y1k_2	0.921	64	0.984	1.000	4.065E-33	115
1y3b_2	1y33_2	0.921	64	0.984	1.000	5.582E-33	115
1y3b_2	1tm5_2	0.921	64	0.984	1.000	5.582E-33	115
1y3b_2	1tm4_2	0.687	62	0.984	1.000	7.528E-21	80
1yx5_2	2k8b_1	1.000	76	1.000	1.000	3.726E-46	153
1yx5_2	4msm_2	1.000	76	1.000	1.000	3.726E-46	153
1yx5_2	2k8c_1	1.000	76	1.000	1.000	3.726E-46	153
1yx5_2	2kwu_2	1.000	76	1.000	1.000	3.726E-46	153
1yx5_2	2kwv_2	1.000	76	1.000	1.000	3.726E-46	153
1yx5_2	2mbb_2	1.000	76	1.000	1.000	3.726E-46	153
1yx5_2	4pqt_2	1.000	76	1.000	1.000	3.726E-46	153
1yx5_2	5vzm_1	1.000	76	1.000	1.000	3.726E-46	153
1yx5_2	2fuh_2	1.000	76	1.000	1.000	3.726E-46	153
1yx5_2	2mcn_2	1.000	76	1.000	1.000	3.726E-46	153
1yx5_2	2jy6_1	1.000	76	1.000	1.000	3.726E-46	153
1yx5_2	1wrd_2	1.000	76	1.000	1.000	3.726E-46	153
1yx5_2	1yx5_2	1.000	76	1.000	1.000	3.726E-46	153
1yx5_2	2l0f_1	1.000	76	1.000	1.000	3.726E-46	153
1yx5_2	1yx6_2	1.000	76	1.000	1.000	3.726E-46	153
1yx5_2	2den_2	1.000	76	1.000	1.000	3.726E-46	153
1yx5_2	2l0t_1	1.000	76	1.000	1.000	3.726E-46	153
1yx5_2	2mj5_1	1.000	76	1.000	1.000	3.726E-46	153
1yx5_2	4k1r_2	1.000	76	1.000	1.000	3.726E-46	153
1yx5_2	2lvo_1	1.000	76	1.000	1.000	3.726E-46	153
1yx5_2	1q5w_2	1.000	76	1.000	1.000	3.726E-46	153
1yx5_2	2g45_2	1.000	76	1.000	1.000	3.726E-46	153
1yx5_2	4m0w_2	1.000	76	1.000	1.000	3.726E-46	153
1yx5_2	2mre_1	1.000	76	1.000	1.000	3.726E-46	153
1yx5_2	2mro_1	1.000	76	1.000	1.000	3.726E-46	153
1yx5_2	2ktf_1	1.000	76	1.000	1.000	3.726E-46	153
1yx5_2	2lz6_1	1.000	76	1.000	1.000	3.726E-46	153
1yx5_2	1zgu_2	0.986	76	1.000	1.000	9.631E-46	152
1yx5_2	2jt4_2	0.960	76	1.000	1.000	3.133E-44	148
1yx5_2	1wr1_1	0.960	76	1.000	1.000	3.133E-44	148
1yx5_2	1q0w_2	0.960	76	1.000	1.000	3.133E-44	148
1yx5_2	1otr_2	0.960	76	1.000	1.000	3.133E-44	148
1yx5_2	2c7m_2	0.842	76	1.000	1.000	7.064E-35	121
1yx5_2	6d4p_2	0.789	76	1.000	0.958	1.420E-31	111
1yx5_2	5v69_2	0.843	64	0.803	0.985	4.270E-29	104
1yx5_2	4hcp_2	0.500	76	1.000	0.945	1.894E-19	77
1yx5_2	1p9d_1	0.328	73	0.961	0.859	2.137E-08	45
1yx5_2	5tl7_1	0.301	73	0.961	0.908	9.796E-07	40
2bqz_2	2bqz_2	1.000	9	1.000	1.000	2.233E-02	23
5hpk_2	5hpk_2	1.000	77	1.000	1.000	4.273E-47	156
5hpk_2	3kw5_2	0.840	75	0.974	0.987	2.090E-35	123
5hpk_2	2k6d_2	0.840	75	0.974	0.974	2.090E-35	123
5hpk_2	2mur_2	0.831	77	0.974	0.987	2.090E-35	123
5hpk_2	4i6l_2	0.821	73	0.948	1.000	9.361E-34	118
5hpk_2	5xiu_2	0.835	73	0.935	1.000	3.325E-33	116
5hpk_2	2hth_1	0.835	73	0.935	1.000	3.325E-33	116
5hpk_2	2oob_2	0.833	72	0.922	1.000	1.181E-32	115
5hpk_2	6dgf_2	0.810	74	0.961	0.986	5.762E-32	113
5hpk_2	5hps_2	0.767	73	0.935	1.000	1.883E-30	108
5hpk_2	1yd8_1	0.859	64	0.818	1.000	3.265E-29	105
5hpk_2	2dx5_2	0.859	64	0.818	1.000	3.265E-29	105
5hpk_2	4hcn_2	0.812	64	0.831	0.984	7.781E-28	101
5hpk_2	5v5h_2	0.812	64	0.831	0.968	2.347E-25	94
5jds_2	5jds_2	1.000	115	1.000	1.000	3.694E-74	236
5l21_2	5l21_2	1.000	119	1.000	1.000	4.517E-81	256
5l21_2	5u4m_2	0.564	126	1.000	1.000	1.258E-39	137
5l21_2	5imm_1	0.572	124	0.992	1.000	3.246E-39	136
5l21_2	6h16_2	0.598	119	1.000	1.000	4.453E-39	136
5l21_2	6her_2	0.583	123	1.000	1.000	6.108E-39	135
5l21_2	5imk_1	0.564	123	0.992	1.000	1.576E-38	134
5l21_2	4wen_2	0.565	120	1.000	1.000	2.163E-38	134
5l21_2	2p49_2	0.562	121	1.000	1.000	4.069E-38	133
5l21_2	4eig_2	0.568	119	1.000	1.000	1.441E-37	131
5l21_2	5m2j_2	0.609	119	1.000	1.000	1.441E-37	131
5l21_2	4i0c_2	0.537	126	0.992	1.000	1.976E-37	131
5l21_2	5omn_2	0.590	119	1.000	1.000	2.711E-37	130
5l21_2	5lhn_2	0.517	135	1.000	1.000	3.719E-37	130
5l21_2	4w6w_2	0.545	124	0.992	1.000	6.997E-37	129
5l21_2	4wem_2	0.553	120	1.000	1.000	2.478E-36	128
5l21_2	2p4a_2	0.554	120	1.000	1.000	2.478E-36	128
5l21_2	3qsk_2	0.554	120	1.000	1.000	2.478E-36	128
5l21_2	4hep_2	0.518	129	0.992	1.000	3.399E-36	127
5l21_2	6jb2_1	0.503	125	0.992	0.992	5.341E-34	121
5l21_2	6fuz_2	0.553	118	0.992	1.000	1.378E-33	120
5l21_2	4w6x_2	0.507	124	1.000	1.000	1.378E-33	120
5l21_2	1op9_2	0.500	118	0.992	1.000	2.594E-33	119
5l21_2	1g6v_2	0.503	125	1.000	1.000	3.251E-32	116
5l21_2	3zkq_2	0.533	118	0.992	0.841	8.391E-32	115
5l21_2	4w6y_2	0.520	119	1.000	0.973	1.443E-30	111
5l21_2	4z9k_2	0.542	118	0.992	0.906	2.714E-30	110
5l21_2	6j7w_1	0.539	119	1.000	1.000	2.714E-30	110
5l21_2	4ksd_2	0.541	119	1.000	0.814	2.714E-30	110
5l21_2	1ri8_2	0.537	118	0.992	0.839	9.608E-30	109
5l21_2	5jds_1	0.525	119	1.000	0.835	4.665E-29	107
5l21_2	6cwg_2	0.504	117	0.983	0.811	2.265E-28	105
5l21_2	6fv0_2	0.500	118	0.992	0.841	1.509E-27	102
5l21_2	3eba_1	0.442	119	1.000	0.932	2.069E-27	102
5l21_2	5o2u_2	0.525	118	0.992	0.817	3.893E-27	101
5l21_2	4x7e_2	0.518	98	0.815	0.824	5.339E-27	101
5l21_2	1zvh_2	0.481	102	0.807	0.836	2.592E-26	99
5l21_2	4pou_2	0.473	106	0.815	0.883	4.452E-25	95
5mak_2	5mak_2	1.000	207	1.000	1.000	6.678E-138	425
5nvm_2	5nvm_2	1.000	37	1.000	1.000	1.485E-21	80
2pcb_2	2pcb_2	1.000	104	1.000	1.000	6.658E-69	220
2pcb_2	2jti_2	0.646	99	0.952	0.961	4.344E-43	146
2rnr_2	2rnr_2	1.000	108	1.000	1.000	1.392E-67	217
2rnr_2	2ruk_2	1.000	108	1.000	1.000	1.392E-67	217
2rnr_2	2rvb_2	1.000	108	1.000	1.000	1.392E-67	217
2rnr_2	5xv8_2	1.000	108	1.000	1.000	1.392E-67	217
2v8s_2	2v8s_2	1.000	93	1.000	1.000	2.084E-55	181
2w84_2	2w84_2	1.000	20	1.000	1.000	7.810E-09	43
2w84_2	2f31_2	0.411	17	0.850	0.850	2.551E+03	11
5z2w_1	5z2w_1	1.000	209	1.000	1.000	1.337E-140	433
2z7f_1	2z7f_1	1.000	218	1.000	1.000	1.753E-145	448
2z7f_1	1mcv_1	0.390	230	0.986	0.958	4.738E-37	135
2z7f_1	1fle_1	0.390	230	0.986	0.958	8.855E-37	134
3c4o_1	3c4o_1	1.000	265	1.000	1.000	3.195E-171	525
3ddc_1	3ddc_1	1.000	166	1.000	1.000	1.807E-108	338
3ddc_1	1wq1_1	0.987	166	1.000	1.000	1.645E-107	335
3ddc_1	5e95_2	0.987	166	1.000	1.000	1.645E-107	335
3ddc_1	3kud_1	0.987	165	0.994	1.000	2.055E-106	332
3ddc_1	6h46_1	0.921	166	1.000	1.000	3.318E-101	317
3ddc_1	5ufe_1	0.930	144	0.867	0.917	2.535E-88	280
3ddc_1	5o2t_1	0.916	144	0.861	1.000	9.273E-85	270
3ddc_1	4dxa_1	0.595	163	0.970	0.976	4.277E-60	199
3ddc_1	6ba6_2	0.595	162	0.970	0.970	7.310E-59	195
3ddc_1	1gua_1	0.582	162	0.970	0.970	3.538E-58	193
3ddc_1	3kuc_1	0.582	162	0.970	0.970	3.538E-58	193
3ddc_1	2kwi_1	0.527	165	0.976	0.927	4.676E-51	173
3ddc_1	2a78_1	0.531	142	0.855	0.958	9.258E-45	154
3ddc_1	2a9k_1	0.531	142	0.855	0.958	9.258E-45	154
3ddc_1	3tkl_1	0.376	169	0.970	0.988	1.880E-29	110
3ddc_1	4g01_2	0.339	164	0.970	0.994	2.540E-23	93
3ddc_1	4ojk_1	0.341	166	0.970	0.971	1.087E-21	88
3ddc_1	4c4p_1	0.353	166	0.952	0.994	2.777E-21	87
3ddc_1	4qxa_1	0.315	150	0.886	0.987	7.094E-21	85
3ddc_1	5fr2_1	0.308	171	0.970	0.914	1.181E-19	82
3ddc_1	3eg5_1	0.309	162	0.928	0.910	1.958E-18	78
3ddc_1	4did_1	0.309	162	0.928	0.905	1.958E-18	78
3ddc_1	1ees_1	0.321	161	0.928	0.904	2.675E-18	78
3ddc_1	4yc7_2	0.311	160	0.928	0.904	1.271E-17	76
3ddc_1	2rmk_1	0.314	161	0.970	0.839	8.232E-17	74
3ddc_1	5szh_2	0.304	142	0.825	0.993	9.054E-13	62
3eoy_1	3eoy_1	1.000	160	1.000	1.000	4.208E-110	342
3gj4_1	3gj4_1	1.000	201	1.000	1.000	1.467E-135	418
3gj4_1	3gj8_1	0.990	203	1.000	0.995	6.463E-134	413
3gj4_1	3gj6_1	0.985	203	0.995	1.000	5.880E-133	411
3gj4_1	3gj3_1	0.980	202	0.990	1.000	1.005E-131	407
3gj4_1	4ol0_1	0.930	172	0.801	1.000	3.118E-103	325
3gj4_1	3ch5_1	0.643	165	0.811	0.855	2.790E-69	227
2xb6_1	2xb6_1	1.000	528	1.000	1.000	0.000E+00	1118
2za4_1	2za4_1	1.000	108	1.000	1.000	3.286E-73	233
2za4_1	1x1y_1	0.990	108	1.000	1.000	1.595E-72	231
2za4_1	1x1u_1	0.972	109	0.991	1.000	3.435E-70	224
2za4_1	1x1x_1	0.972	109	0.991	1.000	3.435E-70	224
2za4_1	1x1w_1	0.963	110	0.991	1.000	4.712E-70	224
2za4_1	1b2u_1	0.954	110	0.991	1.000	3.138E-69	222
2za4_1	1b3s_1	0.954	110	0.991	1.000	1.111E-68	220
3c4p_1	3c4p_1	1.000	265	1.000	1.000	4.378E-171	524
3c4p_1	2g2u_1	1.000	265	1.000	1.000	4.378E-171	524
3c4p_1	3n4i_1	0.996	265	1.000	1.000	1.545E-170	523
3c4p_1	2g2w_1	0.996	265	1.000	1.000	3.978E-170	522
3c4p_1	5npo_1	0.669	263	0.977	1.000	1.643E-112	355
3c4p_1	1jtd_1	0.671	262	0.977	1.000	3.085E-112	355
3c4p_1	3qhy_1	0.320	256	0.966	0.981	1.788E-34	129
3di2_1	3di2_1	1.000	107	1.000	1.000	1.739E-70	225
2iwg_2	2iwg_2	1.000	162	1.000	1.000	4.736E-117	362
5m2j_2	5m2j_2	1.000	115	1.000	1.000	9.129E-77	244
5m2j_2	6fuz_2	0.833	114	0.991	1.000	8.666E-59	192
5m2j_2	6fv0_2	0.728	114	0.991	0.841	1.871E-49	165
5m2j_2	5imm_1	0.717	124	0.991	1.000	6.625E-49	164
5m2j_2	6her_2	0.701	123	1.000	1.000	1.247E-48	163
5m2j_2	6j7w_1	0.722	116	1.000	1.000	5.536E-47	158
5m2j_2	5imk_1	0.709	123	0.991	1.000	7.594E-47	158
5m2j_2	3zkq_2	0.701	114	0.991	0.841	5.061E-46	155
5m2j_2	6h16_2	0.702	118	1.000	1.000	1.792E-45	154
5m2j_2	2p49_2	0.661	121	1.000	1.000	1.194E-44	151
5m2j_2	5lhn_2	0.629	135	1.000	1.000	3.083E-44	150
5m2j_2	1g6v_2	0.671	125	1.000	1.000	1.092E-43	149
5m2j_2	4w6w_2	0.640	124	0.991	1.000	9.983E-43	146
5m2j_2	4w6x_2	0.640	124	1.000	1.000	1.370E-42	145
5m2j_2	2p4a_2	0.652	120	1.000	1.000	3.536E-42	144
5m2j_2	5u4m_2	0.663	120	0.974	0.952	9.128E-42	143
5m2j_2	5omn_2	0.695	115	1.000	1.000	1.252E-41	143
5m2j_2	3qsk_2	0.652	120	1.000	1.000	1.718E-41	142
5m2j_2	4w6y_2	0.652	115	1.000	0.973	2.155E-40	139
5m2j_2	4wen_2	0.647	120	1.000	1.000	7.631E-40	138
5m2j_2	4eig_2	0.669	115	1.000	1.000	5.087E-39	135
5m2j_2	4hep_2	0.607	129	0.991	1.000	5.087E-39	135
5m2j_2	4ksd_2	0.626	115	1.000	0.814	3.391E-38	133
5m2j_2	1op9_2	0.609	118	0.991	1.000	3.391E-38	133
5m2j_2	4i0c_2	0.601	126	0.991	1.000	8.754E-38	132
5m2j_2	5l21_2	0.609	119	1.000	1.000	8.005E-37	129
5m2j_2	4wem_2	0.606	120	1.000	1.000	3.890E-36	127
5m2j_2	3eba_1	0.588	115	1.000	0.932	5.336E-36	126
5m2j_2	1ri8_2	0.614	114	0.991	0.839	1.890E-35	125
5m2j_2	5jds_1	0.600	115	1.000	0.835	1.890E-35	125
5m2j_2	6jb2_1	0.587	125	0.991	0.992	3.557E-35	124
5m2j_2	6cwg_2	0.600	113	0.983	0.811	6.694E-35	123
5m2j_2	4z9k_2	0.605	114	0.991	0.906	9.183E-35	123
5m2j_2	4x7e_2	0.673	98	0.817	0.824	4.462E-34	121
5m2j_2	1zvh_2	0.588	102	0.809	0.836	1.445E-32	117
5m2j_2	4pou_2	0.566	106	0.817	0.883	4.281E-30	109
5m2j_2	5ip4_1	0.539	114	0.991	0.853	3.914E-29	107
5m2j_2	5o2u_2	0.561	114	0.991	0.817	1.902E-28	105
5m2j_2	4x7f_2	0.535	114	0.991	0.841	1.665E-23	91
5m2j_2	5j57_2	0.474	117	0.809	0.944	2.614E-21	84
5m2j_2	2ij0_2	0.336	97	0.809	0.822	4.760E-05	37
5mv8_2	5mv8_2	1.000	69	1.000	1.000	4.933E-46	153
5oen_2	5oen_2	1.000	171	1.000	1.000	8.901E-109	339
5twa_2	5twa_2	1.000	25	1.000	1.000	1.908E-12	53
5twa_2	2voh_2	0.347	23	0.920	0.958	1.971E-01	22
5twa_2	5ajk_2	0.391	23	0.920	0.913	1.943E+00	19
5twa_2	2jby_2	0.391	23	0.920	0.800	2.700E+00	19
5twa_2	2xpx_2	0.350	20	0.800	0.870	1.012E+01	18
5twa_2	5tzp_2	0.450	20	0.800	0.864	1.970E+01	17
5twa_2	4zii_2	0.304	23	0.800	0.958	1.183E+02	15
5v5h_2	5v5h_2	1.000	62	1.000	1.000	2.019E-36	124
5v5h_2	3kw5_2	0.921	64	0.984	0.853	9.685E-32	111
5v5h_2	2k6d_2	0.921	64	0.984	0.842	9.685E-32	111
5v5h_2	1yd8_1	0.890	64	0.952	1.000	3.171E-30	107
5v5h_2	2dx5_2	0.890	64	0.952	1.000	3.171E-30	107
5v5h_2	2oob_2	0.890	64	0.952	0.889	3.171E-30	107
5v5h_2	5xiu_2	0.890	64	0.952	0.877	3.171E-30	107
5v5h_2	2hth_1	0.890	64	0.952	0.877	3.171E-30	107
5v5h_2	4hcn_2	0.875	64	0.984	1.000	8.212E-30	106
5v5h_2	6dgf_2	0.875	64	0.984	0.865	2.127E-29	104
5v5h_2	4i6l_2	0.859	64	0.968	0.877	4.011E-29	104
5v5h_2	5hpk_2	0.812	64	0.968	0.831	8.145E-26	94
5v5h_2	5hps_2	0.781	64	0.952	0.877	2.677E-24	90
1j7v_2	1j7v_2	1.000	205	1.000	1.000	3.130E-141	435
1j7v_2	1y6m_2	1.000	204	0.995	1.000	2.848E-140	432
1j7v_2	1y6n_2	0.941	205	1.000	0.990	1.719E-128	398
1ldt_2	1ldt_2	1.000	35	1.000	1.000	4.075E-19	73
1otr_2	2jt4_2	1.000	76	1.000	1.000	2.489E-45	151
1otr_2	1wr1_1	1.000	76	1.000	1.000	2.489E-45	151
1otr_2	1q0w_2	1.000	76	1.000	1.000	2.489E-45	151
1otr_2	1otr_2	1.000	76	1.000	1.000	2.489E-45	151
1otr_2	2k8b_1	0.960	76	1.000	1.000	1.112E-43	146
1otr_2	4msm_2	0.960	76	1.000	1.000	1.112E-43	146
1otr_2	2k8c_1	0.960	76	1.000	1.000	1.112E-43	146
1otr_2	2kwu_2	0.960	76	1.000	1.000	1.112E-43	146
1otr_2	2kwv_2	0.960	76	1.000	1.000	1.112E-43	146
1otr_2	2mbb_2	0.960	76	1.000	1.000	1.112E-43	146
1otr_2	4pqt_2	0.960	76	1.000	1.000	1.112E-43	146
1otr_2	5vzm_1	0.960	76	1.000	1.000	1.112E-43	146
1otr_2	2fuh_2	0.960	76	1.000	1.000	1.112E-43	146
1otr_2	2mcn_2	0.960	76	1.000	1.000	1.112E-43	146
1otr_2	2jy6_1	0.960	76	1.000	1.000	1.112E-43	146
1otr_2	1wrd_2	0.960	76	1.000	1.000	1.112E-43	146
1otr_2	1yx5_2	0.960	76	1.000	1.000	1.112E-43	146
1otr_2	2l0f_1	0.960	76	1.000	1.000	1.112E-43	146
1otr_2	1yx6_2	0.960	76	1.000	1.000	1.112E-43	146
1otr_2	2den_2	0.960	76	1.000	1.000	1.112E-43	146
1otr_2	2l0t_1	0.960	76	1.000	1.000	1.112E-43	146
1otr_2	2mj5_1	0.960	76	1.000	1.000	1.112E-43	146
1otr_2	4k1r_2	0.960	76	1.000	1.000	1.112E-43	146
1otr_2	2lvo_1	0.960	76	1.000	1.000	1.112E-43	146
1otr_2	1q5w_2	0.960	76	1.000	1.000	1.112E-43	146
1otr_2	2g45_2	0.960	76	1.000	1.000	1.112E-43	146
1otr_2	4m0w_2	0.960	76	1.000	1.000	1.112E-43	146
1otr_2	2mre_1	0.960	76	1.000	1.000	1.112E-43	146
1otr_2	2mro_1	0.960	76	1.000	1.000	1.112E-43	146
1otr_2	2ktf_1	0.960	76	1.000	1.000	1.112E-43	146
1otr_2	2lz6_1	0.960	76	1.000	1.000	1.112E-43	146
1otr_2	1zgu_2	0.947	76	1.000	1.000	2.874E-43	145
1otr_2	2c7m_2	0.802	76	1.000	1.000	2.120E-32	114
1otr_2	6d4p_2	0.750	76	1.000	0.958	4.270E-29	104
1otr_2	5v69_2	0.796	64	0.803	0.985	1.287E-26	97
1otr_2	4hcp_2	0.473	76	1.000	0.945	1.618E-17	71
1otr_2	5tl7_1	0.315	73	0.961	0.908	5.177E-07	41
1otr_2	1p9d_1	0.315	73	0.961	0.859	1.347E-06	40
1q68_2	1q68_2	1.000	29	1.000	1.000	1.547E-19	74
1q68_2	1q69_2	1.000	29	1.000	1.000	1.547E-19	74
6eg0_1	6eg0_1	1.000	201	1.000	1.000	8.860E-134	413
6eg0_1	6eg1_1	0.462	212	0.950	0.964	1.478E-53	182
5uk5_1	5uk5_1	1.000	194	1.000	1.000	1.263E-147	452
5vx3_1	2yq7_1	1.000	140	1.000	1.000	8.527E-94	294
5vx3_1	5vx3_1	1.000	140	1.000	1.000	8.527E-94	294
5vx3_1	4bpk_1	0.992	139	0.986	1.000	8.862E-91	286
5vx3_1	3r85_1	0.978	140	1.000	0.986	3.134E-90	284
5vx3_1	2m04_1	0.878	156	0.993	0.912	6.125E-87	274
5vx3_1	1g5j_1	0.850	160	0.986	0.914	1.440E-85	271
5vx3_1	2pon_2	0.826	156	0.936	1.000	4.402E-80	255
5vx3_1	4hnj_2	0.692	140	1.000	0.822	7.240E-58	191
5vx3_1	4k5a_1	0.481	158	0.957	0.963	1.318E-43	150
5vx3_1	6fbx_1	0.316	133	0.893	0.899	1.613E-13	63
5xda_1	5xda_1	1.000	537	1.000	1.000	0.000E+00	1105
5ywr_1	5ywr_1	1.000	150	1.000	1.000	9.340E-100	312
5ywr_1	5d1k_1	0.462	147	0.980	0.986	6.160E-38	134
5ywr_1	5d1l_1	0.462	147	0.980	0.986	6.160E-38	134
5ywr_1	4a49_2	0.462	147	0.980	0.986	6.160E-38	134
5ywr_1	5d1m_1	0.462	147	0.980	0.986	6.160E-38	134
5ywr_1	2fuh_1	0.455	147	0.980	0.986	2.174E-37	132
5ywr_1	6d4p_1	0.442	147	0.980	0.973	1.309E-35	127
6bw9_1	6bw9_1	1.000	416	1.000	1.000	1.665E-277	840
6bw9_1	3ukx_1	0.518	426	0.990	1.000	5.175E-143	452
6bw9_1	6iwa_2	0.515	427	0.988	1.000	3.406E-142	449
6bw9_1	3ukz_1	0.515	427	0.988	1.000	3.406E-142	449
6bw9_1	1pjm_2	0.514	426	0.986	1.000	1.196E-141	448
6bw9_1	3ul0_1	0.514	426	0.986	1.000	1.196E-141	448
6bw9_1	6iu7_1	0.529	412	0.964	0.998	7.871E-141	445
6bw9_1	6iua_1	0.529	412	0.964	0.998	7.871E-141	445
2lp0_1	2lp0_1	1.000	60	1.000	1.000	1.676E-35	122
2m86_1	2m86_1	1.000	65	1.000	1.000	1.752E-40	136
2n73_1	2n73_1	1.000	69	1.000	1.000	1.091E-32	114
2ot8_1	2ot8_1	1.000	752	1.000	1.000	0.000E+00	1557
4x7e_1	4x7e_1	1.000	304	1.000	1.000	3.879E-213	648
4x7e_1	4x7f_1	0.667	281	0.924	0.898	2.147E-104	334
5o2t_1	5o2t_1	1.000	144	1.000	1.000	2.133E-94	296
5o2t_1	6h46_1	0.993	144	1.000	0.861	4.571E-92	289
5o2t_1	5ufe_1	0.986	144	1.000	0.911	4.167E-91	287
5o2t_1	3kud_1	0.930	144	1.000	0.867	3.597E-86	273
5o2t_1	1wq1_1	0.930	144	1.000	0.861	3.597E-86	273
5o2t_1	5e95_2	0.930	144	1.000	0.861	3.597E-86	273
5o2t_1	3ddc_1	0.916	144	1.000	0.861	4.497E-85	269
5o2t_1	1gua_1	0.613	143	0.993	0.856	5.474E-53	177
5o2t_1	3kuc_1	0.613	143	0.993	0.856	5.474E-53	177
5o2t_1	6ba6_2	0.600	143	0.993	0.856	7.506E-53	177
5o2t_1	4dxa_1	0.593	144	0.993	0.862	1.935E-52	175
5o2t_1	2a78_1	0.527	143	0.993	0.958	9.190E-45	153
5o2t_1	2a9k_1	0.527	143	0.993	0.958	9.190E-45	153
5o2t_1	2kwi_1	0.503	145	0.993	0.815	8.370E-44	151
5o2t_1	3tkl_1	0.355	148	0.979	0.865	4.354E-24	94
5o2t_1	3jza_1	0.331	147	0.903	0.993	1.907E-19	80
5o2t_1	4c4p_1	0.351	147	0.972	0.880	1.254E-18	78
5o2t_1	4g01_2	0.328	145	0.993	0.879	2.348E-18	77
5o2t_1	4qxa_1	0.302	146	1.000	0.961	4.397E-18	76
5o2t_1	4ojk_1	0.344	147	0.993	0.860	8.234E-18	76
5t0f_1	5t0f_1	1.000	154	1.000	1.000	4.234E-103	322
5un7_1	5un7_1	1.000	302	1.000	1.000	1.194E-205	626
5vz4_1	5vz4_1	1.000	108	1.000	1.000	1.113E-75	240
5vz4_1	1lx5_1	0.343	101	0.898	0.971	6.624E-17	71
5vz4_1	5mr4_1	0.315	94	0.870	0.908	1.113E-05	39
5vz4_1	5mr5_1	0.311	92	0.852	0.888	5.311E-05	37
5vz4_1	2gh0_1	0.302	102	0.944	0.990	7.679E-03	31
5xiu_1	5xiu_1	1.000	47	1.000	1.000	4.768E-25	91
5aam_2	5aam_2	1.000	96	1.000	1.000	2.395E-62	201
5aam_2	5aaw_2	1.000	96	1.000	1.000	2.395E-62	201
5aam_2	3uyp_1	0.979	96	1.000	1.000	4.121E-61	198
5aam_2	3uzq_2	0.533	90	0.938	0.947	2.336E-33	118
5aam_2	5kve_1	0.516	91	0.927	0.901	1.914E-27	101
5chv_2	5chv_2	1.000	153	1.000	1.000	6.534E-98	307
5dob_2	5dob_2	1.000	165	1.000	1.000	5.350E-110	342
5fw5_2	5fw5_2	1.000	15	1.000	1.000	1.782E-06	36
5u4m_2	5u4m_2	1.000	126	1.000	1.000	2.697E-82	260
5u4m_2	5lhn_2	0.676	135	1.000	1.000	3.424E-50	168
5u4m_2	1op9_2	0.706	125	0.992	1.000	2.280E-49	166
5u4m_2	5imk_1	0.754	117	0.921	0.951	2.280E-49	166
5u4m_2	5imm_1	0.747	118	0.921	0.952	3.127E-49	165
5u4m_2	4hep_2	0.728	128	0.960	0.992	1.518E-48	163
5u4m_2	6her_2	0.720	117	0.929	0.951	5.371E-48	162
5u4m_2	1g6v_2	0.679	126	1.000	1.000	5.371E-48	162
5u4m_2	6h16_2	0.728	117	0.929	0.949	3.575E-47	159
5u4m_2	2p49_2	0.671	126	1.000	1.000	8.423E-46	155
5u4m_2	2p4a_2	0.685	126	1.000	1.000	4.088E-45	153
5u4m_2	3qsk_2	0.669	126	1.000	1.000	4.088E-45	153
5u4m_2	4i0c_2	0.647	121	0.913	0.960	1.812E-43	149
5u4m_2	4wen_2	0.690	112	0.889	0.908	4.675E-43	147
5u4m_2	4w6x_2	0.638	126	1.000	1.000	1.206E-42	146
5u4m_2	5omn_2	0.656	126	1.000	1.000	1.654E-42	146
5u4m_2	4w6w_2	0.612	125	0.992	1.000	5.345E-41	141
5u4m_2	4eig_2	0.641	120	0.952	0.974	1.379E-40	140
5u4m_2	5m2j_2	0.648	126	1.000	1.000	1.891E-40	140
5u4m_2	4wem_2	0.663	112	0.889	0.908	1.891E-40	140
5u4m_2	6fuz_2	0.624	125	0.992	1.000	3.558E-40	139
5u4m_2	3eba_1	0.627	126	1.000	0.932	1.259E-39	138
5u4m_2	4z9k_2	0.632	125	0.992	0.906	1.727E-39	137
5u4m_2	6j7w_1	0.629	126	1.000	1.000	1.149E-38	135
5u4m_2	5l21_2	0.564	126	1.000	1.000	2.707E-37	131
5u4m_2	6jb2_1	0.581	125	0.992	0.992	2.707E-37	131
5u4m_2	4pou_2	0.614	106	0.841	0.875	1.314E-36	129
5u4m_2	1zvh_2	0.629	106	0.841	0.836	3.389E-36	128
5u4m_2	4w6y_2	0.595	126	1.000	0.973	4.648E-36	127
5u4m_2	3zkq_2	0.579	125	0.992	0.841	9.989E-34	121
5u4m_2	5m2m_2	0.559	126	0.841	0.992	3.534E-33	119
5u4m_2	4x7e_2	0.613	106	0.841	0.815	4.847E-33	119
5u4m_2	6cwg_2	0.559	124	0.984	0.811	1.250E-32	117
5u4m_2	6fv0_2	0.536	125	0.992	0.841	1.427E-30	111
5u4m_2	5o2u_2	0.550	112	0.841	0.974	5.048E-30	110
5u4m_2	4x7f_2	0.496	125	0.992	0.841	1.924E-23	91
5u4m_2	2ij0_2	0.327	103	0.817	0.839	6.977E-08	46
1a22_1	1a22_1	1.000	173	1.000	1.000	4.031E-113	352
1bvn_1	1bvn_1	1.000	496	1.000	1.000	0.000E+00	1079
1bvn_1	1kxt_1	0.985	496	1.000	1.000	0.000E+00	1071
1es0_1	1es0_1	1.000	179	1.000	1.000	1.457E-126	391
1gng_1	1gng_1	1.000	340	1.000	1.000	1.451E-231	703
1jsp_1	1jsp_1	1.000	19	1.000	1.000	3.396E-07	38
4g6u_2	4g6u_2	1.000	160	1.000	1.000	2.640E-105	329
4hep_2	4hep_2	1.000	129	1.000	1.000	5.634E-85	268
4hep_2	5imk_1	0.705	129	1.000	1.000	7.095E-53	176
4hep_2	5imm_1	0.700	129	1.000	1.000	2.291E-51	171
4hep_2	5lhn_2	0.688	134	1.000	0.993	5.395E-50	168
4hep_2	5u4m_2	0.709	128	0.992	0.960	6.754E-49	164
4hep_2	6h16_2	0.689	129	1.000	0.992	2.390E-48	163
4hep_2	1op9_2	0.674	129	1.000	1.000	2.731E-46	157
4hep_2	1g6v_2	0.643	129	1.000	0.992	7.045E-46	156
4hep_2	6her_2	0.620	129	1.000	0.992	1.209E-44	152
4hep_2	4w6x_2	0.598	129	1.000	0.992	2.076E-43	149
4hep_2	2p4a_2	0.627	129	1.000	0.992	5.356E-43	147
4hep_2	3qsk_2	0.616	129	1.000	0.992	5.356E-43	147
4hep_2	6j7w_1	0.643	129	1.000	0.991	1.382E-42	146
4hep_2	4i0c_2	0.631	129	1.000	1.000	1.895E-42	146
4hep_2	2p49_2	0.611	129	1.000	0.992	2.599E-42	145
4hep_2	4wen_2	0.643	129	1.000	0.992	3.564E-42	145
4hep_2	4wem_2	0.627	129	1.000	0.992	3.253E-41	142
4hep_2	4w6w_2	0.623	129	1.000	1.000	1.975E-39	137
4hep_2	4eig_2	0.596	129	1.000	0.991	2.709E-39	137
4hep_2	5omn_2	0.620	129	1.000	0.991	9.584E-39	135
4hep_2	4z9k_2	0.596	129	1.000	0.906	1.803E-38	134
4hep_2	5m2j_2	0.607	129	1.000	0.991	3.390E-38	134
4hep_2	6jb2_1	0.575	129	1.000	0.992	3.390E-38	134
4hep_2	6fuz_2	0.589	129	1.000	1.000	3.093E-37	131
4hep_2	4w6y_2	0.558	129	1.000	0.964	1.501E-36	129
4hep_2	3eba_1	0.598	129	1.000	0.924	1.501E-36	129
4hep_2	1ri8_2	0.573	129	1.000	0.839	7.279E-36	127
4hep_2	5jds_1	0.550	129	1.000	0.827	1.877E-35	126
4hep_2	1zvh_2	0.596	109	0.845	0.836	9.106E-35	124
4hep_2	5l21_2	0.518	129	1.000	0.992	1.713E-34	123
4hep_2	4ksd_2	0.542	129	1.000	0.805	1.139E-33	121
4hep_2	6cwg_2	0.553	128	0.992	0.811	1.139E-33	121
4hep_2	3zkq_2	0.534	129	1.000	0.841	1.953E-32	117
4hep_2	6fv0_2	0.519	129	1.000	0.841	1.781E-31	114
4hep_2	4x7e_2	0.590	110	0.853	0.824	1.624E-30	111
4hep_2	4pou_2	0.558	110	0.853	0.883	5.741E-30	110
4hep_2	5o2u_2	0.496	129	1.000	0.817	1.019E-25	98
4hep_2	4x7f_2	0.457	129	1.000	0.841	5.755E-20	81
4hep_2	5j57_2	0.471	116	0.837	0.935	3.810E-19	79
4je4_2	4je4_2	1.000	93	1.000	1.000	6.118E-60	194
4je4_2	3uyo_2	0.827	93	1.000	0.979	1.248E-42	144
4je4_2	5mtj_2	0.822	95	0.968	0.990	4.055E-41	140
4je4_2	3rzw_2	0.715	93	1.000	0.978	7.842E-34	119
4kr0_2	4kr0_2	1.000	208	1.000	1.000	2.180E-139	430
4kr0_2	4qzv_2	0.576	207	0.995	0.995	3.285E-74	242
3k8p_2	3k8p_2	1.000	580	1.000	1.000	0.000E+00	1177
2b7c_1	2b7c_1	1.000	437	1.000	1.000	7.803E-299	903
2f31_1	2f31_1	1.000	228	1.000	1.000	1.647E-146	451
2gox_1	2gox_1	1.000	297	1.000	1.000	8.212E-198	603
2gox_1	2wy8_1	0.983	297	1.000	1.000	9.535E-193	589
2j12_1	2j12_1	1.000	182	1.000	1.000	1.442E-121	377
2j12_1	1p6a_1	0.409	172	0.945	0.908	1.215E-31	117
2j12_1	1p69_1	0.409	172	0.945	0.908	4.258E-31	116
2k79_1	2k7a_1	1.000	63	1.000	1.000	4.855E-42	141
2k79_1	2k79_1	1.000	63	1.000	1.000	4.855E-42	141
2k79_1	5zau_1	0.350	59	0.937	0.965	5.867E-08	43
2k79_1	1avz_2	0.350	59	0.937	0.965	5.867E-08	43
2k79_1	1efn_1	0.322	59	0.937	0.946	7.592E-07	40
2k79_1	4afq_2	0.344	59	0.937	0.966	7.151E-06	37
2k79_1	4ag2_2	0.327	57	0.905	0.948	3.554E-05	35
4pbw_2	4pbw_2	1.000	191	1.000	1.000	5.870E-128	396
4rs1_2	4rs1_2	1.000	105	1.000	1.000	1.805E-68	219
4w6y_2	4w6y_2	1.000	112	1.000	1.000	1.292E-71	229
4w6y_2	4w6x_2	0.677	124	0.973	1.000	2.336E-46	156
4w6y_2	5jds_1	0.711	111	0.991	0.850	7.566E-45	152
4w6y_2	1op9_2	0.677	118	0.964	1.000	1.954E-44	151
4w6y_2	5imm_1	0.669	124	0.964	1.000	9.493E-44	149
4w6y_2	5imk_1	0.674	123	0.964	1.000	1.302E-43	148
4w6y_2	1g6v_2	0.658	125	0.973	1.000	1.787E-43	148
4w6y_2	6h16_2	0.677	118	0.973	1.000	2.451E-43	147
4w6y_2	2p49_2	0.669	121	0.973	1.000	2.451E-43	147
4w6y_2	4ksd_2	0.696	112	1.000	0.839	6.329E-43	146
4w6y_2	3qsk_2	0.666	120	0.973	1.000	3.076E-42	144
4w6y_2	2p4a_2	0.650	120	0.973	1.000	1.495E-41	142
4w6y_2	6fuz_2	0.669	112	0.964	1.000	2.813E-41	141
4w6y_2	6cwg_2	0.706	107	0.955	0.811	3.859E-41	141
4w6y_2	5lhn_2	0.585	135	0.973	1.000	1.367E-40	139
4w6y_2	3zkq_2	0.666	111	0.991	0.867	1.876E-40	139
4w6y_2	1ri8_2	0.687	112	1.000	0.871	6.644E-40	138
4w6y_2	6fv0_2	0.666	108	0.964	0.841	4.430E-39	135
4w6y_2	4i0c_2	0.617	126	0.964	1.000	6.078E-39	135
4w6y_2	5m2j_2	0.652	115	0.973	1.000	8.338E-39	134
4w6y_2	6her_2	0.634	123	0.973	1.000	8.338E-39	134
4w6y_2	4w6w_2	0.624	124	0.964	1.000	1.144E-38	134
4w6y_2	4z9k_2	0.675	108	0.964	0.906	2.153E-38	133
4w6y_2	5omn_2	0.642	111	0.973	1.000	3.707E-37	130
4w6y_2	4wen_2	0.619	120	0.973	1.000	3.707E-37	130
4w6y_2	4hep_2	0.558	129	0.964	1.000	4.653E-36	126
4w6y_2	5u4m_2	0.608	120	0.946	0.952	8.759E-36	126
4w6y_2	6jb2_1	0.568	125	0.964	0.992	1.099E-34	123
4w6y_2	4eig_2	0.620	115	0.973	1.000	2.069E-34	122
4w6y_2	6j7w_1	0.610	116	0.973	1.000	1.893E-33	119
4w6y_2	4wem_2	0.578	120	0.973	1.000	3.564E-33	118
4w6y_2	5o2u_2	0.629	108	0.964	0.817	4.890E-33	118
4w6y_2	3eba_1	0.631	110	0.973	0.932	9.204E-33	117
4w6y_2	5ip4_1	0.601	108	0.964	0.853	8.421E-32	114
4w6y_2	5l21_2	0.520	119	0.973	1.000	3.135E-28	104
4w6y_2	4x7f_2	0.611	108	0.964	0.841	1.276E-25	96
4w6y_2	4krl_2	0.582	91	0.812	0.902	1.837E-22	87
4w6y_2	3bzd_1	0.330	96	0.857	0.844	1.567E-02	30
4y61_2	4y61_2	1.000	235	1.000	1.000	1.192E-159	490
4an7_1	4an7_1	1.000	223	1.000	1.000	2.377E-159	488
4tq0_1	4tq0_1	1.000	211	1.000	1.000	2.438E-152	467
4wnd_1	4wnd_1	1.000	327	1.000	1.000	4.114E-222	675
4wnd_1	4a1s_1	0.380	323	0.988	0.922	2.962E-56	196
4yeb_1	4yeb_1	1.000	267	1.000	1.000	6.129E-190	579
4zk9_1	4zk9_1	1.000	163	1.000	1.000	9.468E-107	333
5bnq_1	5bnq_1	1.000	156	1.000	1.000	6.764E-107	333
5bnq_1	3me2_1	0.903	156	1.000	1.000	6.873E-97	304
1kac_2	1p69_2	1.000	122	1.000	1.000	1.850E-80	255
1kac_2	1kac_2	1.000	122	1.000	1.000	1.850E-80	255
1kac_2	1p6a_2	0.983	124	1.000	1.000	8.190E-79	250
1kac_2	2j1k_1	0.926	121	0.992	0.959	2.877E-71	228
1kac_2	2j12_2	0.894	121	0.992	0.974	1.739E-62	203
1mq8_2	1mq8_2	1.000	177	1.000	1.000	1.517E-114	356
1pd7_2	1pd7_2	1.000	24	1.000	1.000	2.156E-10	48
1rkc_2	1rkc_2	1.000	26	1.000	1.000	2.597E-11	50
1p6a_2	1p6a_2	1.000	124	1.000	1.000	3.063E-81	257
1p6a_2	1p69_2	0.983	124	1.000	1.000	3.193E-78	248
1p6a_2	1kac_2	0.983	124	1.000	1.000	3.193E-78	248
1p6a_2	2j1k_1	0.943	123	0.992	0.959	1.075E-73	235
1p6a_2	2j12_2	0.910	123	0.992	0.974	6.487E-65	210
1ri8_2	1ri8_2	1.000	124	1.000	1.000	3.357E-82	260
1ri8_2	5jds_1	0.653	127	0.992	1.000	1.446E-45	154
1ri8_2	4ksd_2	0.656	124	1.000	1.000	1.320E-44	152
1ri8_2	6cwg_2	0.638	127	1.000	1.000	3.111E-43	148
1ri8_2	4w6x_2	0.624	123	0.839	0.992	1.006E-41	143
1ri8_2	1g6v_2	0.632	124	0.839	0.992	1.379E-41	143
1ri8_2	5hvf_2	0.625	123	0.992	1.000	4.882E-41	141
1ri8_2	5m2m_2	0.598	127	1.000	1.000	9.185E-41	141
1ri8_2	6f2g_2	0.611	124	1.000	0.947	9.185E-41	141
1ri8_2	4w6y_2	0.703	108	0.839	0.964	1.260E-40	140
1ri8_2	2p49_2	0.650	120	0.839	0.992	2.370E-40	139
1ri8_2	1op9_2	0.661	118	0.839	1.000	3.251E-40	139
1ri8_2	2p4a_2	0.647	119	0.839	0.992	3.251E-40	139
1ri8_2	3qsk_2	0.647	119	0.839	0.992	3.251E-40	139
1ri8_2	5imk_1	0.642	123	0.839	1.000	3.251E-40	139
1ri8_2	5imm_1	0.637	124	0.839	1.000	4.459E-40	139
1ri8_2	4w6w_2	0.620	124	0.839	1.000	1.578E-39	137
1ri8_2	6gjq_2	0.580	124	1.000	1.000	7.660E-39	135
1ri8_2	4pou_2	0.611	124	1.000	0.883	2.711E-38	134
1ri8_2	4z9k_2	0.673	104	0.839	0.906	5.100E-38	133
1ri8_2	3zkq_2	0.616	124	1.000	0.982	1.316E-37	132
1ri8_2	5lhn_2	0.582	124	1.000	0.830	1.805E-37	131
1ri8_2	5o2u_2	0.620	124	1.000	0.983	3.396E-37	130
1ri8_2	6h16_2	0.641	117	0.839	0.992	6.388E-37	130
1ri8_2	4hep_2	0.573	129	0.839	1.000	1.202E-36	129
1ri8_2	6fv0_2	0.588	123	0.992	1.000	5.833E-36	127
1ri8_2	6her_2	0.568	124	1.000	0.837	2.831E-35	125
1ri8_2	5m2j_2	0.614	114	0.839	0.991	3.883E-35	124
1ri8_2	5ip4_1	0.633	109	0.879	0.872	1.374E-34	123
1ri8_2	5omn_2	0.618	110	0.839	0.991	4.863E-34	121
1ri8_2	1zvh_2	0.535	123	0.992	0.836	3.237E-33	119
1ri8_2	4i0c_2	0.570	126	0.839	1.000	3.237E-33	119
1ri8_2	4eig_2	0.570	114	0.839	0.991	8.351E-33	118
1ri8_2	4wen_2	0.579	119	0.839	0.992	8.351E-33	118
1ri8_2	4wem_2	0.563	119	0.839	0.992	1.571E-32	117
1ri8_2	3eba_1	0.536	123	0.992	0.831	2.154E-32	117
1ri8_2	6fuz_2	0.571	112	0.839	1.000	1.967E-31	114
1ri8_2	6jb2_1	0.536	125	0.839	0.992	3.699E-31	113
1ri8_2	4x7f_2	0.618	110	0.887	0.888	9.543E-31	112
1ri8_2	6j7w_1	0.564	115	0.839	0.991	2.246E-29	108
1ri8_2	5l21_2	0.537	118	0.839	0.992	1.495E-28	106
1ri8_2	5j57_2	0.421	114	0.919	0.871	1.106E-18	77
1t5z_2	1t5z_2	1.000	9	1.000	1.000	7.877E-02	22
1u0i_2	1u0i_2	1.000	21	1.000	1.000	1.387E-06	36
1u0i_2	1u0i_1	0.571	21	1.000	1.000	1.484E-01	22
1wa7_2	1wa7_2	1.000	22	1.000	1.000	5.723E-12	52
4msm_2	2k8b_1	1.000	76	1.000	1.000	3.726E-46	153
4msm_2	4msm_2	1.000	76	1.000	1.000	3.726E-46	153
4msm_2	2k8c_1	1.000	76	1.000	1.000	3.726E-46	153
4msm_2	2kwu_2	1.000	76	1.000	1.000	3.726E-46	153
4msm_2	2kwv_2	1.000	76	1.000	1.000	3.726E-46	153
4msm_2	2mbb_2	1.000	76	1.000	1.000	3.726E-46	153
4msm_2	4pqt_2	1.000	76	1.000	1.000	3.726E-46	153
4msm_2	5vzm_1	1.000	76	1.000	1.000	3.726E-46	153
4msm_2	2fuh_2	1.000	76	1.000	1.000	3.726E-46	153
4msm_2	2mcn_2	1.000	76	1.000	1.000	3.726E-46	153
4msm_2	2jy6_1	1.000	76	1.000	1.000	3.726E-46	153
4msm_2	1wrd_2	1.000	76	1.000	1.000	3.726E-46	153
4msm_2	1yx5_2	1.000	76	1.000	1.000	3.726E-46	153
4msm_2	2l0f_1	1.000	76	1.000	1.000	3.726E-46	153
4msm_2	1yx6_2	1.000	76	1.000	1.000	3.726E-46	153
4msm_2	2den_2	1.000	76	1.000	1.000	3.726E-46	153
4msm_2	2l0t_1	1.000	76	1.000	1.000	3.726E-46	153
4msm_2	2mj5_1	1.000	76	1.000	1.000	3.726E-46	153
4msm_2	4k1r_2	1.000	76	1.000	1.000	3.726E-46	153
4msm_2	2lvo_1	1.000	76	1.000	1.000	3.726E-46	153
4msm_2	1q5w_2	1.000	76	1.000	1.000	3.726E-46	153
4msm_2	2g45_2	1.000	76	1.000	1.000	3.726E-46	153
4msm_2	4m0w_2	1.000	76	1.000	1.000	3.726E-46	153
4msm_2	2mre_1	1.000	76	1.000	1.000	3.726E-46	153
4msm_2	2mro_1	1.000	76	1.000	1.000	3.726E-46	153
4msm_2	2ktf_1	1.000	76	1.000	1.000	3.726E-46	153
4msm_2	2lz6_1	1.000	76	1.000	1.000	3.726E-46	153
4msm_2	1zgu_2	0.986	76	1.000	1.000	9.631E-46	152
4msm_2	2jt4_2	0.960	76	1.000	1.000	3.133E-44	148
4msm_2	1wr1_1	0.960	76	1.000	1.000	3.133E-44	148
4msm_2	1q0w_2	0.960	76	1.000	1.000	3.133E-44	148
4msm_2	1otr_2	0.960	76	1.000	1.000	3.133E-44	148
4msm_2	2c7m_2	0.842	76	1.000	1.000	7.064E-35	121
4msm_2	6d4p_2	0.789	76	1.000	0.958	1.420E-31	111
4msm_2	5v69_2	0.843	64	0.803	0.985	4.270E-29	104
4msm_2	4hcp_2	0.500	76	1.000	0.945	1.894E-19	77
4msm_2	1p9d_1	0.328	73	0.961	0.859	2.137E-08	45
4msm_2	5tl7_1	0.301	73	0.961	0.908	9.796E-07	40
4pc0_2	4pc0_2	1.000	20	1.000	1.000	3.859E-08	41
4s0s_2	4s0s_2	1.000	11	1.000	1.000	1.094E-03	27
4wen_2	4wen_2	1.000	120	1.000	1.000	9.303E-78	247
4wen_2	4wem_2	0.741	120	1.000	1.000	2.593E-57	188
4wen_2	6her_2	0.701	123	1.000	1.000	3.245E-49	165
4wen_2	6h16_2	0.719	120	1.000	1.000	8.375E-49	164
4wen_2	5imk_1	0.715	123	0.992	1.000	1.149E-48	163
4wen_2	5imm_1	0.709	124	0.992	1.000	3.716E-47	159
4wen_2	5lhn_2	0.639	135	1.000	1.000	3.395E-46	156
4wen_2	5omn_2	0.675	120	1.000	1.000	2.066E-44	151
4wen_2	5u4m_2	0.690	112	0.908	0.889	5.333E-44	150
4wen_2	4eig_2	0.666	120	1.000	1.000	1.725E-42	145
4wen_2	4w6x_2	0.645	124	1.000	1.000	2.366E-42	145
4wen_2	4hep_2	0.643	129	0.992	1.000	6.108E-42	144
4wen_2	1g6v_2	0.650	125	1.000	1.000	1.576E-41	143
4wen_2	1op9_2	0.680	119	0.992	1.000	2.162E-41	142
4wen_2	4w6w_2	0.620	124	0.992	1.000	4.069E-41	141
4wen_2	2p4a_2	0.652	120	1.000	1.000	1.050E-40	140
4wen_2	4i0c_2	0.625	126	0.992	1.000	3.718E-40	139
4wen_2	3qsk_2	0.648	120	1.000	1.000	9.595E-40	138
4wen_2	2p49_2	0.647	121	1.000	1.000	1.316E-39	137
4wen_2	5m2j_2	0.639	120	1.000	1.000	1.203E-38	134
4wen_2	6jb2_1	0.600	125	0.992	0.992	3.104E-38	133
4wen_2	5jds_1	0.611	120	1.000	0.835	3.104E-38	133
4wen_2	4w6y_2	0.619	120	1.000	0.973	2.068E-37	131
4wen_2	5l21_2	0.600	110	0.917	0.882	7.321E-37	129
4wen_2	6fuz_2	0.633	119	0.992	1.000	1.004E-36	129
4wen_2	6j7w_1	0.619	120	1.000	1.000	9.176E-36	126
4wen_2	5o2u_2	0.596	119	0.992	0.817	2.368E-35	125
4wen_2	4x7e_2	0.670	100	0.833	0.824	1.150E-34	123
4wen_2	4ksd_2	0.586	120	1.000	0.814	1.577E-34	123
4wen_2	6cwg_2	0.578	118	0.983	0.811	4.071E-34	121
4wen_2	3eba_1	0.598	120	1.000	0.932	5.584E-34	121
4wen_2	3zkq_2	0.583	119	0.992	0.841	7.660E-34	121
4wen_2	1zvh_2	0.627	102	0.825	0.836	1.051E-33	120
4wen_2	1ri8_2	0.571	119	0.992	0.839	4.661E-32	115
4wen_2	5ip4_1	0.546	119	0.992	0.853	2.263E-31	113
4wen_2	4z9k_2	0.571	119	0.992	0.906	4.258E-31	113
4wen_2	6fv0_2	0.550	119	0.992	0.841	5.336E-30	109
4wen_2	4pou_2	0.575	106	0.833	0.883	2.590E-29	108
4wen_2	4x7f_2	0.554	119	0.992	0.841	1.575E-27	102
4wen_2	2aq2_1	0.333	96	0.800	0.800	7.941E-08	46
4wen_2	2ij0_2	0.310	101	0.842	0.847	2.026E-07	44
4ydh_2	4ydh_2	1.000	99	1.000	1.000	1.850E-61	199
5gtb_2	5gtb_2	1.000	23	1.000	1.000	1.149E-11	51
5ixd_2	5ixd_2	1.000	19	1.000	1.000	3.017E-10	47
5kxh_2	5kxh_2	1.000	38	1.000	1.000	4.391E-26	93
5kxh_2	5ky5_2	0.594	37	0.921	0.925	1.431E-11	52
5kxh_2	5ky0_2	0.485	35	0.921	0.921	1.341E-10	49
5kxh_2	5ky4_2	0.400	35	0.921	0.917	1.385E-05	35
5m36_2	5m36_2	1.000	4	1.000	1.000	2.167E+01	14
5my6_2	5my6_2	1.000	98	1.000	1.000	2.521E-65	210
5my6_2	6gjq_2	0.489	98	0.908	0.810	4.457E-21	83
5my6_2	5hvf_2	0.505	95	0.908	0.812	1.153E-20	81
5my6_2	4ksd_2	0.494	95	0.908	0.805	1.582E-20	81
5my6_2	4x7f_2	0.444	89	0.908	0.804	2.912E-16	69
3oux_1	3oux_1	1.000	493	1.000	1.000	9.881E-324	978
3oux_1	1th1_1	0.738	523	0.919	0.994	4.925E-227	699
3oux_1	1v18_1	0.736	504	0.838	0.998	1.338E-211	654
3oux_1	3ouw_1	0.733	462	0.937	0.848	3.874E-206	638
3r85_1	3r85_1	1.000	139	1.000	1.000	2.095E-93	293
3r85_1	2yq7_1	0.978	140	0.986	1.000	2.986E-90	284
3r85_1	5vx3_1	0.978	140	0.986	1.000	2.986E-90	284
3r85_1	4bpk_1	0.971	139	0.971	1.000	1.320E-88	279
3r85_1	2m04_1	0.859	157	0.986	0.918	1.373E-85	271
3r85_1	2pon_2	0.807	156	0.921	1.000	6.563E-78	248
3r85_1	4hnj_2	0.710	138	0.993	0.830	7.580E-59	194
3r85_1	4k5a_1	0.484	159	0.950	0.970	4.458E-43	148
3r85_1	6fbx_1	0.301	133	0.878	0.899	5.450E-13	61
3tgk_1	3tgk_1	1.000	217	1.000	1.000	3.460E-156	479
3tgk_1	1f5r_1	0.926	216	0.949	1.000	1.617E-138	428
3tgk_1	1fy8_1	0.915	210	0.968	0.940	2.285E-135	419
3tgk_1	1f7z_1	0.906	208	0.959	0.972	2.355E-132	410
3tgk_1	4doq_1	0.727	219	0.954	1.000	6.771E-110	345
3tgk_1	1avx_1	0.578	209	0.963	0.883	5.140E-81	262
3uyo_1	3uyo_1	1.000	114	1.000	1.000	6.618E-74	235
3uyo_1	5mtj_1	0.376	99	0.868	0.862	6.382E-14	63
3uyo_1	4je4_1	0.339	105	0.921	0.971	1.518E-09	50
3wrx_1	3wrx_1	1.000	409	1.000	1.000	1.420E-269	817
3ro2_2	3ro2_2	1.000	22	1.000	1.000	4.469E-13	55
3tz1_2	3tz1_2	1.000	24	1.000	1.000	1.567E-10	48
3v6b_2	3v6b_2	1.000	7	1.000	1.000	7.828E-01	19
3znz_2	3znz_2	1.000	146	1.000	1.000	1.779E-91	288
4ap2_2	4ap2_2	1.000	41	1.000	1.000	2.331E-24	89
4x33_2	4x33_2	1.000	324	1.000	1.000	5.484E-233	706
4yh7_2	4yh7_2	1.000	324	1.000	1.000	1.528E-223	679
4zqu_2	4zqu_2	1.000	172	1.000	1.000	1.154E-117	365
5boz_2	5boz_2	1.000	46	1.000	1.000	4.543E-29	102
5dfw_2	5dfw_2	1.000	222	1.000	1.000	1.411E-154	474
5dfw_2	1dzb_1	0.608	220	0.910	1.000	1.325E-81	264
5dfw_2	5aam_1	0.485	224	0.986	0.987	4.118E-67	222
5dfw_2	5aaw_1	0.483	225	0.986	0.987	5.640E-67	222
5dfw_2	3uyp_2	0.487	222	1.000	0.907	9.572E-66	218
5dfw_2	3uze_2	0.487	222	1.000	0.895	9.572E-66	218
5dfw_2	3uzv_2	0.487	222	1.000	0.895	9.572E-66	218
5dfw_2	3uzq_1	0.470	222	1.000	0.902	2.224E-64	214
5dfw_2	6qb3_2	0.427	227	0.995	0.996	9.893E-54	183
5dfw_2	6ejm_2	0.376	227	1.000	1.000	6.511E-53	181
5dfw_2	6cbp_2	0.327	231	0.883	0.983	4.336E-35	129
5dfw_2	6i07_1	0.352	224	0.937	0.982	2.821E-34	127
5dfw_2	4x7s_2	0.414	180	0.811	0.821	3.668E-31	118
5agw_1	5agw_1	1.000	110	1.000	1.000	9.352E-73	232
5agw_1	2xa0_1	0.685	137	0.900	1.000	2.898E-53	176
4xl1_2	4xl1_2	1.000	222	1.000	1.000	5.488E-165	504
4yoc_2	4yoc_2	1.000	529	1.000	1.000	0.000E+00	1106
5agw_2	5agw_2	1.000	2	1.000	1.000	3.472E+03	10
5cx3_2	5cx3_2	1.000	16	1.000	1.000	1.904E-06	36
5e95_2	1wq1_1	1.000	166	1.000	1.000	1.807E-108	338
5e95_2	5e95_2	1.000	166	1.000	1.000	1.807E-108	338
5e95_2	3kud_1	1.000	165	0.994	1.000	2.256E-107	335
5e95_2	3ddc_1	0.987	166	1.000	1.000	2.256E-107	335
5e95_2	6h46_1	0.933	166	1.000	1.000	3.643E-102	320
5e95_2	5ufe_1	0.944	144	0.867	0.917	2.784E-89	283
5e95_2	5o2t_1	0.930	144	0.861	1.000	1.018E-85	273
5e95_2	1gua_1	0.595	162	0.970	0.970	3.890E-59	196
5e95_2	3kuc_1	0.595	162	0.970	0.970	3.890E-59	196
5e95_2	4dxa_1	0.582	163	0.970	0.976	5.332E-59	196
5e95_2	6ba6_2	0.582	162	0.970	0.970	9.113E-58	192
5e95_2	2kwi_1	0.521	165	0.976	0.927	6.410E-51	172
5e95_2	2a78_1	0.524	142	0.855	0.958	1.269E-44	154
5e95_2	2a9k_1	0.524	142	0.855	0.958	1.269E-44	154
5e95_2	3tkl_1	0.370	169	0.970	0.988	6.603E-29	109
5e95_2	4g01_2	0.333	164	0.970	0.994	8.887E-23	91
5e95_2	4ojk_1	0.347	166	0.970	0.971	5.812E-22	89
5e95_2	4c4p_1	0.359	166	0.952	0.994	1.486E-21	87
5e95_2	4qxa_1	0.315	150	0.886	0.987	7.094E-21	85
5e95_2	5fr2_1	0.302	171	0.970	0.914	4.115E-19	80
5e95_2	3eg5_1	0.315	162	0.928	0.910	7.682E-19	79
5e95_2	4did_1	0.315	162	0.928	0.905	7.682E-19	79
5e95_2	1ees_1	0.327	161	0.928	0.904	1.049E-18	79
5e95_2	4yc7_2	0.317	160	0.928	0.904	4.990E-18	77
5e95_2	2rmk_1	0.320	161	0.970	0.839	2.370E-17	75
6obn_1	6obn_1	1.000	291	1.000	1.000	4.707E-205	624
6saz_1	6saz_1	1.000	199	1.000	1.000	1.214E-134	415
6saz_1	6ht9_1	0.995	200	1.000	1.000	3.900E-133	411
1ay7_2	1ay7_2	1.000	89	1.000	1.000	6.622E-56	182
1ay7_2	3da7_1	1.000	88	0.989	1.000	2.347E-55	181
1ay7_2	1b3s_2	0.966	90	0.989	1.000	5.079E-53	174
1ay7_2	1b2s_2	0.966	90	0.989	1.000	6.969E-53	173
1ay7_2	1b2u_2	0.966	90	0.989	1.000	1.800E-52	172
1ay7_2	1x1y_2	0.966	89	1.000	1.000	2.470E-52	172
1ay7_2	1x1w_2	0.955	89	0.989	1.000	2.071E-50	166
1ay7_2	1x1x_2	0.954	88	0.978	1.000	7.340E-50	165
1ay7_2	2za4_2	0.715	87	0.843	1.000	1.781E-30	109
1ay7_2	1brs_2	0.411	81	0.910	0.819	7.488E-09	47
1dzb_2	1dzb_2	1.000	129	1.000	1.000	2.765E-91	286
1dzb_2	6jb8_2	0.945	129	1.000	1.000	1.162E-85	270
1dzb_2	1ri8_1	0.945	129	1.000	1.000	1.162E-85	270
1dzb_2	4gla_1	0.945	129	1.000	1.000	1.162E-85	270
1dzb_2	4gn4_1	0.945	129	1.000	1.000	1.162E-85	270
1dzb_2	4cj2_1	0.945	129	1.000	1.000	1.162E-85	270
1dzb_2	6jb2_2	0.945	129	1.000	1.000	1.162E-85	270
1dzb_2	1zvy_1	0.937	129	1.000	1.000	2.493E-83	263
1dzb_2	3m18_2	0.930	129	1.000	1.000	8.819E-83	262
1dzb_2	1rjc_1	0.937	129	1.000	1.000	2.369E-79	252
1dzb_2	4i0c_1	0.584	130	1.000	1.000	3.443E-52	174
1dzb_2	1op9_1	0.584	130	1.000	1.000	3.443E-52	174
4afz_1	4afz_1	1.000	224	1.000	1.000	3.876E-157	482
6azp_1	6azp_1	1.000	576	1.000	1.000	0.000E+00	1220
6e2p_1	6e2p_1	1.000	457	1.000	1.000	2.611E-317	957
6fp7_1	6fp7_1	1.000	217	1.000	1.000	7.607E-151	463
6gvl_1	6gvl_1	1.000	197	1.000	1.000	2.586E-133	411
6imf_1	6imf_1	1.000	214	1.000	1.000	1.595E-156	479
2h4m_2	2h4m_2	1.000	23	1.000	1.000	5.666E-11	49
2jby_2	2jby_2	1.000	25	1.000	1.000	1.908E-12	53
2jby_2	2xpx_2	0.958	24	0.960	1.000	8.213E-10	46
2jby_2	5ajk_2	0.956	23	0.880	1.000	2.949E-09	44
2jby_2	2voh_2	0.750	24	0.840	1.000	9.379E-07	37
2jby_2	5tzp_2	0.545	22	0.800	1.000	1.423E-01	23
2jby_2	5uul_2	0.350	20	0.800	0.870	5.243E-01	21
2jby_2	5twa_2	0.391	23	0.800	0.920	1.943E+00	19
2jby_2	4zii_2	0.300	20	0.800	0.833	7.895E+02	13
2k8b_2	2k8b_2	1.000	80	1.000	1.000	6.676E-54	176
2k8b_2	2k8c_2	1.000	80	1.000	1.000	6.676E-54	176
2kwi_2	2kwi_2	1.000	56	1.000	1.000	2.334E-30	107
2wy8_2	2wy8_2	1.000	66	1.000	1.000	1.523E-34	119
2v9t_1	2v9t_1	1.000	102	1.000	1.000	3.207E-69	221
2wd5_1	2wd5_1	1.000	177	1.000	1.000	5.180E-117	363
2x1x_1	2x1x_1	1.000	103	1.000	1.000	7.592E-71	226
2yvj_1	2yvj_1	1.000	402	1.000	1.000	3.118E-261	792
3bzd_1	3bzd_1	1.000	109	1.000	1.000	6.200E-69	221
3bzd_1	2aq2_1	0.798	109	0.826	0.991	4.348E-51	169
3bzd_1	5hvf_2	0.311	106	0.927	0.906	4.488E-06	40
3bzd_1	6gjq_2	0.302	109	0.927	0.901	2.599E-04	35
3bzd_1	6f2g_2	0.309	110	0.908	0.840	9.012E-04	33
3bzd_1	6fv0_2	0.303	100	0.908	0.885	1.986E-02	29
3bzd_1	4w6y_2	0.333	92	0.807	0.821	2.611E+00	23
4u2x_2	4u2x_2	1.000	173	1.000	1.000	7.578E-113	351
4x7d_2	4x7d_2	1.000	53	1.000	1.000	4.443E-32	111
4yiz_2	4yiz_2	1.000	39	1.000	1.000	3.126E-21	79
4zrj_2	4zrj_2	1.000	77	1.000	1.000	2.201E-43	145
1grn_1	1grn_1	1.000	191	1.000	1.000	5.342E-127	393
1grn_1	4js0_1	0.900	191	1.000	0.972	2.519E-109	342
1grn_1	2fju_1	0.654	191	1.000	0.972	3.767E-80	258
1grn_1	1e96_1	0.568	190	0.995	0.968	1.346E-66	219
1grn_1	5fr1_1	0.502	187	0.979	0.929	3.710E-57	192
1grn_1	4d0n_1	0.443	187	0.979	0.943	4.838E-47	162
1grn_1	5tar_1	0.333	175	0.916	0.902	1.176E-20	86
1grn_1	1zc4_1	0.308	175	0.916	0.855	5.778E-18	78
1grn_1	1zc3_1	0.308	175	0.916	0.855	1.460E-17	77
1grn_1	5xco_1	0.324	179	0.937	0.870	9.312E-17	74
1grn_1	1he8_2	0.312	179	0.937	0.855	1.096E-15	71
4zii_2	4zii_2	1.000	24	1.000	1.000	1.139E-10	48
5bn5_2	5bn5_2	1.000	326	1.000	1.000	2.809E-212	647
5dc4_2	5dc4_2	1.000	92	1.000	1.000	1.376E-58	190
5dc4_2	4jeg_2	0.844	90	0.967	0.968	4.216E-42	143
5dc4_2	5mtm_2	0.815	91	0.978	0.989	6.671E-40	136
5dc4_2	5mtn_2	0.787	93	0.978	0.989	4.456E-39	134
5dc4_2	5g15_2	0.702	90	0.978	1.000	2.587E-29	106
5f4e_2	5f4e_2	1.000	203	1.000	1.000	1.767E-156	479
5f4e_2	5jke_2	0.893	201	0.990	0.941	1.831E-133	412
5h9b_2	5h9b_2	1.000	17	1.000	1.000	5.660E-07	37
5mak_1	5mak_1	1.000	203	1.000	1.000	2.076E-141	435
5mak_1	5ma6_1	0.851	202	0.995	0.847	8.847E-113	353
5nvm_1	5nvm_1	1.000	157	1.000	1.000	9.386E-110	341
5szh_1	5szh_1	1.000	140	1.000	1.000	2.434E-77	247
5ua4_1	5ua4_1	1.000	135	1.000	1.000	2.461E-90	284
2gox_2	2gox_2	1.000	65	1.000	1.000	1.575E-35	122
2gox_2	3d5r_2	0.984	65	1.000	1.000	1.988E-34	119
2j1k_2	2j1k_2	1.000	182	1.000	1.000	5.411E-125	387
2k7a_2	2k7a_2	1.000	108	1.000	1.000	4.117E-72	230
2k7a_2	2k79_2	1.000	108	1.000	1.000	4.117E-72	230
2k7a_2	5dc4_1	0.326	103	0.954	0.990	1.084E-11	56
2kvq_2	2kvq_2	1.000	59	1.000	1.000	1.160E-35	122
2ld7_2	2ld7_2	1.000	75	1.000	1.000	5.305E-47	156
2m04_2	2m04_2	1.000	25	1.000	1.000	3.611E-12	53
2m04_2	3kj1_2	0.428	21	0.840	0.818	1.400E+00	20
2m04_2	1g5j_2	0.333	21	0.840	0.840	5.220E+00	18
3e2k_2	3e2k_2	1.000	161	1.000	1.000	1.074E-105	330
3g7a_2	3g7a_2	1.000	30	1.000	1.000	3.151E-15	62
3h3g_2	3h3g_2	1.000	22	1.000	1.000	1.010E-10	48
3kj0_2	3kj0_2	1.000	23	1.000	1.000	4.740E-13	55
3kj0_2	3kj1_2	0.913	23	1.000	1.000	1.003E-09	46
3kj0_2	3kj2_2	0.869	23	1.000	1.000	1.293E-08	42
3kj0_2	2wh6_2	0.739	23	1.000	0.818	1.573E-06	36
3kj0_2	5vmo_2	0.590	22	0.957	0.833	3.526E-03	27
1h59_1	1h59_1	1.000	54	1.000	1.000	1.690E-35	121
2hrk_2	2hrk_2	1.000	119	1.000	1.000	1.268E-74	238
2jti_2	2jti_2	1.000	103	1.000	1.000	7.592E-71	226
2jti_2	2pcb_2	0.646	99	0.961	0.952	1.752E-44	150
2kbw_2	2kbw_2	1.000	31	1.000	1.000	1.897E-16	65
2kbw_2	5ua4_2	0.548	31	1.000	0.812	3.352E-05	33
2kwv_2	2k8b_1	1.000	76	1.000	1.000	3.726E-46	153
2kwv_2	4msm_2	1.000	76	1.000	1.000	3.726E-46	153
2kwv_2	2k8c_1	1.000	76	1.000	1.000	3.726E-46	153
2kwv_2	2kwu_2	1.000	76	1.000	1.000	3.726E-46	153
2kwv_2	2kwv_2	1.000	76	1.000	1.000	3.726E-46	153
2kwv_2	2mbb_2	1.000	76	1.000	1.000	3.726E-46	153
2kwv_2	4pqt_2	1.000	76	1.000	1.000	3.726E-46	153
2kwv_2	5vzm_1	1.000	76	1.000	1.000	3.726E-46	153
2kwv_2	2fuh_2	1.000	76	1.000	1.000	3.726E-46	153
2kwv_2	2mcn_2	1.000	76	1.000	1.000	3.726E-46	153
2kwv_2	2jy6_1	1.000	76	1.000	1.000	3.726E-46	153
2kwv_2	1wrd_2	1.000	76	1.000	1.000	3.726E-46	153
2kwv_2	1yx5_2	1.000	76	1.000	1.000	3.726E-46	153
2kwv_2	2l0f_1	1.000	76	1.000	1.000	3.726E-46	153
2kwv_2	1yx6_2	1.000	76	1.000	1.000	3.726E-46	153
2kwv_2	2den_2	1.000	76	1.000	1.000	3.726E-46	153
2kwv_2	2l0t_1	1.000	76	1.000	1.000	3.726E-46	153
2kwv_2	2mj5_1	1.000	76	1.000	1.000	3.726E-46	153
2kwv_2	4k1r_2	1.000	76	1.000	1.000	3.726E-46	153
2kwv_2	2lvo_1	1.000	76	1.000	1.000	3.726E-46	153
2kwv_2	1q5w_2	1.000	76	1.000	1.000	3.726E-46	153
2kwv_2	2g45_2	1.000	76	1.000	1.000	3.726E-46	153
2kwv_2	4m0w_2	1.000	76	1.000	1.000	3.726E-46	153
2kwv_2	2mre_1	1.000	76	1.000	1.000	3.726E-46	153
2kwv_2	2mro_1	1.000	76	1.000	1.000	3.726E-46	153
2kwv_2	2ktf_1	1.000	76	1.000	1.000	3.726E-46	153
2kwv_2	2lz6_1	1.000	76	1.000	1.000	3.726E-46	153
2kwv_2	1zgu_2	0.986	76	1.000	1.000	9.631E-46	152
2kwv_2	2jt4_2	0.960	76	1.000	1.000	3.133E-44	148
2kwv_2	1wr1_1	0.960	76	1.000	1.000	3.133E-44	148
2kwv_2	1q0w_2	0.960	76	1.000	1.000	3.133E-44	148
2kwv_2	1otr_2	0.960	76	1.000	1.000	3.133E-44	148
2kwv_2	2c7m_2	0.842	76	1.000	1.000	7.064E-35	121
2kwv_2	6d4p_2	0.789	76	1.000	0.958	1.420E-31	111
2kwv_2	5v69_2	0.843	64	0.803	0.985	4.270E-29	104
2kwv_2	4hcp_2	0.500	76	1.000	0.945	1.894E-19	77
2kwv_2	1p9d_1	0.328	73	0.961	0.859	2.137E-08	45
2kwv_2	5tl7_1	0.301	73	0.961	0.908	9.796E-07	40
2lp4_2	2lp4_2	1.000	126	1.000	1.000	1.244E-77	247
6ne4_2	6ne2_2	1.000	119	1.000	1.000	2.524E-85	269
6ne4_2	6ne4_2	1.000	119	1.000	1.000	2.524E-85	269
6ne4_2	5un5_1	0.512	119	0.992	1.000	1.049E-44	152
6ne4_2	6ndz_1	0.520	119	1.000	0.983	1.438E-44	151
6ne4_2	6ne1_1	0.451	104	0.874	0.886	1.509E-27	102
6qb3_2	6qb3_2	1.000	228	1.000	1.000	3.633E-151	465
6qb3_2	6ejm_2	0.481	225	0.987	0.987	1.018E-57	195
6qb3_2	1dzb_1	0.473	218	0.895	0.991	4.900E-54	184
6qb3_2	6cbp_2	0.408	234	0.895	0.996	1.393E-51	177
6qb3_2	5dfw_2	0.427	227	0.996	0.995	6.686E-51	175
6qb3_2	5aaw_1	0.408	227	0.996	0.991	9.076E-48	166
6qb3_2	5aam_1	0.406	227	0.996	0.991	1.699E-47	166
6qb3_2	6oan_2	0.400	228	1.000	0.900	9.991E-46	160
6qb3_2	6i07_1	0.406	223	0.921	0.978	5.734E-41	147
6qb3_2	3uyp_2	0.350	227	0.996	0.903	8.216E-36	132
6qb3_2	3uze_2	0.350	227	0.996	0.891	8.216E-36	132
6qb3_2	3uzv_2	0.350	227	0.996	0.891	8.216E-36	132
6qb3_2	3uzq_1	0.334	227	0.996	0.897	2.095E-35	130
1avz_1	1avz_1	1.000	103	1.000	1.000	1.366E-73	234
1avz_1	1efn_2	0.855	104	0.874	1.000	9.137E-59	191
1dp5_1	1dp5_1	1.000	328	1.000	1.000	7.689E-228	692
1dp5_1	1dpj_1	1.000	328	1.000	1.000	7.689E-228	692
1u0s_2	1u0s_2	1.000	84	1.000	1.000	3.704E-45	151
2rms_2	2rms_2	1.000	61	1.000	1.000	1.764E-35	122
2v6x_2	2v6x_2	1.000	39	1.000	1.000	3.126E-21	79
2w19_2	2w19_2	1.000	77	1.000	1.000	1.168E-43	146
2wy3_2	2wy3_2	1.000	133	1.000	1.000	5.761E-90	283
2yj1_2	2yj1_2	1.000	3	1.000	1.000	1.673E+03	10
4dh2_2	4dh2_2	1.000	72	1.000	1.000	4.562E-47	156
4dh2_2	4uyq_2	0.382	68	0.889	0.932	6.884E-09	46
4ekd_2	4ekd_2	1.000	132	1.000	1.000	5.208E-86	271
4ekd_2	4ekc_2	0.962	132	1.000	0.992	7.738E-80	254
4geh_2	4geh_2	1.000	65	1.000	1.000	3.824E-38	130
4geh_2	3w8i_2	0.857	63	0.831	1.000	4.300E-28	101
4hgk_2	4hgk_2	1.000	104	1.000	1.000	2.954E-67	216
4hgk_2	5l8j_2	0.504	103	0.990	0.976	4.871E-19	77
4hgk_2	2aq2_1	0.320	97	0.856	0.882	3.438E-05	37
4apf_2	4apf_2	1.000	318	1.000	1.000	6.027E-214	651
4c4p_2	4c4p_2	1.000	55	1.000	1.000	1.903E-32	113
4did_2	4did_2	1.000	127	1.000	1.000	1.253E-80	256
4etp_2	4etp_2	1.000	287	1.000	1.000	1.471E-185	567
4gi3_2	4gi3_2	1.000	57	1.000	1.000	5.209E-39	132
5hvf_1	5hvf_1	1.000	372	1.000	1.000	4.179E-259	784
5jke_1	5jke_1	1.000	232	1.000	1.000	1.250E-161	495
5lhn_1	5lhn_1	1.000	238	1.000	1.000	4.735E-172	526
5mr4_1	5mr4_1	1.000	98	1.000	1.000	8.160E-64	205
5mr4_1	5mr5_1	0.989	98	1.000	0.990	9.359E-62	199
5mr4_1	2gh0_1	0.479	97	0.969	0.970	4.457E-21	83
5mr4_1	5vz4_1	0.315	94	0.908	0.870	1.509E-05	38
5o0w_1	5o0w_1	1.000	344	1.000	1.000	1.278E-231	704
5ma6_1	5ma6_1	1.000	203	1.000	1.000	5.347E-141	434
5ma6_1	5mak_1	0.851	202	0.847	0.995	1.213E-112	352
3bp8_2	3bp8_2	1.000	75	1.000	1.000	2.734E-43	145
3d5r_2	3d5r_2	1.000	65	1.000	1.000	2.162E-35	122
3d5r_2	2gox_2	0.984	65	1.000	1.000	1.448E-34	119
3eab_2	3eab_2	1.000	39	1.000	1.000	1.420E-19	75
3g9w_2	3g9w_2	1.000	40	1.000	1.000	2.210E-24	89
3hct_2	3hct_2	1.000	109	1.000	1.000	1.752E-69	222
3hct_2	3hcu_2	0.990	109	1.000	0.973	5.175E-67	215
6ba6_2	6ba6_2	1.000	167	1.000	1.000	9.181E-108	336
6ba6_2	4dxa_1	0.994	167	0.994	1.000	1.431E-105	330
6ba6_2	1gua_1	0.964	167	1.000	1.000	1.628E-103	324
6ba6_2	3kuc_1	0.964	167	1.000	1.000	1.628E-103	324
6ba6_2	6h46_1	0.581	164	0.982	0.982	5.575E-59	196
6ba6_2	3ddc_1	0.595	162	0.970	0.970	1.048E-58	195
6ba6_2	3kud_1	0.582	162	0.970	0.976	9.526E-58	192
6ba6_2	1wq1_1	0.582	162	0.970	0.970	9.526E-58	192
6ba6_2	5e95_2	0.582	162	0.970	0.970	9.526E-58	192
6ba6_2	5o2t_1	0.600	143	0.856	0.993	1.523E-52	177
6ba6_2	5ufe_1	0.590	143	0.856	0.904	3.564E-51	173
6ba6_2	2kwi_1	0.481	165	0.976	0.927	2.425E-47	162
6ba6_2	4kvg_1	0.590	148	0.802	0.925	6.396E-44	152
6ba6_2	2a78_1	0.532	137	0.820	0.924	1.493E-42	148
6ba6_2	2a9k_1	0.532	137	0.820	0.924	1.493E-42	148
6ba6_2	4g01_2	0.351	164	0.970	0.994	4.923E-23	92
6ba6_2	3tkl_1	0.315	169	0.970	0.988	8.229E-22	88
6ba6_2	4ojk_1	0.313	168	0.982	0.982	1.085E-18	79
6ba6_2	5fr2_1	0.311	164	0.928	0.877	1.085E-18	79
6ba6_2	4qxa_1	0.306	148	0.874	0.974	1.583E-16	73
6e3j_2	6e3j_2	1.000	21	1.000	1.000	2.315E-09	44
6e3j_2	6e3i_2	0.809	21	1.000	1.000	1.007E-06	37
6e3j_2	2vog_2	0.444	18	0.857	0.818	5.683E+01	15
6e3j_2	5uul_2	0.350	20	0.952	0.870	8.971E+02	12
6fq0_2	6fq0_2	1.000	129	1.000	1.000	1.513E-81	258
6h46_2	6h46_2	1.000	141	1.000	1.000	8.949E-94	294
6h46_2	3zu7_2	0.864	140	0.993	0.896	1.287E-73	236
6h46_2	5ma6_2	0.851	141	0.993	0.887	1.070E-71	231
6h46_2	6fp7_2	0.835	140	0.993	0.859	2.012E-71	230
6h46_2	4k5a_2	0.802	142	0.993	0.882	2.869E-68	221
6h46_2	6ne1_2	0.500	140	0.993	0.888	2.304E-35	126
6kbm_2	6kbm_2	1.000	26	1.000	1.000	2.332E-14	59
6kbm_2	6kbn_2	0.692	26	1.000	0.857	2.610E-06	36
2rvb_2	2rnr_2	1.000	108	1.000	1.000	1.392E-67	217
2rvb_2	2ruk_2	1.000	108	1.000	1.000	1.392E-67	217
2rvb_2	2rvb_2	1.000	108	1.000	1.000	1.392E-67	217
2rvb_2	5xv8_2	1.000	108	1.000	1.000	1.392E-67	217
2vdb_2	2vdb_2	1.000	53	1.000	1.000	5.619E-31	108
2wg4_2	2wg4_2	1.000	412	1.000	1.000	5.101E-310	934
2xb6_2	2xb6_2	1.000	177	1.000	1.000	1.335E-116	362
2za4_2	2za4_2	1.000	87	1.000	1.000	1.033E-54	179
2za4_2	1x1x_2	0.738	87	1.000	0.864	3.938E-33	117
2za4_2	1b2s_2	0.727	87	1.000	0.856	1.018E-32	115
2za4_2	1b2u_2	0.727	87	1.000	0.856	1.018E-32	115
2za4_2	1x1y_2	0.727	87	1.000	0.843	1.398E-32	115
2za4_2	1x1w_2	0.727	87	1.000	0.854	1.919E-32	115
2za4_2	1b3s_2	0.715	87	1.000	0.856	3.616E-32	114
2za4_2	3da7_1	0.715	87	1.000	0.852	4.964E-32	113
2za4_2	1ay7_2	0.715	87	1.000	0.843	4.964E-32	113
4pz6_1	4pz6_1	1.000	371	1.000	1.000	3.711E-255	773
4udm_1	4udm_1	1.000	84	1.000	1.000	1.161E-57	187
4xl1_1	4xl1_1	1.000	116	1.000	1.000	2.615E-87	274
4yoc_1	4yoc_1	1.000	882	1.000	1.000	0.000E+00	1858
5u4y_2	5u4y_2	1.000	55	1.000	1.000	4.538E-31	109
5u4y_2	2m5a_2	0.777	54	0.964	0.931	6.227E-19	74
5u4y_2	2b87_2	0.745	55	0.964	0.948	3.056E-18	72
5u4y_2	1h0t_2	0.745	55	0.964	0.948	7.369E-17	68
2be6_1	2be6_1	1.000	75	1.000	1.000	6.675E-46	153
2be6_1	2lqc_1	0.986	75	1.000	0.961	7.705E-44	147
2be6_1	2be6_2	0.447	67	0.893	0.955	1.135E-13	60
2be6_1	3tz1_1	0.402	67	0.893	0.930	9.086E-11	52
2f9z_1	2f9z_1	1.000	189	1.000	1.000	1.041E-114	357
2h4m_1	2h4m_1	1.000	760	1.000	1.000	0.000E+00	1567
2jby_1	2jby_1	1.000	127	1.000	1.000	2.583E-81	258
2k8b_1	2k8b_1	1.000	76	1.000	1.000	3.726E-46	153
2k8b_1	4msm_2	1.000	76	1.000	1.000	3.726E-46	153
2k8b_1	2k8c_1	1.000	76	1.000	1.000	3.726E-46	153
2k8b_1	2kwu_2	1.000	76	1.000	1.000	3.726E-46	153
2k8b_1	2kwv_2	1.000	76	1.000	1.000	3.726E-46	153
2k8b_1	2mbb_2	1.000	76	1.000	1.000	3.726E-46	153
2k8b_1	4pqt_2	1.000	76	1.000	1.000	3.726E-46	153
2k8b_1	5vzm_1	1.000	76	1.000	1.000	3.726E-46	153
2k8b_1	2fuh_2	1.000	76	1.000	1.000	3.726E-46	153
2k8b_1	2mcn_2	1.000	76	1.000	1.000	3.726E-46	153
2k8b_1	2jy6_1	1.000	76	1.000	1.000	3.726E-46	153
2k8b_1	1wrd_2	1.000	76	1.000	1.000	3.726E-46	153
2k8b_1	1yx5_2	1.000	76	1.000	1.000	3.726E-46	153
2k8b_1	2l0f_1	1.000	76	1.000	1.000	3.726E-46	153
2k8b_1	1yx6_2	1.000	76	1.000	1.000	3.726E-46	153
2k8b_1	2den_2	1.000	76	1.000	1.000	3.726E-46	153
2k8b_1	2l0t_1	1.000	76	1.000	1.000	3.726E-46	153
2k8b_1	2mj5_1	1.000	76	1.000	1.000	3.726E-46	153
2k8b_1	4k1r_2	1.000	76	1.000	1.000	3.726E-46	153
2k8b_1	2lvo_1	1.000	76	1.000	1.000	3.726E-46	153
2k8b_1	1q5w_2	1.000	76	1.000	1.000	3.726E-46	153
2k8b_1	2g45_2	1.000	76	1.000	1.000	3.726E-46	153
2k8b_1	4m0w_2	1.000	76	1.000	1.000	3.726E-46	153
2k8b_1	2mre_1	1.000	76	1.000	1.000	3.726E-46	153
2k8b_1	2mro_1	1.000	76	1.000	1.000	3.726E-46	153
2k8b_1	2ktf_1	1.000	76	1.000	1.000	3.726E-46	153
2k8b_1	2lz6_1	1.000	76	1.000	1.000	3.726E-46	153
2k8b_1	1zgu_2	0.986	76	1.000	1.000	9.631E-46	152
2k8b_1	2jt4_2	0.960	76	1.000	1.000	3.133E-44	148
2k8b_1	1wr1_1	0.960	76	1.000	1.000	3.133E-44	148
2k8b_1	1q0w_2	0.960	76	1.000	1.000	3.133E-44	148
2k8b_1	1otr_2	0.960	76	1.000	1.000	3.133E-44	148
2k8b_1	2c7m_2	0.842	76	1.000	1.000	7.064E-35	121
2k8b_1	6d4p_2	0.789	76	1.000	0.958	1.420E-31	111
2k8b_1	5v69_2	0.843	64	0.803	0.985	4.270E-29	104
2k8b_1	4hcp_2	0.500	76	1.000	0.945	1.894E-19	77
2k8b_1	1p9d_1	0.328	73	0.961	0.859	2.137E-08	45
2k8b_1	5tl7_1	0.301	73	0.961	0.908	9.796E-07	40
2m0g_2	2m0g_2	1.000	104	1.000	1.000	3.873E-70	224
2mws_2	2mws_2	1.000	79	1.000	1.000	7.714E-49	161
2omy_2	2omy_2	1.000	82	1.000	1.000	2.081E-54	177
2omy_2	2omz_2	1.000	82	1.000	1.000	2.081E-54	177
2omy_2	2omv_2	0.987	82	1.000	0.988	4.509E-52	171
2omy_2	2omt_2	0.811	101	1.000	1.000	2.009E-50	166
2p4a_2	2p4a_2	1.000	120	1.000	1.000	2.881E-79	251
2p4a_2	3qsk_2	0.916	120	1.000	1.000	1.588E-69	223
2p4a_2	2p49_2	0.917	121	1.000	1.000	1.588E-69	223
2p4a_2	4pou_2	0.839	106	0.833	0.883	4.070E-55	182
2p4a_2	5imk_1	0.739	123	0.992	1.000	5.837E-52	173
2p4a_2	4w6x_2	0.685	124	1.000	1.000	1.003E-50	169
2p4a_2	5imm_1	0.733	124	0.992	1.000	1.888E-50	168
2p4a_2	6h16_2	0.729	120	1.000	1.000	2.589E-50	168
2p4a_2	6her_2	0.699	123	1.000	1.000	8.375E-49	164
2p4a_2	1op9_2	0.737	119	0.992	1.000	1.050E-47	160
2p4a_2	1g6v_2	0.689	125	1.000	1.000	1.975E-47	160
2p4a_2	5lhn_2	0.666	135	1.000	1.000	6.991E-47	158
2p4a_2	5u4m_2	0.730	114	0.925	0.905	8.762E-46	155
2p4a_2	6jb2_1	0.664	125	0.992	0.992	8.006E-45	152
2p4a_2	4i0c_2	0.656	126	0.992	1.000	3.888E-44	150
2p4a_2	4w6w_2	0.672	124	0.992	1.000	1.376E-43	149
2p4a_2	4hep_2	0.643	129	0.992	1.000	4.873E-43	147
2p4a_2	4w6y_2	0.650	120	1.000	0.973	3.246E-42	145
2p4a_2	5omn_2	0.666	120	1.000	1.000	5.581E-41	141
2p4a_2	5m2j_2	0.644	120	1.000	1.000	5.581E-41	141
2p4a_2	4wen_2	0.652	120	1.000	1.000	7.655E-41	141
2p4a_2	4wem_2	0.652	120	1.000	1.000	1.050E-40	140
2p4a_2	4eig_2	0.650	120	1.000	1.000	5.100E-40	138
2p4a_2	1ri8_2	0.647	119	0.992	0.839	5.100E-40	138
2p4a_2	1zvh_2	0.686	102	0.825	0.836	9.595E-40	138
2p4a_2	6fuz_2	0.621	119	0.992	1.000	2.477E-39	136
2p4a_2	4ksd_2	0.625	120	1.000	0.814	8.768E-39	135
2p4a_2	6j7w_1	0.625	120	1.000	1.000	2.263E-38	134
2p4a_2	3eba_1	0.658	120	1.000	0.932	2.263E-38	134
2p4a_2	6cwg_2	0.608	118	0.983	0.811	2.263E-38	134
2p4a_2	4z9k_2	0.605	119	0.992	0.906	1.259E-35	126
2p4a_2	5jds_1	0.591	120	1.000	0.835	2.368E-35	125
2p4a_2	3zkq_2	0.571	119	0.992	0.841	6.112E-35	124
2p4a_2	4x7e_2	0.660	100	0.833	0.824	1.150E-34	123
2p4a_2	5l21_2	0.554	120	1.000	1.000	1.577E-34	123
2p4a_2	6fv0_2	0.546	119	0.992	0.841	1.441E-33	120
2p4a_2	5o2u_2	0.563	119	0.992	0.817	7.318E-30	109
2p4a_2	4x7f_2	0.504	119	0.992	0.841	1.368E-22	88
2p4a_2	2ij0_2	0.326	98	0.817	0.822	3.780E-07	44
1q0w_2	2jt4_2	1.000	76	1.000	1.000	2.489E-45	151
1q0w_2	1wr1_1	1.000	76	1.000	1.000	2.489E-45	151
1q0w_2	1q0w_2	1.000	76	1.000	1.000	2.489E-45	151
1q0w_2	1otr_2	1.000	76	1.000	1.000	2.489E-45	151
1q0w_2	2k8b_1	0.960	76	1.000	1.000	1.112E-43	146
1q0w_2	4msm_2	0.960	76	1.000	1.000	1.112E-43	146
1q0w_2	2k8c_1	0.960	76	1.000	1.000	1.112E-43	146
1q0w_2	2kwu_2	0.960	76	1.000	1.000	1.112E-43	146
1q0w_2	2kwv_2	0.960	76	1.000	1.000	1.112E-43	146
1q0w_2	2mbb_2	0.960	76	1.000	1.000	1.112E-43	146
1q0w_2	4pqt_2	0.960	76	1.000	1.000	1.112E-43	146
1q0w_2	5vzm_1	0.960	76	1.000	1.000	1.112E-43	146
1q0w_2	2fuh_2	0.960	76	1.000	1.000	1.112E-43	146
1q0w_2	2mcn_2	0.960	76	1.000	1.000	1.112E-43	146
1q0w_2	2jy6_1	0.960	76	1.000	1.000	1.112E-43	146
1q0w_2	1wrd_2	0.960	76	1.000	1.000	1.112E-43	146
1q0w_2	1yx5_2	0.960	76	1.000	1.000	1.112E-43	146
1q0w_2	2l0f_1	0.960	76	1.000	1.000	1.112E-43	146
1q0w_2	1yx6_2	0.960	76	1.000	1.000	1.112E-43	146
1q0w_2	2den_2	0.960	76	1.000	1.000	1.112E-43	146
1q0w_2	2l0t_1	0.960	76	1.000	1.000	1.112E-43	146
1q0w_2	2mj5_1	0.960	76	1.000	1.000	1.112E-43	146
1q0w_2	4k1r_2	0.960	76	1.000	1.000	1.112E-43	146
1q0w_2	2lvo_1	0.960	76	1.000	1.000	1.112E-43	146
1q0w_2	1q5w_2	0.960	76	1.000	1.000	1.112E-43	146
1q0w_2	2g45_2	0.960	76	1.000	1.000	1.112E-43	146
1q0w_2	4m0w_2	0.960	76	1.000	1.000	1.112E-43	146
1q0w_2	2mre_1	0.960	76	1.000	1.000	1.112E-43	146
1q0w_2	2mro_1	0.960	76	1.000	1.000	1.112E-43	146
1q0w_2	2ktf_1	0.960	76	1.000	1.000	1.112E-43	146
1q0w_2	2lz6_1	0.960	76	1.000	1.000	1.112E-43	146
1q0w_2	1zgu_2	0.947	76	1.000	1.000	2.874E-43	145
1q0w_2	2c7m_2	0.802	76	1.000	1.000	2.120E-32	114
1q0w_2	6d4p_2	0.750	76	1.000	0.958	4.270E-29	104
1q0w_2	5v69_2	0.796	64	0.803	0.985	1.287E-26	97
1q0w_2	4hcp_2	0.473	76	1.000	0.945	1.618E-17	71
1q0w_2	5tl7_1	0.315	73	0.961	0.908	5.177E-07	41
1q0w_2	1p9d_1	0.315	73	0.961	0.859	1.347E-06	40
2l14_1	1kbh_2	1.000	59	1.000	1.000	1.703E-32	113
2l14_1	2l14_1	1.000	59	1.000	1.000	1.703E-32	113
2lvo_1	2k8b_1	1.000	76	1.000	1.000	3.726E-46	153
2lvo_1	4msm_2	1.000	76	1.000	1.000	3.726E-46	153
2lvo_1	2k8c_1	1.000	76	1.000	1.000	3.726E-46	153
2lvo_1	2kwu_2	1.000	76	1.000	1.000	3.726E-46	153
2lvo_1	2kwv_2	1.000	76	1.000	1.000	3.726E-46	153
2lvo_1	2mbb_2	1.000	76	1.000	1.000	3.726E-46	153
2lvo_1	4pqt_2	1.000	76	1.000	1.000	3.726E-46	153
2lvo_1	5vzm_1	1.000	76	1.000	1.000	3.726E-46	153
2lvo_1	2fuh_2	1.000	76	1.000	1.000	3.726E-46	153
2lvo_1	2mcn_2	1.000	76	1.000	1.000	3.726E-46	153
2lvo_1	2jy6_1	1.000	76	1.000	1.000	3.726E-46	153
2lvo_1	1wrd_2	1.000	76	1.000	1.000	3.726E-46	153
2lvo_1	1yx5_2	1.000	76	1.000	1.000	3.726E-46	153
2lvo_1	2l0f_1	1.000	76	1.000	1.000	3.726E-46	153
2lvo_1	1yx6_2	1.000	76	1.000	1.000	3.726E-46	153
2lvo_1	2den_2	1.000	76	1.000	1.000	3.726E-46	153
2lvo_1	2l0t_1	1.000	76	1.000	1.000	3.726E-46	153
2lvo_1	2mj5_1	1.000	76	1.000	1.000	3.726E-46	153
2lvo_1	4k1r_2	1.000	76	1.000	1.000	3.726E-46	153
2lvo_1	2lvo_1	1.000	76	1.000	1.000	3.726E-46	153
2lvo_1	1q5w_2	1.000	76	1.000	1.000	3.726E-46	153
2lvo_1	2g45_2	1.000	76	1.000	1.000	3.726E-46	153
2lvo_1	4m0w_2	1.000	76	1.000	1.000	3.726E-46	153
2lvo_1	2mre_1	1.000	76	1.000	1.000	3.726E-46	153
2lvo_1	2mro_1	1.000	76	1.000	1.000	3.726E-46	153
2lvo_1	2ktf_1	1.000	76	1.000	1.000	3.726E-46	153
2lvo_1	2lz6_1	1.000	76	1.000	1.000	3.726E-46	153
2lvo_1	1zgu_2	0.986	76	1.000	1.000	9.631E-46	152
2lvo_1	2jt4_2	0.960	76	1.000	1.000	3.133E-44	148
2lvo_1	1wr1_1	0.960	76	1.000	1.000	3.133E-44	148
2lvo_1	1q0w_2	0.960	76	1.000	1.000	3.133E-44	148
2lvo_1	1otr_2	0.960	76	1.000	1.000	3.133E-44	148
2lvo_1	2c7m_2	0.842	76	1.000	1.000	7.064E-35	121
2lvo_1	6d4p_2	0.789	76	1.000	0.958	1.420E-31	111
2lvo_1	5v69_2	0.843	64	0.803	0.985	4.270E-29	104
2lvo_1	4hcp_2	0.500	76	1.000	0.945	1.894E-19	77
2lvo_1	1p9d_1	0.328	73	0.961	0.859	2.137E-08	45
2lvo_1	5tl7_1	0.301	73	0.961	0.908	9.796E-07	40
2mnu_1	2mnu_1	1.000	83	1.000	1.000	1.337E-52	172
2mnu_1	3rzw_2	0.317	77	0.819	0.865	1.780E-02	29
2o8v_1	2o8v_1	1.000	219	1.000	1.000	3.350E-148	456
2p44_1	2p44_1	1.000	119	1.000	1.000	1.459E-79	252
2p44_1	3qsk_1	0.957	119	1.000	0.958	1.449E-72	232
2p44_1	4pou_1	0.932	119	0.933	0.992	7.035E-72	230
2p44_1	2p49_1	0.914	114	0.933	0.958	1.730E-67	217
2p44_1	2p47_1	0.829	123	0.857	1.000	1.318E-64	209
3osl_2	1zli_2	1.000	74	1.000	1.000	5.685E-52	170
3osl_2	3osl_2	1.000	74	1.000	1.000	5.685E-52	170
3osl_2	3lms_2	1.000	74	1.000	1.000	5.685E-52	170
3qsk_2	3qsk_2	1.000	120	1.000	1.000	1.838E-81	258
3qsk_2	2p49_2	0.942	121	1.000	1.000	1.215E-73	235
3qsk_2	2p4a_2	0.916	120	1.000	1.000	4.487E-70	225
3qsk_2	4pou_2	0.877	106	0.833	0.883	9.614E-61	198
3qsk_2	5imk_1	0.750	123	0.992	1.000	8.764E-53	175
3qsk_2	5imm_1	0.744	124	0.992	1.000	2.834E-51	171
3qsk_2	4w6x_2	0.693	124	1.000	1.000	7.315E-51	169
3qsk_2	6h16_2	0.725	120	1.000	1.000	9.166E-50	166
3qsk_2	1g6v_2	0.700	125	1.000	1.000	6.105E-49	164
3qsk_2	1op9_2	0.729	119	0.992	1.000	5.578E-48	161
3qsk_2	6her_2	0.691	123	1.000	1.000	2.709E-47	159
3qsk_2	5u4m_2	0.713	114	0.925	0.905	1.804E-46	157
3qsk_2	5lhn_2	0.651	135	1.000	1.000	1.804E-46	157
3qsk_2	6jb2_1	0.656	125	0.992	0.992	5.836E-45	153
3qsk_2	4w6w_2	0.672	124	0.992	1.000	3.888E-44	150
3qsk_2	4i0c_2	0.648	126	0.992	1.000	3.888E-44	150
3qsk_2	5omn_2	0.691	120	1.000	1.000	7.315E-44	149
3qsk_2	4w6y_2	0.666	120	1.000	0.973	3.552E-43	147
3qsk_2	4hep_2	0.616	129	0.992	1.000	3.552E-43	147
3qsk_2	1zvh_2	0.686	102	0.825	0.836	7.655E-41	141
3qsk_2	5m2j_2	0.652	120	1.000	1.000	1.050E-40	140
3qsk_2	4wen_2	0.648	120	1.000	1.000	1.440E-40	140
3qsk_2	1ri8_2	0.647	119	0.992	0.839	1.976E-40	139
3qsk_2	4wem_2	0.652	120	1.000	1.000	2.710E-40	139
3qsk_2	4eig_2	0.650	120	1.000	1.000	9.595E-40	138
3qsk_2	6j7w_1	0.633	120	1.000	1.000	9.595E-40	138
3qsk_2	6fuz_2	0.630	119	0.992	1.000	2.477E-39	136
3qsk_2	3eba_1	0.650	120	1.000	0.932	1.650E-38	134
3qsk_2	4ksd_2	0.625	120	1.000	0.814	3.104E-38	133
3qsk_2	6cwg_2	0.608	118	0.983	0.811	3.104E-38	133
3qsk_2	5jds_1	0.608	120	1.000	0.835	4.877E-36	127
3qsk_2	4z9k_2	0.605	119	0.992	0.906	1.259E-35	126
3qsk_2	4x7e_2	0.660	100	0.833	0.824	4.456E-35	124
3qsk_2	5l21_2	0.554	120	1.000	1.000	6.112E-35	124
3qsk_2	3zkq_2	0.571	119	0.992	0.841	2.164E-34	122
3qsk_2	6fv0_2	0.546	119	0.992	0.841	5.102E-33	118
3qsk_2	5o2u_2	0.563	119	0.992	0.817	3.890E-30	110
3qsk_2	4x7f_2	0.504	119	0.992	0.841	2.573E-22	87
3qsk_2	2ij0_2	0.326	98	0.817	0.822	2.768E-07	44
3tac_2	3tac_2	1.000	290	1.000	1.000	9.407E-193	588
3ul0_2	3ul0_2	1.000	23	1.000	1.000	7.796E-11	49
3ul0_2	3ukz_2	0.956	23	1.000	1.000	1.380E-09	45
2m55_1	5j8h_1	1.000	148	1.000	1.000	4.431E-93	293
2m55_1	2m55_1	1.000	148	1.000	1.000	4.431E-93	293
2m55_1	2n8j_1	1.000	148	1.000	1.000	4.431E-93	293
2m55_1	4ehq_1	0.979	147	0.993	0.993	7.885E-89	280
2m55_1	6oqq_2	0.510	145	0.980	0.840	1.762E-39	138
4pgj_1	4pgj_1	1.000	106	1.000	1.000	4.085E-73	233
4pgj_1	5o0w_2	0.382	109	0.858	0.932	2.146E-09	49
4tq1_1	4tq1_1	1.000	258	1.000	1.000	3.498E-182	556
4x33_1	4x33_1	1.000	49	1.000	1.000	1.913E-32	112
4yh7_1	4yh7_1	1.000	585	1.000	1.000	0.000E+00	1192
4zqu_1	4zqu_1	1.000	84	1.000	1.000	1.928E-52	172
5nwm_2	5nwm_2	1.000	32	1.000	1.000	2.329E-18	71
5szi_2	5szi_2	1.000	40	1.000	1.000	4.963E-18	70
5ufe_2	5ufe_2	1.000	20	1.000	1.000	4.413E-10	46
5vx0_2	5vwy_2	1.000	24	1.000	1.000	1.220E-11	51
5vx0_2	5vx0_2	1.000	24	1.000	1.000	1.220E-11	51
5vx0_2	5vx3_2	0.666	24	1.000	0.800	5.015E-02	24
1sv0_2	1sv0_2	1.000	79	1.000	1.000	1.502E-52	172
4uyq_2	4uyq_2	1.000	73	1.000	1.000	4.034E-45	150
4uyq_2	4dh2_2	0.393	66	0.904	0.861	1.874E-08	45
4xxb_2	4xxb_2	1.000	42	1.000	1.000	8.163E-31	107
4z9k_2	4z9k_2	1.000	106	1.000	1.000	8.798E-71	226
4z9k_2	1g6v_2	0.612	124	0.906	0.992	1.129E-41	142
4z9k_2	5u4m_2	0.647	119	0.877	0.944	5.488E-41	140
4z9k_2	5imk_1	0.626	123	0.906	1.000	1.417E-40	139
4z9k_2	5imm_1	0.620	124	0.906	1.000	1.945E-40	139
4z9k_2	4w6y_2	0.675	108	0.906	0.964	3.661E-40	138
4z9k_2	4hep_2	0.596	129	0.906	1.000	6.892E-40	137
4z9k_2	6h16_2	0.658	117	0.906	0.992	9.457E-40	137
4z9k_2	1ri8_2	0.673	104	0.906	0.839	8.657E-39	134
4z9k_2	4w6x_2	0.577	123	0.906	0.992	3.068E-38	132
4z9k_2	1op9_2	0.603	118	0.906	1.000	4.210E-38	132
4z9k_2	6cwg_2	0.669	103	0.896	0.811	5.776E-38	132
4z9k_2	5jds_1	0.676	105	0.906	0.827	7.926E-38	131
4z9k_2	3zkq_2	0.710	96	0.906	0.841	2.809E-37	130
4z9k_2	4ksd_2	0.702	96	0.906	0.805	3.854E-37	129
4z9k_2	2p49_2	0.600	120	0.906	0.992	7.257E-37	128
4z9k_2	5omn_2	0.627	110	0.906	0.991	9.957E-37	128
4z9k_2	2p4a_2	0.605	119	0.906	0.992	9.957E-37	128
4z9k_2	3qsk_2	0.605	119	0.906	0.992	1.875E-36	127
4z9k_2	6j7w_1	0.606	115	0.906	0.991	4.843E-36	126
4z9k_2	5m2j_2	0.605	114	0.906	0.991	1.716E-35	124
4z9k_2	4w6w_2	0.548	124	0.906	1.000	1.572E-34	122
4z9k_2	6fv0_2	0.640	96	0.906	0.841	4.061E-34	121
4z9k_2	6her_2	0.557	122	0.906	0.992	7.646E-34	120
4z9k_2	6fuz_2	0.580	112	0.906	1.000	2.710E-33	118
4z9k_2	4wen_2	0.571	119	0.906	0.992	9.608E-33	117
4z9k_2	4i0c_2	0.531	126	0.906	1.000	3.406E-32	115
4z9k_2	4eig_2	0.578	114	0.906	0.991	4.674E-32	115
4z9k_2	5ip4_1	0.610	98	0.925	0.872	1.657E-31	113
4z9k_2	5o2u_2	0.660	97	0.915	0.826	1.657E-31	113
4z9k_2	5l21_2	0.542	118	0.906	0.992	5.381E-30	109
4z9k_2	3eba_1	0.575	109	0.906	0.924	1.390E-29	108
4z9k_2	4x7f_2	0.642	96	0.906	0.841	6.764E-29	106
4z9k_2	4wem_2	0.521	119	0.906	0.992	1.274E-28	105
4z9k_2	6jb2_1	0.512	125	0.906	0.992	2.398E-28	104
5b64_2	5b64_2	1.000	111	1.000	1.000	1.286E-68	220
5d1k_2	5d1k_2	1.000	110	1.000	1.000	3.310E-72	230
5d1k_2	5d1m_2	0.972	110	1.000	1.000	1.535E-67	217
4p3y_1	4p3y_1	1.000	386	1.000	1.000	3.450E-260	788
4re1_1	4re1_1	1.000	81	1.000	1.000	7.018E-54	176
4w6w_1	4w6w_1	1.000	141	1.000	1.000	5.220E-95	298
4w6w_1	4w6x_1	0.497	141	1.000	0.951	9.491E-40	139
4xxw_1	4xxw_1	1.000	229	1.000	1.000	5.742E-152	467
3p71_1	3p71_1	1.000	315	1.000	1.000	1.633E-215	655
5b77_2	5b76_2	1.000	24	1.000	1.000	9.977E-09	43
5b77_2	5b77_2	1.000	24	1.000	1.000	9.977E-09	43
5d28_2	5d28_2	1.000	111	1.000	1.000	2.534E-72	231
5et1_2	5et1_2	1.000	11	1.000	1.000	1.393E-02	24
5h3j_2	5h3j_2	1.000	21	1.000	1.000	5.391E-12	52
5j56_2	5j56_2	1.000	128	1.000	1.000	2.375E-83	263
5j56_2	4lgr_2	0.648	128	1.000	0.959	1.811E-42	146
3kj0_1	3kj0_1	1.000	123	1.000	1.000	1.476E-77	246
3kj0_1	3kj2_1	0.991	122	0.992	0.801	1.122E-74	238
3kj0_1	3kj1_1	0.983	122	0.984	0.803	3.970E-74	237
3kj0_1	5c3f_1	0.983	122	0.992	0.801	7.468E-74	236
3mca_1	3mca_1	1.000	377	1.000	1.000	1.821E-248	754
3o5t_1	3o5t_1	1.000	269	1.000	1.000	4.296E-182	556
3p92_1	3p92_1	1.000	223	1.000	1.000	5.065E-157	481
3p92_1	3p95_1	1.000	223	1.000	1.000	5.065E-157	481
3p92_1	3l33_1	1.000	223	1.000	1.000	5.065E-157	481
3p92_1	6gfi_1	1.000	223	1.000	1.000	5.065E-157	481
3p92_1	6har_1	0.995	224	1.000	1.000	1.627E-155	477
3p92_1	2r9p_1	0.995	224	1.000	1.000	1.627E-155	477
3p92_1	5c67_1	0.995	223	1.000	1.000	7.873E-155	475
3p92_1	4u32_2	0.968	224	0.978	1.000	1.012E-150	463
3p92_1	4u30_1	0.973	223	0.973	1.000	1.387E-150	463
3p92_1	2ra3_1	0.866	224	1.000	1.000	1.070E-134	417
3p92_1	1ldt_1	0.784	223	1.000	1.000	9.650E-124	385
3p92_1	1eja_1	0.784	223	1.000	1.000	9.650E-124	385
3p92_1	3fp6_1	0.771	223	1.000	1.000	5.816E-122	380
3p92_1	1d6r_1	0.721	223	1.000	1.000	1.974E-114	359
3p92_1	1smf_1	0.721	223	1.000	1.000	1.974E-114	359
3p92_1	2uuy_1	0.721	223	1.000	1.000	1.974E-114	359
3p92_1	2xtt_2	0.721	223	1.000	1.000	1.974E-114	359
3p92_1	6dwh_1	0.721	223	1.000	1.000	1.974E-114	359
3p92_1	1c9t_1	0.695	223	0.973	1.000	3.918E-108	340
3p92_1	4aoq_1	0.695	223	0.973	1.000	3.918E-108	340
3p92_1	1ppe_1	0.695	223	0.973	1.000	3.918E-108	340
3p92_1	2ptc_1	0.695	223	0.973	1.000	3.918E-108	340
3p92_1	2tgp_1	0.695	223	0.973	1.000	3.918E-108	340
3p92_1	1g9i_1	0.695	223	0.973	1.000	3.918E-108	340
3p92_1	2g81_1	0.695	223	0.973	1.000	3.918E-108	340
3p92_1	6dwf_1	0.695	223	0.973	1.000	3.918E-108	340
3p92_1	4j2y_2	0.695	223	0.973	1.000	3.918E-108	340
3p92_1	2ftm_1	0.690	223	0.973	1.000	1.895E-107	338
3p92_1	6kbr_1	0.392	189	0.848	0.989	1.091E-39	143
3p92_1	4ag2_1	0.330	213	0.946	0.955	5.503E-29	111
3p92_1	4afq_1	0.321	216	0.933	0.977	1.470E-26	104
2xns_1	2xns_1	1.000	316	1.000	1.000	2.652E-213	649
1x1x_1	1x1u_1	1.000	109	1.000	1.000	5.183E-74	235
1x1x_1	1x1x_1	1.000	109	1.000	1.000	5.183E-74	235
1x1x_1	1x1w_1	0.990	110	1.000	1.000	1.675E-72	231
1x1x_1	1b2u_1	0.981	110	1.000	1.000	1.116E-71	229
1x1x_1	1b3s_1	0.981	110	1.000	1.000	3.949E-71	227
1x1x_1	1x1y_1	0.981	109	1.000	0.991	5.417E-71	227
1x1x_1	2za4_1	0.972	109	1.000	0.991	3.607E-70	224
1y4a_1	2sic_1	1.000	275	1.000	1.000	3.294E-173	531
1y4a_1	1y4a_1	1.000	275	1.000	1.000	3.294E-173	531
1y4a_1	2sni_1	0.996	275	1.000	1.000	8.480E-173	530
1y4a_1	1y1k_1	0.985	275	1.000	0.964	7.912E-169	518
1y4a_1	1y33_1	0.985	275	1.000	0.964	7.912E-169	518
1y4a_1	1y34_1	0.985	275	1.000	0.964	7.912E-169	518
1y4a_1	1y3b_1	0.985	275	1.000	0.964	7.912E-169	518
1y4a_1	1y3c_1	0.985	275	1.000	0.964	7.912E-169	518
1y4a_1	1tm1_1	0.985	275	1.000	0.964	7.912E-169	518
1y4a_1	1y3d_1	0.985	275	1.000	0.964	7.912E-169	518
1y4a_1	1tm3_1	0.985	275	1.000	0.964	7.912E-169	518
1y4a_1	1y48_1	0.985	275	1.000	0.964	7.912E-169	518
1y4a_1	1tm4_1	0.985	275	1.000	0.964	7.912E-169	518
1y4a_1	1tm5_1	0.985	275	1.000	0.964	7.912E-169	518
1y4a_1	1tm7_1	0.985	275	1.000	0.964	7.912E-169	518
1y4a_1	1to1_1	0.985	275	1.000	0.964	7.912E-169	518
1y4a_1	1r0r_1	0.694	275	1.000	0.993	1.692E-111	353
1y4a_1	4gi3_1	0.690	275	1.000	0.993	3.175E-111	352
1y4a_1	3vv2_1	0.395	315	0.967	0.984	5.294E-50	175
1y4a_1	2z58_1	0.442	256	0.818	0.924	3.444E-49	173
1zc4_1	1zc4_1	1.000	173	1.000	1.000	1.342E-108	339
1zc4_1	1zc3_1	0.994	173	1.000	1.000	1.526E-106	333
1zc4_1	5xco_1	0.533	163	0.942	0.935	2.232E-50	171
1zc4_1	5tar_1	0.489	181	0.942	0.984	3.059E-50	171
1zc4_1	1he8_2	0.521	163	0.942	0.922	6.482E-48	164
1zc4_1	5szk_2	0.363	153	0.884	0.815	6.077E-23	92
1zc4_1	5fr1_1	0.347	161	0.867	0.875	1.090E-19	82
1zc4_1	2fju_1	0.317	158	0.867	0.893	4.029E-17	75
1zc4_1	4js0_1	0.329	157	0.855	0.882	1.903E-16	73
1zc4_1	1grn_1	0.308	175	0.855	0.916	6.581E-16	71
1zc4_1	1e96_1	0.320	150	0.867	0.885	1.668E-15	70
1zc4_1	4d0n_1	0.326	150	0.867	0.879	1.069E-14	68
2b0z_1	2b0z_1	1.000	247	1.000	1.000	6.605E-171	523
2dx5_1	2dx5_1	1.000	91	1.000	1.000	4.638E-58	188
5xqz_2	5xqz_2	1.000	68	1.000	1.000	5.613E-37	126
6amb_2	6amb_2	1.000	40	1.000	1.000	4.171E-24	88
6dgf_2	6dgf_2	1.000	74	1.000	1.000	2.456E-46	154
6dgf_2	3kw5_2	0.945	74	1.000	0.987	3.005E-41	139
6dgf_2	2k6d_2	0.945	74	1.000	0.974	3.005E-41	139
6dgf_2	2mur_2	0.907	76	0.986	0.974	8.987E-39	132
6dgf_2	5xiu_2	0.917	73	0.959	1.000	1.133E-37	129
6dgf_2	2hth_1	0.917	73	0.959	1.000	1.133E-37	129
6dgf_2	2oob_2	0.916	72	0.946	1.000	4.022E-37	127
6dgf_2	4i6l_2	0.849	73	0.973	1.000	3.120E-34	119
6dgf_2	4hcn_2	0.890	64	0.865	1.000	5.406E-33	115
6dgf_2	5hpk_2	0.810	74	0.986	0.961	1.399E-32	114
6dgf_2	1yd8_1	0.906	64	0.838	1.000	6.825E-32	112
6dgf_2	2dx5_2	0.906	64	0.838	1.000	6.825E-32	112
6dgf_2	5hps_2	0.794	73	0.959	1.000	3.064E-30	108
6dgf_2	5v5h_2	0.875	64	0.865	0.984	7.931E-30	106
6dgf_2	2knb_1	0.319	72	0.973	0.947	3.106E-10	50
6fbx_2	6fbx_2	1.000	22	1.000	1.000	7.343E-11	49
6fbx_2	5tzp_2	0.368	19	0.864	0.864	1.546E+01	17
1jgn_2	1jgn_2	1.000	22	1.000	1.000	1.490E-11	51
3au4_2	3au4_2	1.000	17	1.000	1.000	1.073E-06	36
3cqg_2	3cqg_2	1.000	163	1.000	1.000	5.936E-102	319
3dxd_2	3dxd_2	1.000	26	1.000	1.000	6.066E-14	58
3dxd_2	3dxc_2	0.961	26	1.000	1.000	4.107E-13	55
3dxd_2	3dxe_2	0.923	26	1.000	0.926	9.314E-11	49
3fju_2	3fju_2	1.000	65	1.000	1.000	1.557E-46	154
3gty_2	3gty_2	1.000	149	1.000	1.000	5.597E-95	298
1zhi_1	1zhi_1	1.000	195	1.000	1.000	8.303E-133	410
2b42_1	2b42_1	1.000	364	1.000	1.000	4.045E-243	738
2efh_1	2efh_1	1.000	246	1.000	1.000	7.785E-160	491
2efh_1	2efd_1	0.995	246	1.000	1.000	3.766E-159	489
2gng_1	2gng_1	1.000	338	1.000	1.000	2.732E-232	705
2gng_1	6mm6_1	0.824	335	0.991	1.000	1.386E-186	573
4a1u_2	4a1u_2	1.000	13	1.000	1.000	2.001E-05	33
2mre_1	2k8b_1	1.000	76	1.000	1.000	3.726E-46	153
2mre_1	4msm_2	1.000	76	1.000	1.000	3.726E-46	153
2mre_1	2k8c_1	1.000	76	1.000	1.000	3.726E-46	153
2mre_1	2kwu_2	1.000	76	1.000	1.000	3.726E-46	153
2mre_1	2kwv_2	1.000	76	1.000	1.000	3.726E-46	153
2mre_1	2mbb_2	1.000	76	1.000	1.000	3.726E-46	153
2mre_1	4pqt_2	1.000	76	1.000	1.000	3.726E-46	153
2mre_1	5vzm_1	1.000	76	1.000	1.000	3.726E-46	153
2mre_1	2fuh_2	1.000	76	1.000	1.000	3.726E-46	153
2mre_1	2mcn_2	1.000	76	1.000	1.000	3.726E-46	153
2mre_1	2jy6_1	1.000	76	1.000	1.000	3.726E-46	153
2mre_1	1wrd_2	1.000	76	1.000	1.000	3.726E-46	153
2mre_1	1yx5_2	1.000	76	1.000	1.000	3.726E-46	153
2mre_1	2l0f_1	1.000	76	1.000	1.000	3.726E-46	153
2mre_1	1yx6_2	1.000	76	1.000	1.000	3.726E-46	153
2mre_1	2den_2	1.000	76	1.000	1.000	3.726E-46	153
2mre_1	2l0t_1	1.000	76	1.000	1.000	3.726E-46	153
2mre_1	2mj5_1	1.000	76	1.000	1.000	3.726E-46	153
2mre_1	4k1r_2	1.000	76	1.000	1.000	3.726E-46	153
2mre_1	2lvo_1	1.000	76	1.000	1.000	3.726E-46	153
2mre_1	1q5w_2	1.000	76	1.000	1.000	3.726E-46	153
2mre_1	2g45_2	1.000	76	1.000	1.000	3.726E-46	153
2mre_1	4m0w_2	1.000	76	1.000	1.000	3.726E-46	153
2mre_1	2mre_1	1.000	76	1.000	1.000	3.726E-46	153
2mre_1	2mro_1	1.000	76	1.000	1.000	3.726E-46	153
2mre_1	2ktf_1	1.000	76	1.000	1.000	3.726E-46	153
2mre_1	2lz6_1	1.000	76	1.000	1.000	3.726E-46	153
2mre_1	1zgu_2	0.986	76	1.000	1.000	9.631E-46	152
2mre_1	2jt4_2	0.960	76	1.000	1.000	3.133E-44	148
2mre_1	1wr1_1	0.960	76	1.000	1.000	3.133E-44	148
2mre_1	1q0w_2	0.960	76	1.000	1.000	3.133E-44	148
2mre_1	1otr_2	0.960	76	1.000	1.000	3.133E-44	148
2mre_1	2c7m_2	0.842	76	1.000	1.000	7.064E-35	121
2mre_1	6d4p_2	0.789	76	1.000	0.958	1.420E-31	111
2mre_1	5v69_2	0.843	64	0.803	0.985	4.270E-29	104
2mre_1	4hcp_2	0.500	76	1.000	0.945	1.894E-19	77
2mre_1	1p9d_1	0.328	73	0.961	0.859	2.137E-08	45
2mre_1	5tl7_1	0.301	73	0.961	0.908	9.796E-07	40
2omu_1	2omu_1	1.000	462	1.000	1.000	3.658E-289	876
2omu_1	2omt_1	0.995	452	0.978	0.998	1.003E-279	849
2omu_1	2omw_1	0.991	452	0.978	0.998	1.129E-277	843
2p46_1	2p46_1	1.000	120	1.000	1.000	7.809E-83	261
2qur_1	2qur_1	1.000	230	1.000	1.000	1.172E-158	486
2v3b_1	2v3b_1	1.000	381	1.000	1.000	3.479E-256	777
2k6d_1	2k6d_1	1.000	62	1.000	1.000	1.300E-42	142
2k6d_1	2mcn_1	0.543	57	0.919	0.912	1.839E-15	64
2k6d_1	1zsg_1	0.377	61	0.887	0.938	1.481E-12	56
2k6d_1	2jt4_1	0.350	60	0.935	0.845	5.261E-07	40
2k6d_1	1efn_1	0.320	52	0.839	0.857	4.681E-05	35
2k6d_1	2c7m_2	0.339	54	0.871	0.812	3.248E+02	16
2kt5_1	2kt5_1	1.000	124	1.000	1.000	6.314E-82	259
2l2l_1	2l2l_1	1.000	43	1.000	1.000	3.326E-19	74
2ly4_1	2ly4_1	1.000	83	1.000	1.000	5.176E-53	173
1avx_2	1avx_2	1.000	120	1.000	1.000	1.917E-78	249
3gj5_1	3gj5_1	1.000	201	1.000	1.000	4.154E-136	420
3gj5_1	3gj7_1	1.000	201	1.000	0.995	4.154E-136	420
3idc_1	3idc_1	1.000	283	1.000	1.000	9.529E-190	579
3idc_1	3idb_1	0.760	319	0.972	0.935	1.368E-147	458
3kw5_1	3kw5_1	1.000	223	1.000	1.000	1.147E-148	457
3n0p_1	3n0p_1	1.000	186	1.000	1.000	2.393E-121	376
3n0p_1	3mzg_1	0.994	186	1.000	1.000	1.588E-120	374
3n0p_1	3ncc_1	0.994	186	1.000	1.000	1.588E-120	374
3n0p_1	3n06_1	0.989	186	1.000	1.000	3.725E-119	370
3n0p_1	3ncb_1	0.989	186	1.000	1.000	3.725E-119	370
3olm_1	3olm_1	1.000	179	1.000	1.000	5.366E-113	352
3olm_1	1xt9_2	0.424	156	0.872	0.825	7.123E-37	132
3olm_1	2hd5_2	0.436	219	0.832	1.000	3.814E-34	124
3f50_1	4dzv_2	1.000	23	0.958	1.000	2.308E-11	50
3f50_1	3f50_1	1.000	23	0.958	0.958	2.308E-11	50
3f50_1	3o43_2	1.000	23	0.958	0.920	2.308E-11	50
3f50_1	3o40_2	0.653	26	0.958	0.929	2.071E-04	31
3gj6_1	3gj6_1	1.000	203	1.000	1.000	2.673E-137	423
3gj6_1	3gj3_1	0.995	202	0.995	1.000	4.570E-136	420
3gj6_1	3gj8_1	0.995	203	1.000	0.990	5.699E-135	417
3gj6_1	3gj4_1	0.985	203	1.000	0.995	4.717E-133	411
3gj6_1	4ol0_1	0.936	172	0.808	1.000	2.002E-104	329
3gj6_1	3ch5_1	0.653	166	0.818	0.855	1.438E-71	234
3ifq_1	3ifq_1	1.000	546	1.000	1.000	0.000E+00	1072
3kyi_1	3kyi_1	1.000	126	1.000	1.000	3.210E-77	246
2p4a_1	2p4a_1	1.000	124	1.000	1.000	3.063E-81	257
2p4a_1	1dfj_1	1.000	124	1.000	1.000	3.063E-81	257
2p4a_1	2p42_1	1.000	124	1.000	1.000	3.063E-81	257
2p4a_1	2p43_1	1.000	124	1.000	1.000	3.063E-81	257
2p4a_1	2p45_1	1.000	124	1.000	1.000	3.063E-81	257
2p4a_1	2p48_1	1.000	124	1.000	1.000	3.063E-81	257
2p4a_1	2p49_1	1.000	103	0.831	0.866	6.810E-69	222
2p4a_1	3qsk_1	1.000	103	0.831	0.866	6.810E-69	222
2p4a_1	2p47_1	0.886	123	0.992	0.886	7.783E-67	216
2rmk_1	2rmk_1	1.000	192	1.000	1.000	3.171E-131	405
2rmk_1	4yc7_2	0.698	176	0.885	0.994	5.944E-81	260
2rmk_1	1ees_1	0.694	177	0.885	0.994	5.944E-81	260
2rmk_1	3eg5_1	0.694	177	0.880	0.994	2.876E-80	258
2rmk_1	4did_1	0.687	179	0.891	1.000	2.876E-80	258
2rmk_1	5fr2_1	0.569	179	0.880	0.957	2.767E-60	201
2rmk_1	2kwi_1	0.302	169	0.865	0.949	5.005E-19	81
2rmk_1	3kud_1	0.320	161	0.839	0.976	5.947E-18	78
2rmk_1	1wq1_1	0.320	161	0.839	0.970	5.947E-18	78
2rmk_1	5e95_2	0.320	161	0.839	0.970	5.947E-18	78
2rmk_1	3ddc_1	0.314	161	0.839	0.970	2.787E-17	76
2rmk_1	6h46_1	0.302	161	0.839	0.970	7.034E-17	75
2v5q_1	2v5q_1	1.000	283	1.000	1.000	2.387E-192	587
2vsm_1	2vsm_1	1.000	413	1.000	1.000	1.414E-293	886
2wwx_1	2wwx_1	1.000	156	1.000	1.000	4.661E-103	322
6h46_1	6h46_1	1.000	166	1.000	1.000	1.447E-109	341
6h46_1	1wq1_1	0.933	166	1.000	1.000	1.414E-102	321
6h46_1	5e95_2	0.933	166	1.000	1.000	1.414E-102	321
6h46_1	3kud_1	0.933	165	0.994	1.000	1.765E-101	318
6h46_1	3ddc_1	0.921	166	1.000	1.000	1.765E-101	318
6h46_1	5ufe_1	0.993	144	0.867	0.917	2.952E-93	294
6h46_1	5o2t_1	0.993	144	0.861	1.000	6.928E-92	290
6h46_1	4dxa_1	0.581	165	0.982	0.988	1.211E-60	200
6h46_1	1gua_1	0.593	164	0.982	0.982	1.510E-59	197
6h46_1	3kuc_1	0.593	164	0.982	0.982	1.510E-59	197
6h46_1	6ba6_2	0.581	164	0.982	0.982	2.070E-59	197
6h46_1	2kwi_1	0.521	165	0.976	0.927	1.204E-50	171
6h46_1	2a78_1	0.517	142	0.855	0.958	6.131E-44	152
6h46_1	2a9k_1	0.517	142	0.855	0.958	6.131E-44	152
6h46_1	3tkl_1	0.382	169	0.970	0.988	7.325E-30	111
6h46_1	4g01_2	0.339	164	0.970	0.994	1.358E-23	93
6h46_1	4ojk_1	0.353	166	0.970	0.971	1.662E-22	90
6h46_1	4c4p_1	0.365	166	0.952	0.994	4.250E-22	89
6h46_1	4qxa_1	0.315	150	0.886	0.987	9.698E-21	85
6h46_1	1ees_1	0.333	161	0.928	0.904	1.958E-18	78
6h46_1	4yc7_2	0.323	160	0.928	0.904	6.815E-18	77
6h46_1	3eg5_1	0.327	162	0.928	0.910	6.815E-18	77
6h46_1	4did_1	0.327	162	0.928	0.905	6.815E-18	77
6h46_1	2rmk_1	0.302	161	0.970	0.839	2.094E-16	72
6h46_1	5szh_2	0.304	142	0.825	0.993	3.582E-13	63
6ird_1	6ird_1	1.000	214	1.000	1.000	4.911E-118	368
6jjw_1	6jjw_1	1.000	46	1.000	1.000	7.978E-32	110
6n9d_1	6n9d_1	1.000	157	1.000	1.000	5.682E-108	336
6n9d_1	6mav_1	0.975	161	1.000	1.000	4.716E-106	331
6plm_1	6plm_1	1.000	724	1.000	1.000	0.000E+00	1467
3kz0_1	3kz0_1	1.000	114	1.000	1.000	7.938E-76	241
3kz0_1	5w89_1	0.590	129	0.982	0.915	2.361E-38	133
3kz0_1	4g35_1	0.417	122	0.982	0.961	7.400E-19	77
3l33_1	3p92_1	1.000	223	1.000	1.000	5.065E-157	481
3l33_1	3p95_1	1.000	223	1.000	1.000	5.065E-157	481
3l33_1	3l33_1	1.000	223	1.000	1.000	5.065E-157	481
3l33_1	6gfi_1	1.000	223	1.000	1.000	5.065E-157	481
3l33_1	6har_1	0.995	224	1.000	1.000	1.627E-155	477
3l33_1	2r9p_1	0.995	224	1.000	1.000	1.627E-155	477
3l33_1	5c67_1	0.995	223	1.000	1.000	7.873E-155	475
3l33_1	4u32_2	0.968	224	0.978	1.000	1.012E-150	463
3l33_1	4u30_1	0.973	223	0.973	1.000	1.387E-150	463
3l33_1	2ra3_1	0.866	224	1.000	1.000	1.070E-134	417
3l33_1	1ldt_1	0.784	223	1.000	1.000	9.650E-124	385
3l33_1	1eja_1	0.784	223	1.000	1.000	9.650E-124	385
3l33_1	3fp6_1	0.771	223	1.000	1.000	5.816E-122	380
3l33_1	1d6r_1	0.721	223	1.000	1.000	1.974E-114	359
3l33_1	1smf_1	0.721	223	1.000	1.000	1.974E-114	359
3l33_1	2uuy_1	0.721	223	1.000	1.000	1.974E-114	359
3l33_1	2xtt_2	0.721	223	1.000	1.000	1.974E-114	359
3l33_1	6dwh_1	0.721	223	1.000	1.000	1.974E-114	359
3l33_1	1c9t_1	0.695	223	0.973	1.000	3.918E-108	340
3l33_1	4aoq_1	0.695	223	0.973	1.000	3.918E-108	340
3l33_1	1ppe_1	0.695	223	0.973	1.000	3.918E-108	340
3l33_1	2ptc_1	0.695	223	0.973	1.000	3.918E-108	340
3l33_1	2tgp_1	0.695	223	0.973	1.000	3.918E-108	340
3l33_1	1g9i_1	0.695	223	0.973	1.000	3.918E-108	340
3l33_1	2g81_1	0.695	223	0.973	1.000	3.918E-108	340
3l33_1	6dwf_1	0.695	223	0.973	1.000	3.918E-108	340
3l33_1	4j2y_2	0.695	223	0.973	1.000	3.918E-108	340
3l33_1	2ftm_1	0.690	223	0.973	1.000	1.895E-107	338
3l33_1	6kbr_1	0.392	189	0.848	0.989	1.091E-39	143
3l33_1	4ag2_1	0.330	213	0.946	0.955	5.503E-29	111
3l33_1	4afq_1	0.321	216	0.933	0.977	1.470E-26	104
3ncc_1	3mzg_1	1.000	186	1.000	1.000	1.273E-121	377
3ncc_1	3ncc_1	1.000	186	1.000	1.000	1.273E-121	377
3ncc_1	3n06_1	0.994	186	1.000	1.000	2.985E-120	373
3ncc_1	3n0p_1	0.994	186	1.000	1.000	2.985E-120	373
3ncc_1	3ncb_1	0.994	186	1.000	1.000	2.985E-120	373
3onw_1	3onw_1	1.000	317	1.000	1.000	5.750E-214	651
3onw_1	2v4z_1	0.865	289	0.912	0.825	3.376E-163	505
3onw_1	4ekc_1	0.545	316	0.991	0.997	3.367E-100	323
3onw_1	4ekd_1	0.543	315	0.991	0.991	8.641E-100	321
3qs7_1	3qs7_1	1.000	132	1.000	1.000	1.291E-88	279
3t6g_1	3t6g_1	1.000	273	1.000	1.000	6.826E-175	536
6akm_1	6akm_1	1.000	47	1.000	1.000	6.052E-24	88
6dcn_1	6dcn_1	1.000	114	1.000	1.000	4.825E-74	236
6f9s_1	6f9s_1	1.000	167	1.000	1.000	9.734E-112	347
6gfi_1	3p92_1	1.000	223	1.000	1.000	5.065E-157	481
6gfi_1	3p95_1	1.000	223	1.000	1.000	5.065E-157	481
6gfi_1	3l33_1	1.000	223	1.000	1.000	5.065E-157	481
6gfi_1	6gfi_1	1.000	223	1.000	1.000	5.065E-157	481
6gfi_1	6har_1	0.995	224	1.000	1.000	1.627E-155	477
6gfi_1	2r9p_1	0.995	224	1.000	1.000	1.627E-155	477
6gfi_1	5c67_1	0.995	223	1.000	1.000	7.873E-155	475
6gfi_1	4u32_2	0.968	224	0.978	1.000	1.012E-150	463
6gfi_1	4u30_1	0.973	223	0.973	1.000	1.387E-150	463
6gfi_1	2ra3_1	0.866	224	1.000	1.000	1.070E-134	417
6gfi_1	1ldt_1	0.784	223	1.000	1.000	9.650E-124	385
6gfi_1	1eja_1	0.784	223	1.000	1.000	9.650E-124	385
6gfi_1	3fp6_1	0.771	223	1.000	1.000	5.816E-122	380
6gfi_1	1d6r_1	0.721	223	1.000	1.000	1.974E-114	359
6gfi_1	1smf_1	0.721	223	1.000	1.000	1.974E-114	359
6gfi_1	2uuy_1	0.721	223	1.000	1.000	1.974E-114	359
6gfi_1	2xtt_2	0.721	223	1.000	1.000	1.974E-114	359
6gfi_1	6dwh_1	0.721	223	1.000	1.000	1.974E-114	359
6gfi_1	1c9t_1	0.695	223	0.973	1.000	3.918E-108	340
6gfi_1	4aoq_1	0.695	223	0.973	1.000	3.918E-108	340
6gfi_1	1ppe_1	0.695	223	0.973	1.000	3.918E-108	340
6gfi_1	2ptc_1	0.695	223	0.973	1.000	3.918E-108	340
6gfi_1	2tgp_1	0.695	223	0.973	1.000	3.918E-108	340
6gfi_1	1g9i_1	0.695	223	0.973	1.000	3.918E-108	340
6gfi_1	2g81_1	0.695	223	0.973	1.000	3.918E-108	340
6gfi_1	6dwf_1	0.695	223	0.973	1.000	3.918E-108	340
6gfi_1	4j2y_2	0.695	223	0.973	1.000	3.918E-108	340
6gfi_1	2ftm_1	0.690	223	0.973	1.000	1.895E-107	338
6gfi_1	6kbr_1	0.392	189	0.848	0.989	1.091E-39	143
6gfi_1	4ag2_1	0.330	213	0.946	0.955	5.503E-29	111
6gfi_1	4afq_1	0.321	216	0.933	0.977	1.470E-26	104
1wpx_1	1wpx_1	1.000	421	1.000	1.000	3.509E-305	920
3kuc_1	1gua_1	1.000	167	1.000	1.000	1.107E-109	342
3kuc_1	3kuc_1	1.000	167	1.000	1.000	1.107E-109	342
3kuc_1	6ba6_2	0.964	167	1.000	1.000	4.607E-104	325
3kuc_1	4dxa_1	0.958	167	0.994	1.000	7.182E-102	319
3kuc_1	3kud_1	0.595	162	0.970	0.976	2.164E-59	197
3kuc_1	6h46_1	0.593	164	0.982	0.982	2.164E-59	197
3kuc_1	1wq1_1	0.595	162	0.970	0.970	2.164E-59	197
3kuc_1	5e95_2	0.595	162	0.970	0.970	2.164E-59	197
3kuc_1	3ddc_1	0.582	162	0.970	0.970	2.698E-58	194
3kuc_1	5ufe_1	0.618	143	0.856	0.904	1.223E-53	180
3kuc_1	5o2t_1	0.613	143	0.856	0.993	8.107E-53	178
3kuc_1	2kwi_1	0.487	165	0.976	0.927	7.571E-49	166
3kuc_1	4kvg_1	0.584	148	0.802	0.925	1.459E-45	157
3kuc_1	2a78_1	0.520	144	0.862	0.965	8.764E-44	152
3kuc_1	2a9k_1	0.520	144	0.862	0.965	8.764E-44	152
3kuc_1	4hdo_2	0.574	151	0.808	0.926	4.234E-43	150
3kuc_1	3tkl_1	0.315	169	0.970	0.988	3.219E-22	89
3kuc_1	4g01_2	0.327	164	0.970	0.994	5.371E-21	86
3kuc_1	5fr2_1	0.311	164	0.928	0.877	3.114E-19	81
3kuc_1	4ojk_1	0.313	168	0.982	0.982	1.481E-18	79
3kuc_1	4qxa_1	0.320	148	0.874	0.974	9.612E-18	76
3n00_1	3n00_1	1.000	167	1.000	1.000	5.425E-99	311
3oky_1	3oky_1	1.000	609	1.000	1.000	0.000E+00	1270
3qbv_1	3qbv_1	1.000	153	1.000	1.000	5.426E-96	301
3rzw_1	3rzw_1	1.000	78	1.000	1.000	1.266E-47	158
2kwv_1	2kwv_1	1.000	36	1.000	1.000	1.118E-18	72
2lp4_1	2lp4_1	1.000	222	1.000	1.000	1.089E-138	428
2mbb_1	2mbb_1	1.000	38	1.000	1.000	2.155E-21	80
2n8j_1	5j8h_1	1.000	148	1.000	1.000	4.431E-93	293
2n8j_1	2m55_1	1.000	148	1.000	1.000	4.431E-93	293
2n8j_1	2n8j_1	1.000	148	1.000	1.000	4.431E-93	293
2n8j_1	4ehq_1	0.979	147	0.993	0.993	7.885E-89	280
2n8j_1	6oqq_2	0.510	145	0.980	0.840	1.762E-39	138
2roz_1	2roz_1	1.000	11	1.000	1.000	1.504E-03	27
1zvy_2	1zvy_2	1.000	97	1.000	1.000	1.599E-64	207
2c0l_2	2c0l_2	1.000	122	1.000	1.000	9.357E-77	244
2ftl_2	2ftl_2	1.000	58	1.000	1.000	6.500E-41	137
2ftl_2	2ptc_2	1.000	58	1.000	1.000	6.500E-41	137
2ftl_2	2tgp_2	1.000	58	1.000	1.000	6.500E-41	137
2ftl_2	3fp6_2	1.000	58	1.000	1.000	6.500E-41	137
2ftl_2	2r9p_2	1.000	58	1.000	1.000	6.500E-41	137
2ftl_2	1f5r_2	1.000	57	0.983	1.000	2.308E-40	136
2ftl_2	3p92_2	0.965	58	1.000	1.000	1.544E-39	133
2ftl_2	3p95_2	0.965	58	1.000	1.000	1.544E-39	133
2ftl_2	2ftm_2	0.982	58	1.000	1.000	1.544E-39	133
2ftl_2	2ra3_2	0.982	56	0.948	1.000	3.374E-37	126
2ftl_2	1f7z_2	0.982	56	0.948	1.000	3.374E-37	126
2ftl_2	1fy8_2	0.982	56	0.948	1.000	3.374E-37	126
2ftl_2	1eaw_2	0.982	56	0.948	1.000	3.374E-37	126
2ftl_2	3tgk_2	0.982	56	0.948	1.000	3.374E-37	126
2ftl_2	4u32_1	0.452	53	0.914	0.981	2.072E-15	64
2ftl_2	6gfi_2	0.452	53	0.914	0.946	3.918E-15	63
2ftl_2	5c67_2	0.452	53	0.914	1.000	7.409E-15	63
2ftl_2	1zjd_2	0.452	53	0.914	0.930	7.409E-15	63
2ftl_2	6har_2	0.433	53	0.914	0.981	5.014E-14	60
2ftl_2	1zr0_2	0.423	52	0.897	0.825	6.426E-13	57
2ftl_2	1yc0_2	0.358	53	0.914	0.803	1.673E-12	56
2ftl_2	4u30_2	0.395	48	0.828	0.889	4.916E-09	46
2hle_2	2hle_2	1.000	72	1.000	1.000	5.580E-42	141
2jod_2	2jod_2	1.000	33	1.000	1.000	1.543E-16	66
4hnj_2	4hnj_2	1.000	135	1.000	1.000	1.047E-91	288
4hnj_2	3r85_1	0.710	138	0.830	0.993	6.296E-59	194
4hnj_2	2yq7_1	0.692	140	0.822	1.000	5.744E-58	191
4hnj_2	5vx3_1	0.692	140	0.822	1.000	5.744E-58	191
4hnj_2	4bpk_1	0.683	139	0.807	1.000	2.542E-56	186
4jra_2	4jra_2	1.000	88	1.000	1.000	1.548E-58	190
4kt3_2	4kt3_2	1.000	73	1.000	1.000	9.566E-44	146
4nm3_2	4nm3_2	1.000	244	1.000	1.000	2.855E-167	512
4nm3_2	4nu1_2	0.983	243	0.996	1.000	4.148E-161	494
2a9k_2	2a78_2	1.000	207	1.000	1.000	6.269E-134	414
2a9k_2	2a9k_2	1.000	207	1.000	1.000	6.269E-134	414
3w8i_1	3w8i_1	1.000	184	1.000	1.000	4.369E-115	358
3w8i_1	3w8h_1	0.973	187	1.000	0.984	9.641E-110	343
3zwz_1	3zwz_1	1.000	297	1.000	1.000	5.759E-214	650
3zwz_1	3sri_1	0.498	295	0.993	0.996	1.199E-77	256
4b1v_1	4b1v_1	1.000	357	1.000	1.000	2.913E-243	738
4b1v_1	2v52_1	0.977	360	1.000	1.000	2.780E-236	718
4b1v_1	4b1x_1	0.904	357	1.000	1.000	5.893E-221	674
4b1v_1	4b1y_1	0.898	364	0.952	1.000	2.400E-215	657
4b1v_1	2v51_1	0.934	348	0.941	0.994	6.176E-215	656
4b1v_1	3u9z_1	0.872	357	0.978	1.000	6.320E-212	647
4b1v_1	1t44_2	0.895	357	0.952	0.997	8.661E-212	647
4b1v_1	3u8x_1	0.887	353	0.941	0.989	3.523E-206	631
4b1v_1	3u9d_1	0.887	353	0.941	0.989	3.523E-206	631
4b1v_1	3sjh_1	0.887	353	0.941	0.989	3.523E-206	631
4b1v_1	1h1v_1	0.877	354	0.952	0.992	1.578E-201	617
4b1v_1	2btf_1	0.795	372	0.986	0.997	8.593E-199	610
4cj1_1	4cj1_1	1.000	544	1.000	1.000	0.000E+00	1148
4dra_1	4dra_1	1.000	95	1.000	1.000	8.474E-59	191
1g5j_2	1g5j_2	1.000	25	1.000	1.000	2.048E-13	56
1g5j_2	3kj1_2	0.434	23	0.920	0.864	1.423E-01	23
1g5j_2	2m04_2	0.347	23	0.920	0.880	1.400E+00	20
1g5j_2	3kj2_2	0.347	23	0.920	0.864	1.411E+01	17
1ibr_2	1ibr_2	1.000	458	1.000	1.000	3.645E-307	928
1l4z_2	1l4z_2	1.000	124	1.000	1.000	1.697E-78	249
1l4z_2	1l4d_2	0.832	124	1.000	0.938	3.757E-59	194
1oey_2	1oey_2	1.000	101	1.000	1.000	1.553E-65	211
6ejm_2	6ejm_2	1.000	227	1.000	1.000	2.528E-151	465
6ejm_2	5aaw_1	0.539	225	0.987	0.987	1.550E-74	244
6ejm_2	5aam_1	0.535	224	0.987	0.987	1.740E-72	238
6ejm_2	3uzv_2	0.475	228	0.916	0.996	5.741E-62	207
6ejm_2	3uze_2	0.473	229	0.916	1.000	7.861E-62	207
6ejm_2	3uyp_2	0.480	226	0.907	1.000	1.474E-61	206
6ejm_2	3uzq_1	0.455	234	0.912	1.000	1.644E-59	200
6ejm_2	6qb3_2	0.481	225	0.987	0.987	2.252E-59	200
6ejm_2	5dfw_2	0.376	227	1.000	1.000	1.488E-52	180
6ejm_2	1dzb_1	0.399	227	1.000	0.905	2.027E-49	171
6ejm_2	6cbp_2	0.406	196	0.819	0.834	2.418E-42	151
6ejm_2	6oan_2	0.441	188	0.828	0.817	4.405E-39	141
2vda_2	2vda_2	1.000	28	1.000	1.000	4.016E-11	50
2wfx_2	2wfx_2	1.000	410	1.000	1.000	6.522E-307	925
2xa0_2	2xa0_2	1.000	26	1.000	1.000	4.107E-13	55
2z7f_2	2z7f_2	1.000	50	1.000	1.000	1.733E-34	118
2z7f_2	4doq_2	0.979	48	0.960	1.000	4.807E-31	108
2z7f_2	1fle_2	0.487	41	0.820	0.872	1.848E-10	49
3c4o_2	3c4o_2	1.000	165	1.000	1.000	7.336E-110	342
3c4o_2	3c4p_2	0.987	165	1.000	1.000	2.361E-108	338
2oza_1	2oza_1	1.000	320	1.000	1.000	7.821E-219	665
2ptc_1	1c9t_1	1.000	223	1.000	1.000	4.897E-150	461
2ptc_1	4aoq_1	1.000	223	1.000	1.000	4.897E-150	461
2ptc_1	1ppe_1	1.000	223	1.000	1.000	4.897E-150	461
2ptc_1	2ptc_1	1.000	223	1.000	1.000	4.897E-150	461
2ptc_1	2tgp_1	1.000	223	1.000	1.000	4.897E-150	461
2ptc_1	1g9i_1	1.000	223	1.000	1.000	4.897E-150	461
2ptc_1	2g81_1	1.000	223	1.000	1.000	4.897E-150	461
2ptc_1	6dwf_1	1.000	223	1.000	1.000	4.897E-150	461
2ptc_1	4j2y_2	1.000	223	1.000	1.000	4.897E-150	461
2ptc_1	2ftm_1	0.995	223	1.000	1.000	2.370E-149	459
2ptc_1	1d6r_1	0.973	223	1.000	0.973	1.340E-143	443
2ptc_1	1smf_1	0.973	223	1.000	0.973	1.340E-143	443
2ptc_1	2uuy_1	0.973	223	1.000	0.973	1.340E-143	443
2ptc_1	2xtt_2	0.973	223	1.000	0.973	1.340E-143	443
2ptc_1	6dwh_1	0.973	223	1.000	0.973	1.340E-143	443
2ptc_1	1ldt_1	0.793	223	1.000	0.973	7.246E-121	377
2ptc_1	1eja_1	0.793	223	1.000	0.973	7.246E-121	377
2ptc_1	2ra3_1	0.721	223	1.000	0.969	1.110E-108	342
2ptc_1	3fp6_1	0.713	223	1.000	0.973	9.163E-107	336
2ptc_1	3p92_1	0.695	223	1.000	0.973	5.010E-104	329
2ptc_1	3p95_1	0.695	223	1.000	0.973	5.010E-104	329
2ptc_1	3l33_1	0.695	223	1.000	0.973	5.010E-104	329
2ptc_1	6gfi_1	0.695	223	1.000	0.973	5.010E-104	329
2ptc_1	6har_1	0.695	223	1.000	0.969	5.010E-104	329
2ptc_1	2r9p_1	0.695	223	1.000	0.969	5.010E-104	329
2ptc_1	5c67_1	0.690	223	1.000	0.973	7.762E-102	322
2ptc_1	4u30_1	0.676	223	1.000	1.000	7.762E-102	322
2ptc_1	4u32_2	0.676	223	1.000	0.996	7.762E-102	322
2ptc_1	6kbr_1	0.397	189	0.848	0.989	6.898E-36	132
2ptc_1	4ag2_1	0.334	205	0.919	0.910	2.733E-26	104
2ptc_1	4afq_1	0.326	209	0.919	0.946	3.872E-24	97
2rvb_1	2rvb_1	1.000	48	1.000	1.000	2.884E-26	94
2vdb_1	2vdb_1	1.000	394	1.000	1.000	1.013E-263	799
4s0s_1	4s0s_1	1.000	248	1.000	1.000	6.926E-171	523
1gua_1	1gua_1	1.000	167	1.000	1.000	1.107E-109	342
1gua_1	3kuc_1	1.000	167	1.000	1.000	1.107E-109	342
1gua_1	6ba6_2	0.964	167	1.000	1.000	4.607E-104	325
1gua_1	4dxa_1	0.958	167	0.994	1.000	7.182E-102	319
1gua_1	3kud_1	0.595	162	0.970	0.976	2.164E-59	197
1gua_1	6h46_1	0.593	164	0.982	0.982	2.164E-59	197
1gua_1	1wq1_1	0.595	162	0.970	0.970	2.164E-59	197
1gua_1	5e95_2	0.595	162	0.970	0.970	2.164E-59	197
1gua_1	3ddc_1	0.582	162	0.970	0.970	2.698E-58	194
1gua_1	5ufe_1	0.618	143	0.856	0.904	1.223E-53	180
1gua_1	5o2t_1	0.613	143	0.856	0.993	8.107E-53	178
1gua_1	2kwi_1	0.487	165	0.976	0.927	7.571E-49	166
1gua_1	4kvg_1	0.584	148	0.802	0.925	1.459E-45	157
1gua_1	2a78_1	0.520	144	0.862	0.965	8.764E-44	152
1gua_1	2a9k_1	0.520	144	0.862	0.965	8.764E-44	152
1gua_1	4hdo_2	0.574	151	0.808	0.926	4.234E-43	150
1gua_1	3tkl_1	0.315	169	0.970	0.988	3.219E-22	89
1gua_1	4g01_2	0.327	164	0.970	0.994	5.371E-21	86
1gua_1	5fr2_1	0.311	164	0.928	0.877	3.114E-19	81
1gua_1	4ojk_1	0.313	168	0.982	0.982	1.481E-18	79
1gua_1	4qxa_1	0.320	148	0.874	0.974	9.612E-18	76
1k93_1	1k93_1	1.000	459	1.000	1.000	3.464E-306	925
1mcv_1	1mcv_1	1.000	240	1.000	1.000	4.033E-166	509
1mcv_1	1fle_1	0.995	240	1.000	1.000	1.952E-165	507
1mcv_1	2z7f_1	0.387	232	0.967	0.995	8.463E-38	138
1p9d_1	1p9d_1	1.000	78	1.000	1.000	3.775E-45	151
1p9d_1	4hcp_2	0.352	71	0.910	0.959	7.742E-07	41
1p9d_1	2k8b_1	0.328	73	0.859	0.961	1.065E-06	40
1p9d_1	4msm_2	0.328	73	0.859	0.961	1.065E-06	40
1p9d_1	2k8c_1	0.328	73	0.859	0.961	1.065E-06	40
1p9d_1	2kwu_2	0.328	73	0.859	0.961	1.065E-06	40
1p9d_1	2kwv_2	0.328	73	0.859	0.961	1.065E-06	40
1p9d_1	2mbb_2	0.328	73	0.859	0.961	1.065E-06	40
1p9d_1	4pqt_2	0.328	73	0.859	0.961	1.065E-06	40
1p9d_1	5vzm_1	0.328	73	0.859	0.961	1.065E-06	40
1p9d_1	2fuh_2	0.328	73	0.859	0.961	1.065E-06	40
1p9d_1	2mcn_2	0.328	73	0.859	0.961	1.065E-06	40
1p9d_1	2jy6_1	0.328	73	0.859	0.961	1.065E-06	40
1p9d_1	1wrd_2	0.328	73	0.859	0.961	1.065E-06	40
1p9d_1	1yx5_2	0.328	73	0.859	0.961	1.065E-06	40
1p9d_1	2l0f_1	0.328	73	0.859	0.961	1.065E-06	40
1p9d_1	1yx6_2	0.328	73	0.859	0.961	1.065E-06	40
1p9d_1	2den_2	0.328	73	0.859	0.961	1.065E-06	40
1p9d_1	2l0t_1	0.328	73	0.859	0.961	1.065E-06	40
1p9d_1	2mj5_1	0.328	73	0.859	0.961	1.065E-06	40
1p9d_1	4k1r_2	0.328	73	0.859	0.961	1.065E-06	40
1p9d_1	2lvo_1	0.328	73	0.859	0.961	1.065E-06	40
1p9d_1	1q5w_2	0.328	73	0.859	0.961	1.065E-06	40
1p9d_1	2g45_2	0.328	73	0.859	0.961	1.065E-06	40
1p9d_1	4m0w_2	0.328	73	0.859	0.961	1.065E-06	40
1p9d_1	2mre_1	0.328	73	0.859	0.961	1.065E-06	40
1p9d_1	2mro_1	0.328	73	0.859	0.961	1.065E-06	40
1p9d_1	2ktf_1	0.328	73	0.859	0.961	1.065E-06	40
1p9d_1	2lz6_1	0.328	73	0.859	0.961	1.065E-06	40
1p9d_1	2c7m_2	0.343	67	0.859	0.953	2.769E-06	39
1p9d_1	1zgu_2	0.315	73	0.859	0.961	2.769E-06	39
1p9d_1	2jt4_2	0.315	73	0.859	0.961	1.873E-05	37
1p9d_1	1wr1_1	0.315	73	0.859	0.961	1.873E-05	37
1p9d_1	1q0w_2	0.315	73	0.859	0.961	1.873E-05	37
1p9d_1	1otr_2	0.315	73	0.859	0.961	1.873E-05	37
1rjc_1	1rjc_1	1.000	126	1.000	1.000	3.410E-88	277
1rjc_1	6jb8_2	0.976	129	1.000	1.000	1.146E-83	264
1rjc_1	1ri8_1	0.976	129	1.000	1.000	1.146E-83	264
1rjc_1	4gla_1	0.976	129	1.000	1.000	1.146E-83	264
1rjc_1	4gn4_1	0.976	129	1.000	1.000	1.146E-83	264
1rjc_1	4cj2_1	0.976	129	1.000	1.000	1.146E-83	264
1rjc_1	6jb2_2	0.976	129	1.000	1.000	1.146E-83	264
1rjc_1	1zvy_1	0.968	128	1.000	1.000	2.461E-81	258
1rjc_1	3m18_2	0.961	127	1.000	1.000	1.194E-80	256
1rjc_1	1dzb_2	0.937	129	1.000	1.000	1.494E-79	252
1rjc_1	4i0c_1	0.600	130	1.000	1.000	5.882E-49	164
1rjc_1	1op9_1	0.600	130	1.000	1.000	5.882E-49	164
2jjs_1	2jjs_1	1.000	116	1.000	1.000	2.828E-74	237
2jjs_1	4cmm_1	0.843	114	0.983	1.000	9.091E-59	192
2k8f_1	2mzd_1	1.000	90	1.000	1.000	2.042E-60	195
2k8f_1	2k8f_1	1.000	90	1.000	1.000	2.042E-60	195
2k8f_1	2ka6_1	0.833	90	1.000	0.902	4.713E-48	160
2k8f_1	1l8c_1	0.336	89	0.956	0.937	3.500E-07	42
2k8f_1	1r8u_2	0.310	93	0.922	0.930	1.566E-05	38
2k8f_1	2ka4_1	0.310	93	0.922	0.930	1.566E-05	38
2k8f_1	2lww_1	0.310	93	0.922	0.930	1.566E-05	38
2kwk_1	2kwk_1	1.000	20	1.000	1.000	5.313E-08	40
2lkm_1	2lkm_1	1.000	41	1.000	1.000	3.203E-24	88
5odw_1	5odw_1	1.000	740	1.000	1.000	0.000E+00	1551
5cyk_2	5cyk_2	1.000	350	1.000	1.000	2.044E-246	747
5cyk_2	5cxb_2	0.988	352	0.997	1.000	2.097E-243	738
5ee5_2	5ee5_2	1.000	164	1.000	1.000	1.240E-105	330
5ee5_2	1j2j_1	0.573	164	1.000	0.994	2.853E-60	199
5ee5_2	3bh6_1	0.465	161	0.970	1.000	5.633E-44	152
5ee5_2	3doe_1	0.384	177	0.976	0.937	1.880E-36	130
5gjk_2	5gjk_2	1.000	65	1.000	1.000	1.277E-40	137
5imt_2	5imt_2	1.000	18	1.000	1.000	3.903E-10	46
5k8q_2	5k8q_2	1.000	26	1.000	1.000	6.066E-14	58
1zc3_2	1zc3_2	1.000	109	1.000	1.000	2.879E-71	228
1zc3_2	1zc4_2	0.981	109	1.000	0.947	1.600E-68	220
2arp_2	2arp_2	1.000	148	1.000	1.000	2.444E-107	334
2dsp_2	2dsp_2	1.000	35	1.000	1.000	7.053E-22	81
2g45_2	2k8b_1	1.000	76	1.000	1.000	3.726E-46	153
2g45_2	4msm_2	1.000	76	1.000	1.000	3.726E-46	153
2g45_2	2k8c_1	1.000	76	1.000	1.000	3.726E-46	153
2g45_2	2kwu_2	1.000	76	1.000	1.000	3.726E-46	153
2g45_2	2kwv_2	1.000	76	1.000	1.000	3.726E-46	153
2g45_2	2mbb_2	1.000	76	1.000	1.000	3.726E-46	153
2g45_2	4pqt_2	1.000	76	1.000	1.000	3.726E-46	153
2g45_2	5vzm_1	1.000	76	1.000	1.000	3.726E-46	153
2g45_2	2fuh_2	1.000	76	1.000	1.000	3.726E-46	153
2g45_2	2mcn_2	1.000	76	1.000	1.000	3.726E-46	153
2g45_2	2jy6_1	1.000	76	1.000	1.000	3.726E-46	153
2g45_2	1wrd_2	1.000	76	1.000	1.000	3.726E-46	153
2g45_2	1yx5_2	1.000	76	1.000	1.000	3.726E-46	153
2g45_2	2l0f_1	1.000	76	1.000	1.000	3.726E-46	153
2g45_2	1yx6_2	1.000	76	1.000	1.000	3.726E-46	153
2g45_2	2den_2	1.000	76	1.000	1.000	3.726E-46	153
2g45_2	2l0t_1	1.000	76	1.000	1.000	3.726E-46	153
2g45_2	2mj5_1	1.000	76	1.000	1.000	3.726E-46	153
2g45_2	4k1r_2	1.000	76	1.000	1.000	3.726E-46	153
2g45_2	2lvo_1	1.000	76	1.000	1.000	3.726E-46	153
2g45_2	1q5w_2	1.000	76	1.000	1.000	3.726E-46	153
2g45_2	2g45_2	1.000	76	1.000	1.000	3.726E-46	153
2g45_2	4m0w_2	1.000	76	1.000	1.000	3.726E-46	153
2g45_2	2mre_1	1.000	76	1.000	1.000	3.726E-46	153
2g45_2	2mro_1	1.000	76	1.000	1.000	3.726E-46	153
2g45_2	2ktf_1	1.000	76	1.000	1.000	3.726E-46	153
2g45_2	2lz6_1	1.000	76	1.000	1.000	3.726E-46	153
2g45_2	1zgu_2	0.986	76	1.000	1.000	9.631E-46	152
2g45_2	2jt4_2	0.960	76	1.000	1.000	3.133E-44	148
2g45_2	1wr1_1	0.960	76	1.000	1.000	3.133E-44	148
2g45_2	1q0w_2	0.960	76	1.000	1.000	3.133E-44	148
2g45_2	1otr_2	0.960	76	1.000	1.000	3.133E-44	148
2g45_2	2c7m_2	0.842	76	1.000	1.000	7.064E-35	121
2g45_2	6d4p_2	0.789	76	1.000	0.958	1.420E-31	111
2g45_2	5v69_2	0.843	64	0.803	0.985	4.270E-29	104
2g45_2	4hcp_2	0.500	76	1.000	0.945	1.894E-19	77
2g45_2	1p9d_1	0.328	73	0.961	0.859	2.137E-08	45
2g45_2	5tl7_1	0.301	73	0.961	0.908	9.796E-07	40
3pvm_2	3pvm_2	1.000	64	1.000	1.000	2.882E-39	133
5jjd_1	5jjd_1	1.000	97	1.000	1.000	1.826E-69	222
5lgk_1	5lgk_1	1.000	306	1.000	1.000	3.613E-208	634
5ml9_1	5ml9_1	1.000	172	1.000	1.000	3.586E-119	369
5o05_1	5o05_1	1.000	94	1.000	1.000	2.722E-61	198
5o05_1	4krl_2	0.735	87	0.926	0.891	2.526E-35	123
5szj_1	5szj_1	1.000	194	1.000	1.000	2.715E-125	388
4kvg_1	4kvg_1	1.000	160	1.000	1.000	2.405E-104	326
4kvg_1	4hdo_2	0.956	162	1.000	0.994	1.039E-95	301
4kvg_1	1gua_1	0.584	148	0.925	0.802	1.081E-45	157
4kvg_1	3kuc_1	0.584	148	0.925	0.802	1.081E-45	157
4kvg_1	4dxa_1	0.590	148	0.925	0.808	7.166E-45	154
4kvg_1	6ba6_2	0.590	148	0.925	0.802	1.346E-44	154
4nqw_1	4nqw_1	1.000	148	1.000	1.000	1.509E-95	300
4pou_1	4pou_1	1.000	120	1.000	1.000	8.142E-80	253
4pou_1	2p49_1	0.958	120	1.000	0.966	1.013E-71	229
4pou_1	2p44_1	0.932	119	0.992	0.933	1.389E-71	229
4pou_1	3qsk_1	0.906	118	0.983	0.899	6.425E-67	216
4pou_1	2p47_1	0.829	123	0.850	1.000	2.600E-64	208
4u30_1	4u30_1	1.000	223	1.000	1.000	3.695E-157	482
4u30_1	4u32_2	1.000	223	1.000	0.996	3.695E-157	482
4u30_1	3p92_1	0.973	223	1.000	0.973	7.382E-151	464
4u30_1	3p95_1	0.973	223	1.000	0.973	7.382E-151	464
4u30_1	3l33_1	0.973	223	1.000	0.973	7.382E-151	464
4u30_1	6gfi_1	0.973	223	1.000	0.973	7.382E-151	464
4u30_1	6har_1	0.973	223	1.000	0.969	7.382E-151	464
4u30_1	2r9p_1	0.973	223	1.000	0.969	7.382E-151	464
4u30_1	5c67_1	0.968	223	1.000	0.973	1.147E-148	457
4u30_1	2ra3_1	0.847	223	1.000	0.969	1.373E-130	405
4u30_1	1ldt_1	0.757	223	1.000	0.973	1.400E-117	368
4u30_1	1eja_1	0.757	223	1.000	0.973	1.400E-117	368
4u30_1	3fp6_1	0.744	223	1.000	0.973	8.438E-116	362
4u30_1	1d6r_1	0.695	223	1.000	0.973	2.859E-108	341
4u30_1	1smf_1	0.695	223	1.000	0.973	2.859E-108	341
4u30_1	2uuy_1	0.695	223	1.000	0.973	2.859E-108	341
4u30_1	2xtt_2	0.695	223	1.000	0.973	2.859E-108	341
4u30_1	6dwh_1	0.695	223	1.000	0.973	2.859E-108	341
4u30_1	1c9t_1	0.676	223	1.000	1.000	3.233E-106	335
4u30_1	4aoq_1	0.676	223	1.000	1.000	3.233E-106	335
4u30_1	1ppe_1	0.676	223	1.000	1.000	3.233E-106	335
4u30_1	2ptc_1	0.676	223	1.000	1.000	3.233E-106	335
4u30_1	2tgp_1	0.676	223	1.000	1.000	3.233E-106	335
4u30_1	1g9i_1	0.676	223	1.000	1.000	3.233E-106	335
4u30_1	2g81_1	0.676	223	1.000	1.000	3.233E-106	335
4u30_1	6dwf_1	0.676	223	1.000	1.000	3.233E-106	335
4u30_1	4j2y_2	0.676	223	1.000	1.000	3.233E-106	335
4u30_1	2ftm_1	0.672	223	1.000	1.000	1.563E-105	333
4u30_1	6kbr_1	0.392	189	0.848	0.989	7.977E-40	143
4u30_1	4ag2_1	0.317	214	0.960	0.942	1.229E-27	108
4u30_1	4afq_1	0.309	216	0.960	0.977	1.754E-25	101
2xdf_2	2xdf_2	1.000	85	1.000	1.000	3.200E-50	166
1pxv_1	1pxv_1	1.000	183	1.000	1.000	2.659E-127	393
1shy_1	1shy_1	1.000	228	1.000	1.000	8.290E-163	498
1shy_1	1zjd_1	0.312	220	0.934	0.928	4.473E-31	118
1shy_1	1gl0_1	0.313	213	0.934	0.863	2.776E-25	101
1tlh_1	1tlh_1	1.000	89	1.000	1.000	2.947E-54	177
1usv_1	1usv_1	1.000	247	1.000	1.000	5.785E-163	500
1wve_1	1wve_1	1.000	515	1.000	1.000	0.000E+00	1080
5xnp_2	5xnp_2	1.000	291	1.000	1.000	3.728E-196	598
5zqv_2	5zqv_2	1.000	20	1.000	1.000	1.075E-08	42
6d13_2	6d13_2	1.000	151	1.000	1.000	2.672E-103	322
6f2g_2	6f2g_2	1.000	131	1.000	1.000	1.023E-86	273
6f2g_2	4ksd_2	0.758	124	0.947	1.000	1.122E-56	187
6f2g_2	5m2m_2	0.674	127	0.947	1.000	2.619E-48	163
6f2g_2	5hvf_2	0.707	123	0.939	1.000	3.592E-48	162
6f2g_2	6gjq_2	0.685	124	0.947	1.000	2.390E-47	160
6f2g_2	3zkq_2	0.682	126	0.962	1.000	3.278E-47	160
6f2g_2	6cwg_2	0.629	127	0.947	1.000	6.425E-44	150
6f2g_2	6fv0_2	0.634	123	0.939	1.000	1.006E-41	144
6f2g_2	5jds_1	0.593	127	0.939	1.000	3.558E-41	142
6f2g_2	5o2u_2	0.653	124	0.947	0.983	4.880E-41	142
6f2g_2	1ri8_2	0.611	124	0.947	1.000	2.367E-40	140
6f2g_2	5ip4_1	0.617	123	0.939	1.000	4.452E-40	139
6f2g_2	4pou_2	0.572	124	0.947	0.883	3.854E-35	125
6f2g_2	5lhn_2	0.588	124	0.947	0.830	3.514E-34	122
6f2g_2	4x7f_2	0.622	122	0.931	1.000	6.608E-34	121
6f2g_2	4x7e_2	0.568	125	0.954	0.832	1.416E-31	115
6f2g_2	3eba_1	0.547	123	0.939	0.831	2.662E-31	114
6f2g_2	1zvh_2	0.532	123	0.939	0.836	6.862E-31	113
6f2g_2	4i0c_2	0.503	125	0.954	0.841	1.175E-29	109
6f2g_2	5j57_2	0.460	113	0.863	0.863	9.401E-21	83
6f2g_2	3bzd_1	0.309	110	0.840	0.908	6.135E-06	40
3n00_2	3n00_2	1.000	20	1.000	1.000	4.413E-10	46
2c7m_1	2c7m_1	1.000	57	1.000	1.000	2.146E-36	124
2fu5_1	2fu5_1	1.000	107	1.000	1.000	3.128E-73	233
2hrk_1	2hrk_1	1.000	177	1.000	1.000	4.442E-112	349
2jti_1	2jti_1	1.000	286	1.000	1.000	9.834E-202	614
2jti_1	2pcb_1	0.985	281	0.983	0.946	8.577E-194	591
2jti_1	2b12_1	0.975	281	0.983	0.945	1.366E-188	576
2kbw_1	2kbw_1	1.000	160	1.000	1.000	2.191E-103	323
2kbw_1	3kj1_1	0.967	156	0.975	1.000	7.577E-96	301
2kbw_1	3kj2_1	0.961	156	0.975	0.993	6.903E-95	299
2kbw_1	5c3f_1	0.955	156	0.975	0.993	4.586E-94	296
3vv2_2	3vv2_2	1.000	65	1.000	1.000	7.844E-39	132
3zu7_2	3zu7_2	1.000	154	1.000	1.000	3.858E-102	319
3zu7_2	6fp7_2	0.837	154	0.987	0.945	7.092E-78	249
3zu7_2	5ma6_2	0.825	155	0.987	0.975	1.666E-76	245
3zu7_2	4k5a_2	0.803	158	1.000	0.981	1.666E-76	245
3zu7_2	6h46_2	0.864	140	0.896	0.993	3.248E-73	236
3zu7_2	6ne4_1	0.470	155	0.903	0.876	1.661E-39	139
3zu7_2	6ne1_2	0.489	145	0.942	0.934	1.705E-36	130
4aqe_2	4apx_2	1.000	237	1.000	1.000	1.310E-159	490
4aqe_2	4aqe_2	1.000	237	1.000	1.000	1.310E-159	490
4c9b_2	4c9b_2	1.000	256	1.000	1.000	1.178E-165	508
1p69_2	1p69_2	1.000	122	1.000	1.000	1.850E-80	255
1p69_2	1kac_2	1.000	122	1.000	1.000	1.850E-80	255
1p69_2	1p6a_2	0.983	124	1.000	1.000	8.190E-79	250
1p69_2	2j1k_1	0.926	121	0.992	0.959	2.877E-71	228
1p69_2	2j12_2	0.894	121	0.992	0.974	1.739E-62	203
1c9p_2	1c9p_2	1.000	50	1.000	1.000	3.551E-35	120
1c9p_2	1c9t_2	0.943	53	1.000	1.000	2.190E-33	115
1c9p_2	1eja_2	0.943	53	1.000	1.000	2.190E-33	115
1f34_2	1f34_2	1.000	131	1.000	1.000	2.893E-87	275
1grn_2	1grn_2	1.000	145	1.000	1.000	4.209E-94	295
1jtd_2	1jtd_2	1.000	273	1.000	1.000	8.270E-177	541
1jtd_2	3qhy_2	0.989	273	1.000	0.996	2.188E-173	531
1mah_2	1mah_2	1.000	61	1.000	1.000	1.846E-43	145
1mah_2	2qc1_1	0.432	63	0.934	0.851	8.986E-06	37
6n85_2	6n85_2	1.000	393	1.000	1.000	5.025E-267	809
6p7y_2	6p7y_2	1.000	107	1.000	1.000	5.886E-73	232
1ak4_1	1ak4_1	1.000	163	1.000	1.000	6.432E-113	351
1ak4_1	2xgy_2	0.981	165	0.994	1.000	1.886E-110	344
1ak4_1	2x2d_1	0.733	145	0.865	0.884	1.017E-73	238
1c9t_1	1c9t_1	1.000	223	1.000	1.000	4.897E-150	461
1c9t_1	4aoq_1	1.000	223	1.000	1.000	4.897E-150	461
1c9t_1	1ppe_1	1.000	223	1.000	1.000	4.897E-150	461
1c9t_1	2ptc_1	1.000	223	1.000	1.000	4.897E-150	461
1c9t_1	2tgp_1	1.000	223	1.000	1.000	4.897E-150	461
1c9t_1	1g9i_1	1.000	223	1.000	1.000	4.897E-150	461
1c9t_1	2g81_1	1.000	223	1.000	1.000	4.897E-150	461
1c9t_1	6dwf_1	1.000	223	1.000	1.000	4.897E-150	461
1c9t_1	4j2y_2	1.000	223	1.000	1.000	4.897E-150	461
1c9t_1	2ftm_1	0.995	223	1.000	1.000	2.370E-149	459
1c9t_1	1d6r_1	0.973	223	1.000	0.973	1.340E-143	443
1c9t_1	1smf_1	0.973	223	1.000	0.973	1.340E-143	443
1c9t_1	2uuy_1	0.973	223	1.000	0.973	1.340E-143	443
1c9t_1	2xtt_2	0.973	223	1.000	0.973	1.340E-143	443
1c9t_1	6dwh_1	0.973	223	1.000	0.973	1.340E-143	443
1c9t_1	1ldt_1	0.793	223	1.000	0.973	7.246E-121	377
1c9t_1	1eja_1	0.793	223	1.000	0.973	7.246E-121	377
1c9t_1	2ra3_1	0.721	223	1.000	0.969	1.110E-108	342
1c9t_1	3fp6_1	0.713	223	1.000	0.973	9.163E-107	336
1c9t_1	3p92_1	0.695	223	1.000	0.973	5.010E-104	329
1c9t_1	3p95_1	0.695	223	1.000	0.973	5.010E-104	329
1c9t_1	3l33_1	0.695	223	1.000	0.973	5.010E-104	329
1c9t_1	6gfi_1	0.695	223	1.000	0.973	5.010E-104	329
1c9t_1	6har_1	0.695	223	1.000	0.969	5.010E-104	329
1c9t_1	2r9p_1	0.695	223	1.000	0.969	5.010E-104	329
1c9t_1	5c67_1	0.690	223	1.000	0.973	7.762E-102	322
1c9t_1	4u30_1	0.676	223	1.000	1.000	7.762E-102	322
1c9t_1	4u32_2	0.676	223	1.000	0.996	7.762E-102	322
1c9t_1	6kbr_1	0.397	189	0.848	0.989	6.898E-36	132
1c9t_1	4ag2_1	0.334	205	0.919	0.910	2.733E-26	104
1c9t_1	4afq_1	0.326	209	0.919	0.946	3.872E-24	97
5ip4_1	5ip4_1	1.000	109	1.000	1.000	2.298E-72	231
5ip4_1	5hvf_2	0.692	117	1.000	1.000	9.387E-49	163
5ip4_1	6gjq_2	0.650	120	1.000	0.992	3.194E-44	150
5ip4_1	4ksd_2	0.649	117	1.000	0.992	4.008E-43	147
5ip4_1	5o2u_2	0.660	112	1.000	0.974	1.948E-42	145
5ip4_1	6f2g_2	0.617	123	1.000	0.939	1.299E-41	142
5ip4_1	5m2m_2	0.654	107	0.872	0.843	1.366E-38	134
5ip4_1	3zkq_2	0.630	110	1.000	0.973	4.840E-38	132
5ip4_1	5jds_1	0.574	127	1.000	1.000	9.111E-38	131
5ip4_1	4x7f_2	0.642	108	0.991	1.000	6.078E-37	129
5ip4_1	6fv0_2	0.610	113	1.000	1.000	2.154E-36	127
5ip4_1	6cwg_2	0.559	126	1.000	0.992	5.563E-36	126
5ip4_1	5omn_2	0.609	110	0.853	0.991	7.632E-36	126
5ip4_1	1ri8_2	0.633	109	0.872	0.879	2.705E-35	124
5ip4_1	6h16_2	0.577	111	0.844	0.941	6.395E-34	120
5ip4_1	4w6y_2	0.601	108	0.853	0.964	1.204E-33	119
5ip4_1	5imk_1	0.532	123	0.853	1.000	1.652E-33	119
5ip4_1	5imm_1	0.528	124	0.853	1.000	2.266E-33	119
5ip4_1	4wen_2	0.546	119	0.853	0.992	4.266E-33	118
5ip4_1	4eig_2	0.552	114	0.853	0.991	8.032E-33	117
5ip4_1	6her_2	0.524	122	0.853	0.992	1.512E-32	116
5ip4_1	4wem_2	0.529	119	0.853	0.992	7.353E-32	114
5ip4_1	4pou_2	0.567	109	1.000	0.875	7.353E-32	114
5ip4_1	4z9k_2	0.610	98	0.872	0.925	1.009E-31	114
5ip4_1	1op9_2	0.540	118	0.853	1.000	4.906E-31	112
5ip4_1	1g6v_2	0.500	124	0.853	0.992	6.731E-31	111
5ip4_1	1zvh_2	0.513	109	1.000	0.836	1.739E-30	110
5ip4_1	5lhn_2	0.485	134	0.853	0.993	3.273E-30	109
5ip4_1	4w6w_2	0.500	124	0.853	1.000	4.491E-30	109
5ip4_1	5m2j_2	0.539	114	0.853	0.991	8.456E-30	108
5ip4_1	4w6x_2	0.504	123	0.853	0.992	1.160E-29	108
5ip4_1	2p49_2	0.508	120	0.853	0.992	2.184E-29	107
5ip4_1	4x7e_2	0.572	109	1.000	0.815	4.112E-29	106
5ip4_1	2p4a_2	0.512	119	0.853	0.992	5.642E-29	106
5ip4_1	3qsk_2	0.512	119	0.853	0.992	5.642E-29	106
5ip4_1	6fuz_2	0.517	112	0.853	1.000	1.831E-27	102
5ip4_1	6jb2_1	0.480	125	0.853	0.992	1.831E-27	102
5ip4_1	3eba_1	0.531	109	1.000	0.831	2.300E-26	98
5ip4_1	6j7w_1	0.495	115	0.853	0.991	8.151E-26	97
5ip4_1	4hep_2	0.465	129	0.853	1.000	1.535E-25	96
5kve_1	5kve_1	1.000	101	1.000	1.000	2.922E-65	210
5kve_1	3uzq_2	0.517	85	0.842	0.874	6.220E-27	100
5kve_1	5aam_2	0.522	90	0.891	0.917	3.028E-26	98
5kve_1	5aaw_2	0.522	90	0.891	0.917	3.028E-26	98
5kve_1	3uyp_1	0.522	90	0.891	0.917	3.028E-26	98
5m2m_1	5m2m_1	1.000	148	1.000	1.000	9.661E-98	306
5mv9_1	5mv9_1	1.000	470	1.000	1.000	3.770E-321	969
5mv9_1	5xbf_1	0.467	432	0.802	0.949	5.922E-113	367
5omb_1	5omb_1	1.000	120	1.000	1.000	3.292E-77	245
5v69_1	5v69_1	1.000	314	1.000	1.000	3.223E-216	657
5wpa_1	5wpa_1	1.000	224	1.000	1.000	5.999E-145	447
5wpa_1	5wpa_2	0.555	223	0.996	0.827	5.390E-72	236
5xv8_1	5xv8_1	1.000	45	1.000	1.000	3.382E-26	94
6arq_1	6arq_1	1.000	93	1.000	1.000	1.505E-62	201
6dsl_1	6dsl_1	1.000	30	1.000	1.000	1.127E-14	60
2g2w_1	2g2w_1	1.000	265	1.000	1.000	4.378E-171	524
2g2w_1	3n4i_1	0.996	265	1.000	1.000	1.545E-170	523
2g2w_1	3c4p_1	0.996	265	1.000	1.000	2.903E-170	522
2g2w_1	2g2u_1	0.996	265	1.000	1.000	2.903E-170	522
2g2w_1	5npo_1	0.669	263	0.977	1.000	1.643E-112	355
2g2w_1	1jtd_1	0.671	262	0.977	1.000	3.085E-112	355
2g2w_1	3qhy_1	0.320	256	0.966	0.981	1.312E-34	130
2ij0_1	2ij0_1	1.000	191	1.000	1.000	5.870E-128	396
2k2u_1	2k2u_1	1.000	115	1.000	1.000	7.947E-72	229
2k2u_1	2lox_1	0.939	115	1.000	1.000	1.491E-64	209
2kj4_1	2kj4_1	1.000	32	1.000	1.000	4.849E-15	61
2l0t_1	2k8b_1	1.000	76	1.000	1.000	3.726E-46	153
2l0t_1	4msm_2	1.000	76	1.000	1.000	3.726E-46	153
2l0t_1	2k8c_1	1.000	76	1.000	1.000	3.726E-46	153
2l0t_1	2kwu_2	1.000	76	1.000	1.000	3.726E-46	153
2l0t_1	2kwv_2	1.000	76	1.000	1.000	3.726E-46	153
2l0t_1	2mbb_2	1.000	76	1.000	1.000	3.726E-46	153
2l0t_1	4pqt_2	1.000	76	1.000	1.000	3.726E-46	153
2l0t_1	5vzm_1	1.000	76	1.000	1.000	3.726E-46	153
2l0t_1	2fuh_2	1.000	76	1.000	1.000	3.726E-46	153
2l0t_1	2mcn_2	1.000	76	1.000	1.000	3.726E-46	153
2l0t_1	2jy6_1	1.000	76	1.000	1.000	3.726E-46	153
2l0t_1	1wrd_2	1.000	76	1.000	1.000	3.726E-46	153
2l0t_1	1yx5_2	1.000	76	1.000	1.000	3.726E-46	153
2l0t_1	2l0f_1	1.000	76	1.000	1.000	3.726E-46	153
2l0t_1	1yx6_2	1.000	76	1.000	1.000	3.726E-46	153
2l0t_1	2den_2	1.000	76	1.000	1.000	3.726E-46	153
2l0t_1	2l0t_1	1.000	76	1.000	1.000	3.726E-46	153
2l0t_1	2mj5_1	1.000	76	1.000	1.000	3.726E-46	153
2l0t_1	4k1r_2	1.000	76	1.000	1.000	3.726E-46	153
2l0t_1	2lvo_1	1.000	76	1.000	1.000	3.726E-46	153
2l0t_1	1q5w_2	1.000	76	1.000	1.000	3.726E-46	153
2l0t_1	2g45_2	1.000	76	1.000	1.000	3.726E-46	153
2l0t_1	4m0w_2	1.000	76	1.000	1.000	3.726E-46	153
2l0t_1	2mre_1	1.000	76	1.000	1.000	3.726E-46	153
2l0t_1	2mro_1	1.000	76	1.000	1.000	3.726E-46	153
2l0t_1	2ktf_1	1.000	76	1.000	1.000	3.726E-46	153
2l0t_1	2lz6_1	1.000	76	1.000	1.000	3.726E-46	153
2l0t_1	1zgu_2	0.986	76	1.000	1.000	9.631E-46	152
2l0t_1	2jt4_2	0.960	76	1.000	1.000	3.133E-44	148
2l0t_1	1wr1_1	0.960	76	1.000	1.000	3.133E-44	148
2l0t_1	1q0w_2	0.960	76	1.000	1.000	3.133E-44	148
2l0t_1	1otr_2	0.960	76	1.000	1.000	3.133E-44	148
2l0t_1	2c7m_2	0.842	76	1.000	1.000	7.064E-35	121
2l0t_1	6d4p_2	0.789	76	1.000	0.958	1.420E-31	111
2l0t_1	5v69_2	0.843	64	0.803	0.985	4.270E-29	104
2l0t_1	4hcp_2	0.500	76	1.000	0.945	1.894E-19	77
2l0t_1	1p9d_1	0.328	73	0.961	0.859	2.137E-08	45
2l0t_1	5tl7_1	0.301	73	0.961	0.908	9.796E-07	40
3onw_2	3onw_2	1.000	34	1.000	1.000	1.377E-18	72
3qs7_2	3qs7_2	1.000	101	1.000	1.000	2.040E-61	199
3t6g_2	3t6g_2	1.000	131	1.000	1.000	5.895E-81	257
3ukz_2	3ukz_2	1.000	23	1.000	1.000	1.581E-11	51
3ukz_2	3ul0_2	0.956	23	1.000	1.000	3.847E-10	47
3wa5_2	3wa5_2	1.000	124	1.000	1.000	2.038E-80	255
5cxb_2	5cxb_2	1.000	352	1.000	1.000	4.645E-247	749
5cxb_2	5cyk_2	0.988	352	1.000	0.997	1.114E-242	736
2k2u_2	2k2u_2	1.000	35	1.000	1.000	1.830E-21	80
2kj4_2	2kj4_2	1.000	87	1.000	1.000	9.730E-65	207
2l0t_2	2l0t_2	1.000	163	1.000	1.000	7.581E-108	336
2luh_2	2luh_2	1.000	59	1.000	1.000	4.058E-31	109
2mj5_2	2mj5_2	1.000	52	1.000	1.000	1.382E-30	107
6gd5_2	6gd5_2	1.000	21	1.000	1.000	7.416E-12	51
6i2m_2	6i2m_2	1.000	343	1.000	1.000	9.123E-229	695
6j4o_2	6j4o_2	1.000	35	1.000	1.000	1.253E-16	66
6m9k_2	6m9k_2	1.000	41	1.000	1.000	8.307E-24	87
4geh_1	4geh_1	1.000	198	1.000	1.000	1.803E-122	380
5fr1_2	5fr1_2	1.000	165	1.000	1.000	6.681E-109	339
5fr1_2	5fr2_2	0.376	165	1.000	0.910	4.183E-28	106
5hps_2	5hps_2	1.000	73	1.000	1.000	5.536E-45	150
5hps_2	5xiu_2	0.835	73	1.000	1.000	4.434E-35	121
5hps_2	2hth_1	0.835	73	1.000	1.000	4.434E-35	121
5hps_2	2oob_2	0.833	72	0.986	1.000	1.575E-34	120
5hps_2	4i6l_2	0.821	73	1.000	0.986	5.144E-33	115
5hps_2	2mur_2	0.810	74	1.000	0.949	9.697E-33	115
5hps_2	3kw5_2	0.808	73	1.000	0.947	6.495E-32	112
5hps_2	2k6d_2	0.808	73	1.000	0.934	6.495E-32	112
5hps_2	1yd8_1	0.859	64	0.877	1.000	2.308E-31	111
5hps_2	2dx5_2	0.859	64	0.877	1.000	2.308E-31	111
5hps_2	5hpk_2	0.767	73	1.000	0.935	4.352E-31	110
5hps_2	6dgf_2	0.794	73	1.000	0.959	4.004E-30	107
5hps_2	4hcn_2	0.781	64	0.877	0.969	2.879E-26	96
5hps_2	5v5h_2	0.781	64	0.877	0.952	1.781E-24	91
5jg6_2	5jg6_2	1.000	37	1.000	1.000	2.231E-18	71
5l8j_2	5l8j_2	1.000	84	1.000	1.000	1.179E-50	167
5l8j_2	4hgk_2	0.504	103	0.976	0.990	9.040E-18	72
5me5_2	5me5_2	1.000	37	1.000	1.000	1.485E-21	80
1h0t_2	1h0t_2	1.000	58	1.000	1.000	1.910E-34	119
1h0t_2	2b87_2	0.775	58	1.000	1.000	9.140E-22	82
1h0t_2	2m5a_2	0.793	58	1.000	0.983	1.256E-21	82
1h0t_2	5u4y_2	0.745	55	0.948	0.964	1.884E-18	73
1kbh_2	1kbh_2	1.000	59	1.000	1.000	1.703E-32	113
1kbh_2	2l14_1	1.000	59	1.000	1.000	1.703E-32	113
1mxe_2	1mxe_2	1.000	25	1.000	1.000	2.625E-12	53
1pjm_2	1pjm_2	1.000	426	1.000	1.000	3.554E-280	848
1pjm_2	3ul0_1	1.000	426	1.000	1.000	3.554E-280	848
1pjm_2	6iwa_2	1.000	426	1.000	0.998	3.554E-280	848
1pjm_2	3ukz_1	1.000	426	1.000	0.998	3.554E-280	848
1pjm_2	3ukx_1	0.995	426	1.000	0.995	2.654E-277	840
1pjm_2	6iu7_1	0.988	417	0.979	0.998	8.055E-269	816
1pjm_2	6iua_1	0.988	417	0.979	0.998	8.055E-269	816
1pjm_2	6bw9_1	0.514	426	1.000	0.986	1.073E-139	443
4hff_1	4hff_1	1.000	138	1.000	1.000	3.611E-96	301
1t63_1	1t5z_1	1.000	250	1.000	1.000	3.349E-169	518
1t63_1	1t63_1	1.000	250	1.000	1.000	3.349E-169	518
1t63_1	1xj7_1	0.968	256	0.992	1.000	3.133E-165	507
1u0s_1	1u0s_1	1.000	117	1.000	1.000	2.475E-72	231
1wa8_1	1wa8_1	1.000	99	1.000	1.000	1.775E-57	187
1xqs_1	1xqs_1	1.000	211	1.000	1.000	1.255E-135	419
1yc0_1	1yc0_1	1.000	216	1.000	1.000	5.291E-151	464
1yc0_1	6kbr_1	0.308	204	0.944	0.905	1.785E-16	74
5szh_2	5szh_2	1.000	143	1.000	1.000	2.317E-92	290
5szh_2	3tkl_1	0.791	146	1.000	0.854	1.016E-66	216
5szh_2	3jza_1	0.768	147	0.937	0.993	6.754E-66	214
5szh_2	4c4p_1	0.407	146	1.000	0.874	1.557E-30	112
5szh_2	4ojk_1	0.422	143	1.000	0.836	3.641E-29	108
5szh_2	4g01_2	0.342	143	1.000	0.855	3.094E-21	85
5szh_2	4d0g_1	0.315	142	0.993	0.946	1.196E-15	69
5szh_2	6h46_1	0.304	142	0.993	0.825	1.781E-13	63
5szh_2	5ufe_1	0.310	142	0.993	0.873	2.433E-13	63
5szh_2	3ddc_1	0.304	142	0.993	0.825	3.324E-13	62
5ua4_2	5ua4_2	1.000	32	1.000	1.000	5.614E-17	67
5ua4_2	2kbw_2	0.548	31	0.812	1.000	3.557E-05	33
5ua4_2	5ajj_2	0.548	31	0.969	0.931	9.352E-05	32
5vwy_2	5vwy_2	1.000	24	1.000	1.000	1.220E-11	51
5vwy_2	5vx0_2	1.000	24	1.000	1.000	1.220E-11	51
5vwy_2	5vx3_2	0.666	24	1.000	0.800	5.015E-02	24
5xbf_2	5xbf_2	1.000	109	1.000	1.000	5.417E-71	227
2wqz_1	2wqz_1	1.000	545	1.000	1.000	0.000E+00	1148
2wqz_1	5xeq_1	0.442	525	0.963	0.966	3.827E-139	447
2mv7_2	2mv7_2	1.000	25	1.000	1.000	3.370E-11	50
2omx_2	2omx_2	1.000	82	1.000	1.000	2.081E-54	177
2omx_2	2omu_2	0.987	82	0.988	0.812	2.395E-52	171
2omx_2	3ff8_1	0.951	82	0.976	0.820	9.776E-50	164
2omx_2	2omw_2	0.853	82	0.963	1.000	5.794E-44	147
2p49_2	2p49_2	1.000	121	1.000	1.000	4.545E-80	254
2p49_2	3qsk_2	0.942	121	1.000	1.000	1.275E-73	235
2p49_2	2p4a_2	0.917	121	1.000	1.000	4.709E-70	225
2p49_2	4pou_2	0.877	106	0.826	0.883	1.008E-60	198
2p49_2	5imm_1	0.752	124	0.992	1.000	2.071E-54	180
2p49_2	5imk_1	0.744	123	0.992	1.000	2.371E-52	174
2p49_2	4w6x_2	0.688	124	1.000	1.000	5.105E-50	167
2p49_2	6h16_2	0.727	121	1.000	1.000	9.605E-50	166
2p49_2	1op9_2	0.731	120	0.992	1.000	3.400E-49	165
2p49_2	5lhn_2	0.666	135	1.000	1.000	1.651E-48	163
2p49_2	6her_2	0.701	123	1.000	1.000	5.844E-48	161
2p49_2	1g6v_2	0.703	125	1.000	1.000	8.016E-48	161
2p49_2	4w6w_2	0.680	124	0.992	1.000	3.892E-47	159
2p49_2	5u4m_2	0.671	126	1.000	1.000	5.339E-47	158
2p49_2	4i0c_2	0.671	126	0.992	1.000	2.592E-46	156
2p49_2	5omn_2	0.694	121	1.000	1.000	1.727E-45	154
2p49_2	6jb2_1	0.650	125	0.992	0.992	2.164E-44	151
2p49_2	4w6y_2	0.669	121	1.000	0.973	2.968E-44	151
2p49_2	5m2j_2	0.661	121	1.000	1.000	7.660E-44	149
2p49_2	4hep_2	0.623	129	0.992	1.000	9.599E-43	146
2p49_2	1zvh_2	0.686	102	0.818	0.836	2.264E-41	142
2p49_2	6fuz_2	0.633	120	0.992	1.000	5.842E-41	141
2p49_2	4eig_2	0.644	121	1.000	1.000	2.068E-40	139
2p49_2	1ri8_2	0.650	120	0.992	0.839	2.068E-40	139
2p49_2	4wen_2	0.647	121	1.000	1.000	2.837E-40	139
2p49_2	4wem_2	0.647	121	1.000	1.000	3.891E-40	139
2p49_2	3eba_1	0.653	121	1.000	0.932	7.321E-40	138
2p49_2	4ksd_2	0.619	121	1.000	0.814	3.555E-39	136
2p49_2	6j7w_1	0.628	121	1.000	1.000	1.258E-38	134
2p49_2	6cwg_2	0.603	119	0.983	0.811	1.726E-38	134
2p49_2	5jds_1	0.595	121	1.000	0.835	4.070E-37	130
2p49_2	5l21_2	0.562	121	1.000	1.000	1.050E-36	129
2p49_2	4x7e_2	0.660	100	0.826	0.824	5.101E-36	127
2p49_2	4z9k_2	0.600	120	0.992	0.906	6.996E-36	126
2p49_2	3zkq_2	0.566	120	0.992	0.841	2.477E-35	125
2p49_2	6fv0_2	0.550	120	0.992	0.841	1.649E-34	123
2p49_2	5m2m_2	0.535	127	0.826	1.000	9.166E-32	115
2p49_2	5o2u_2	0.558	120	0.992	0.817	2.963E-30	110
2p49_2	5ip4_1	0.508	120	0.992	0.853	6.374E-28	104
2p49_2	4x7f_2	0.500	120	0.992	0.841	5.530E-23	89
2p49_2	2ij0_2	0.323	99	0.818	0.822	8.730E-06	40
2ra3_2	2ra3_2	1.000	56	1.000	1.000	1.393E-39	133
2ra3_2	1f7z_2	1.000	56	1.000	1.000	1.393E-39	133
2ra3_2	1fy8_2	1.000	56	1.000	1.000	1.393E-39	133
2ra3_2	1eaw_2	1.000	56	1.000	1.000	1.393E-39	133
2ra3_2	3tgk_2	1.000	56	1.000	1.000	1.393E-39	133
2ra3_2	1f5r_2	0.982	56	1.000	0.965	3.043E-37	126
2ra3_2	2ftl_2	0.982	56	1.000	0.948	3.043E-37	126
2ra3_2	2ptc_2	0.982	56	1.000	0.948	3.043E-37	126
2ra3_2	2tgp_2	0.982	56	1.000	0.948	3.043E-37	126
2ra3_2	3fp6_2	0.982	56	1.000	0.948	3.043E-37	126
2ra3_2	2r9p_2	0.982	56	1.000	0.948	3.043E-37	126
2ra3_2	3p92_2	0.946	56	1.000	0.948	7.240E-36	123
2ra3_2	3p95_2	0.946	56	1.000	0.948	7.240E-36	123
2ra3_2	2ftm_2	0.964	56	1.000	0.948	7.240E-36	123
2ra3_2	6gfi_2	0.470	51	0.911	0.911	6.699E-15	63
2ra3_2	5c67_2	0.470	51	0.911	0.962	1.267E-14	62
2ra3_2	1zjd_2	0.470	51	0.911	0.895	1.267E-14	62
2ra3_2	4u32_1	0.444	54	0.964	0.981	6.237E-14	60
2ra3_2	6har_2	0.450	51	0.911	0.944	8.579E-14	59
2ra3_2	1zr0_2	0.431	51	0.911	0.810	1.100E-12	56
2ra3_2	4u30_2	0.395	48	0.857	0.889	4.455E-09	46
2v52_2	2v52_2	1.000	13	1.000	1.000	1.268E-03	27
4pbz_2	4pbz_2	1.000	5	1.000	1.000	3.739E+02	12
4rt6_2	4rt6_2	1.000	172	1.000	1.000	1.566E-127	393
4wem_2	4wem_2	1.000	120	1.000	1.000	2.100E-79	252
4wem_2	4wen_2	0.741	120	1.000	1.000	5.340E-58	190
4wem_2	5imk_1	0.674	123	0.992	1.000	1.975E-47	160
4wem_2	6h16_2	0.688	120	1.000	1.000	2.709E-47	159
4wem_2	6her_2	0.677	123	1.000	1.000	3.395E-46	156
4wem_2	5imm_1	0.669	124	0.992	1.000	6.388E-46	155
4wem_2	5lhn_2	0.622	135	1.000	1.000	6.684E-43	147
4wem_2	4w6w_2	0.620	124	0.992	1.000	3.246E-42	145
4wem_2	4w6x_2	0.629	124	1.000	1.000	8.378E-42	143
4wem_2	1g6v_2	0.642	125	1.000	1.000	1.149E-41	143
4wem_2	4hep_2	0.627	129	0.992	1.000	1.149E-41	143
4wem_2	5u4m_2	0.663	112	0.908	0.889	2.162E-41	142
4wem_2	2p4a_2	0.652	120	1.000	1.000	2.966E-41	142
4wem_2	4eig_2	0.616	120	1.000	1.000	1.050E-40	140
4wem_2	3qsk_2	0.652	120	1.000	1.000	2.710E-40	139
4wem_2	2p49_2	0.647	121	1.000	1.000	3.718E-40	139
4wem_2	4i0c_2	0.609	126	0.992	1.000	5.100E-40	138
4wem_2	1op9_2	0.647	119	0.992	1.000	4.660E-39	136
4wem_2	5omn_2	0.591	120	1.000	1.000	1.650E-38	134
4wem_2	6jb2_1	0.576	125	0.992	0.992	4.258E-38	133
4wem_2	5m2j_2	0.606	120	1.000	1.000	1.726E-35	125
4wem_2	5l21_2	0.565	120	1.000	1.000	3.248E-35	124
4wem_2	4ksd_2	0.570	120	1.000	0.814	8.384E-35	123
4wem_2	6fuz_2	0.600	119	0.992	1.000	2.968E-34	122
4wem_2	4w6y_2	0.578	120	1.000	0.973	4.071E-34	121
4wem_2	5o2u_2	0.546	119	0.992	0.817	1.317E-32	117
4wem_2	6j7w_1	0.570	120	1.000	1.000	1.806E-32	117
4wem_2	4x7e_2	0.620	100	0.833	0.824	1.806E-32	117
4wem_2	1ri8_2	0.554	119	0.992	0.839	1.806E-32	117
4wem_2	1zvh_2	0.578	102	0.825	0.836	6.394E-32	115
4wem_2	5jds_1	0.528	120	1.000	0.835	8.770E-32	115
4wem_2	3zkq_2	0.550	119	0.992	0.841	1.203E-31	114
4wem_2	6cwg_2	0.545	118	0.983	0.811	1.203E-31	114
4wem_2	5ip4_1	0.529	119	0.992	0.853	1.099E-30	111
4wem_2	3eba_1	0.549	120	1.000	0.932	3.890E-30	110
4wem_2	4pou_2	0.566	106	0.833	0.883	2.590E-29	108
4wem_2	4z9k_2	0.521	119	0.992	0.906	1.148E-27	103
4wem_2	6fv0_2	0.516	119	0.992	0.841	2.963E-27	102
4wem_2	4x7f_2	0.495	119	0.992	0.841	2.254E-24	93
4wem_2	2ij0_2	0.307	101	0.842	0.847	3.343E-06	41
4yc7_2	4yc7_2	1.000	177	1.000	1.000	1.069E-117	365
4yc7_2	1ees_1	0.988	178	1.000	1.000	8.864E-116	360
4yc7_2	3eg5_1	0.988	178	0.994	1.000	3.132E-115	358
4yc7_2	4did_1	0.983	178	0.994	0.994	8.070E-115	357
4yc7_2	2rmk_1	0.698	176	0.994	0.885	7.032E-80	256
4yc7_2	5fr2_1	0.527	180	0.994	0.963	9.543E-60	198
4yc7_2	3kud_1	0.329	160	0.904	0.933	7.069E-18	77
4yc7_2	1wq1_1	0.329	160	0.904	0.928	7.069E-18	77
4yc7_2	5e95_2	0.329	160	0.904	0.928	7.069E-18	77
4yc7_2	3ddc_1	0.323	160	0.904	0.928	2.447E-17	76
4yc7_2	6h46_1	0.323	160	0.904	0.928	3.338E-17	75
3rgf_2	3rgf_2	1.000	264	1.000	1.000	1.231E-178	546
3znz_1	3znz_1	1.000	265	1.000	1.000	1.255E-181	555
4ap2_1	4ap2_1	1.000	364	1.000	1.000	1.774E-241	733
4ap2_1	4apf_2	0.505	330	0.907	0.840	9.167E-70	237
4c4k_1	4c4k_1	1.000	94	1.000	1.000	2.277E-59	192
4c4k_1	2wwk_2	0.309	84	0.872	0.866	5.269E-10	51
4c4k_1	2wp3_1	0.313	83	0.872	0.838	5.269E-10	51
4c4k_1	2wp3_2	0.351	91	0.968	0.965	2.474E-05	37
4di3_1	4di3_1	1.000	147	1.000	1.000	6.971E-95	298
4eoz_1	4eoz_1	1.000	116	1.000	1.000	1.050E-77	246
2hle_1	2hle_1	1.000	131	1.000	1.000	4.526E-85	269
2jod_1	2jod_1	1.000	106	1.000	1.000	1.515E-76	243
2ka4_1	1r8u_2	1.000	100	1.000	1.000	1.029E-68	220
2ka4_1	2ka4_1	1.000	100	1.000	1.000	1.029E-68	220
2ka4_1	2lww_1	1.000	100	1.000	1.000	1.029E-68	220
2ka4_1	1l8c_1	0.930	100	1.000	0.979	1.416E-61	199
2ka4_1	2mzd_1	0.323	93	0.930	0.922	2.210E-05	38
2ka4_1	2k8f_1	0.323	93	0.930	0.922	2.210E-05	38
2ka4_1	2ka6_1	0.316	94	0.940	0.837	3.726E-04	34
2kwo_1	2kwo_1	1.000	19	1.000	1.000	1.148E-05	34
5vx3_2	5vx3_2	1.000	20	1.000	1.000	5.675E-09	43
5vx3_2	5vwy_2	0.666	24	0.800	1.000	2.743E-02	24
5vx3_2	5vx0_2	0.666	24	0.800	1.000	2.743E-02	24
2jt4_2	2jt4_2	1.000	76	1.000	1.000	2.489E-45	151
2jt4_2	1wr1_1	1.000	76	1.000	1.000	2.489E-45	151
2jt4_2	1q0w_2	1.000	76	1.000	1.000	2.489E-45	151
2jt4_2	1otr_2	1.000	76	1.000	1.000	2.489E-45	151
2jt4_2	2k8b_1	0.960	76	1.000	1.000	1.112E-43	146
2jt4_2	4msm_2	0.960	76	1.000	1.000	1.112E-43	146
2jt4_2	2k8c_1	0.960	76	1.000	1.000	1.112E-43	146
2jt4_2	2kwu_2	0.960	76	1.000	1.000	1.112E-43	146
2jt4_2	2kwv_2	0.960	76	1.000	1.000	1.112E-43	146
2jt4_2	2mbb_2	0.960	76	1.000	1.000	1.112E-43	146
2jt4_2	4pqt_2	0.960	76	1.000	1.000	1.112E-43	146
2jt4_2	5vzm_1	0.960	76	1.000	1.000	1.112E-43	146
2jt4_2	2fuh_2	0.960	76	1.000	1.000	1.112E-43	146
2jt4_2	2mcn_2	0.960	76	1.000	1.000	1.112E-43	146
2jt4_2	2jy6_1	0.960	76	1.000	1.000	1.112E-43	146
2jt4_2	1wrd_2	0.960	76	1.000	1.000	1.112E-43	146
2jt4_2	1yx5_2	0.960	76	1.000	1.000	1.112E-43	146
2jt4_2	2l0f_1	0.960	76	1.000	1.000	1.112E-43	146
2jt4_2	1yx6_2	0.960	76	1.000	1.000	1.112E-43	146
2jt4_2	2den_2	0.960	76	1.000	1.000	1.112E-43	146
2jt4_2	2l0t_1	0.960	76	1.000	1.000	1.112E-43	146
2jt4_2	2mj5_1	0.960	76	1.000	1.000	1.112E-43	146
2jt4_2	4k1r_2	0.960	76	1.000	1.000	1.112E-43	146
2jt4_2	2lvo_1	0.960	76	1.000	1.000	1.112E-43	146
2jt4_2	1q5w_2	0.960	76	1.000	1.000	1.112E-43	146
2jt4_2	2g45_2	0.960	76	1.000	1.000	1.112E-43	146
2jt4_2	4m0w_2	0.960	76	1.000	1.000	1.112E-43	146
2jt4_2	2mre_1	0.960	76	1.000	1.000	1.112E-43	146
2jt4_2	2mro_1	0.960	76	1.000	1.000	1.112E-43	146
2jt4_2	2ktf_1	0.960	76	1.000	1.000	1.112E-43	146
2jt4_2	2lz6_1	0.960	76	1.000	1.000	1.112E-43	146
2jt4_2	1zgu_2	0.947	76	1.000	1.000	2.874E-43	145
2jt4_2	2c7m_2	0.802	76	1.000	1.000	2.120E-32	114
2jt4_2	6d4p_2	0.750	76	1.000	0.958	4.270E-29	104
2jt4_2	5v69_2	0.796	64	0.803	0.985	1.287E-26	97
2jt4_2	4hcp_2	0.473	76	1.000	0.945	1.618E-17	71
2jt4_2	5tl7_1	0.315	73	0.961	0.908	5.177E-07	41
2jt4_2	1p9d_1	0.315	73	0.961	0.859	1.347E-06	40
2ka6_2	2ka6_2	1.000	45	1.000	1.000	4.647E-26	94
2kwu_2	2k8b_1	1.000	76	1.000	1.000	3.726E-46	153
2kwu_2	4msm_2	1.000	76	1.000	1.000	3.726E-46	153
2kwu_2	2k8c_1	1.000	76	1.000	1.000	3.726E-46	153
2kwu_2	2kwu_2	1.000	76	1.000	1.000	3.726E-46	153
2kwu_2	2kwv_2	1.000	76	1.000	1.000	3.726E-46	153
2kwu_2	2mbb_2	1.000	76	1.000	1.000	3.726E-46	153
2kwu_2	4pqt_2	1.000	76	1.000	1.000	3.726E-46	153
2kwu_2	5vzm_1	1.000	76	1.000	1.000	3.726E-46	153
2kwu_2	2fuh_2	1.000	76	1.000	1.000	3.726E-46	153
2kwu_2	2mcn_2	1.000	76	1.000	1.000	3.726E-46	153
2kwu_2	2jy6_1	1.000	76	1.000	1.000	3.726E-46	153
2kwu_2	1wrd_2	1.000	76	1.000	1.000	3.726E-46	153
2kwu_2	1yx5_2	1.000	76	1.000	1.000	3.726E-46	153
2kwu_2	2l0f_1	1.000	76	1.000	1.000	3.726E-46	153
2kwu_2	1yx6_2	1.000	76	1.000	1.000	3.726E-46	153
2kwu_2	2den_2	1.000	76	1.000	1.000	3.726E-46	153
2kwu_2	2l0t_1	1.000	76	1.000	1.000	3.726E-46	153
2kwu_2	2mj5_1	1.000	76	1.000	1.000	3.726E-46	153
2kwu_2	4k1r_2	1.000	76	1.000	1.000	3.726E-46	153
2kwu_2	2lvo_1	1.000	76	1.000	1.000	3.726E-46	153
2kwu_2	1q5w_2	1.000	76	1.000	1.000	3.726E-46	153
2kwu_2	2g45_2	1.000	76	1.000	1.000	3.726E-46	153
2kwu_2	4m0w_2	1.000	76	1.000	1.000	3.726E-46	153
2kwu_2	2mre_1	1.000	76	1.000	1.000	3.726E-46	153
2kwu_2	2mro_1	1.000	76	1.000	1.000	3.726E-46	153
2kwu_2	2ktf_1	1.000	76	1.000	1.000	3.726E-46	153
2kwu_2	2lz6_1	1.000	76	1.000	1.000	3.726E-46	153
2kwu_2	1zgu_2	0.986	76	1.000	1.000	9.631E-46	152
2kwu_2	2jt4_2	0.960	76	1.000	1.000	3.133E-44	148
2kwu_2	1wr1_1	0.960	76	1.000	1.000	3.133E-44	148
2kwu_2	1q0w_2	0.960	76	1.000	1.000	3.133E-44	148
2kwu_2	1otr_2	0.960	76	1.000	1.000	3.133E-44	148
2kwu_2	2c7m_2	0.842	76	1.000	1.000	7.064E-35	121
2kwu_2	6d4p_2	0.789	76	1.000	0.958	1.420E-31	111
2kwu_2	5v69_2	0.843	64	0.803	0.985	4.270E-29	104
2kwu_2	4hcp_2	0.500	76	1.000	0.945	1.894E-19	77
2kwu_2	1p9d_1	0.328	73	0.961	0.859	2.137E-08	45
2kwu_2	5tl7_1	0.301	73	0.961	0.908	9.796E-07	40
2lp0_2	2lp0_2	1.000	20	1.000	1.000	3.402E-06	35
2m86_2	2m86_2	1.000	33	1.000	1.000	4.652E-18	70
4pou_2	4pou_2	1.000	120	1.000	1.000	1.678E-80	255
4pou_2	3qsk_2	0.877	106	0.883	0.833	1.809E-60	197
4pou_2	2p49_2	0.877	106	0.883	0.826	2.481E-60	197
4pou_2	2p4a_2	0.839	106	0.883	0.833	2.967E-55	182
4pou_2	1zvh_2	0.628	119	0.992	0.959	6.108E-42	144
4pou_2	4ksd_2	0.644	118	0.883	1.000	2.710E-40	139
4pou_2	5imk_1	0.666	106	0.883	0.846	3.397E-39	136
4pou_2	5imm_1	0.666	106	0.883	0.839	3.397E-39	136
4pou_2	4w6x_2	0.632	106	0.883	0.839	4.660E-39	136
4pou_2	1op9_2	0.647	105	0.875	0.839	3.104E-38	133
4pou_2	6her_2	0.654	106	0.883	0.837	3.104E-38	133
4pou_2	1ri8_2	0.611	124	0.883	1.000	3.104E-38	133
4pou_2	5hvf_2	0.621	117	0.875	1.000	4.258E-38	133
4pou_2	5u4m_2	0.614	106	0.875	0.841	1.507E-37	131
4pou_2	5lhn_2	0.616	112	0.883	0.830	1.507E-37	131
4pou_2	6cwg_2	0.590	127	0.883	1.000	2.068E-37	131
4pou_2	6h16_2	0.632	106	0.883	0.831	5.337E-37	130
4pou_2	6gjq_2	0.590	121	0.883	1.000	5.337E-37	130
4pou_2	1g6v_2	0.654	106	0.883	0.840	5.337E-37	130
4pou_2	3zkq_2	0.621	111	0.883	0.982	1.004E-36	129
4pou_2	4i0c_2	0.616	106	0.883	0.833	1.004E-36	129
4pou_2	4x7e_2	0.619	120	1.000	0.950	1.377E-36	128
4pou_2	6f2g_2	0.572	124	0.883	0.947	1.726E-35	125
4pou_2	6jb2_1	0.584	106	0.883	0.841	6.112E-35	124
4pou_2	4w6w_2	0.622	106	0.883	0.839	2.164E-34	122
4pou_2	3eba_1	0.605	109	0.908	0.864	2.968E-34	122
4pou_2	5m2m_2	0.574	127	0.883	1.000	2.968E-34	122
4pou_2	5omn_2	0.628	105	0.875	0.820	7.660E-34	121
4pou_2	6fv0_2	0.584	113	0.875	1.000	7.660E-34	121
4pou_2	5jds_1	0.551	127	0.875	1.000	1.977E-33	119
4pou_2	5o2u_2	0.612	113	0.883	0.983	3.720E-33	119
4pou_2	4hep_2	0.558	110	0.883	0.853	1.099E-30	111
4pou_2	6fuz_2	0.552	105	0.875	0.830	1.507E-30	111
4pou_2	4wen_2	0.575	106	0.883	0.833	1.004E-29	109
4pou_2	5m2j_2	0.566	106	0.883	0.817	1.889E-29	108
4pou_2	4eig_2	0.551	105	0.875	0.826	2.590E-29	108
4pou_2	4wem_2	0.566	106	0.883	0.833	4.873E-29	107
4pou_2	6j7w_1	0.537	106	0.883	0.828	2.963E-27	102
4pou_2	4x7f_2	0.558	107	0.867	1.000	5.089E-26	98
4pou_2	5l21_2	0.473	106	0.883	0.815	1.500E-23	91
4pou_2	5j57_2	0.518	109	0.808	0.879	2.820E-23	90
4u30_2	4u30_2	1.000	54	1.000	1.000	7.725E-38	128
4u30_2	5c67_2	0.522	44	0.815	0.830	2.776E-13	58
4u30_2	6har_2	0.522	44	0.815	0.815	2.776E-13	58
4u30_2	4u32_1	0.434	46	0.852	0.852	1.278E-11	53
4u30_2	3p92_2	0.416	48	0.889	0.828	2.126E-09	47
4u30_2	3p95_2	0.416	48	0.889	0.828	2.126E-09	47
4u30_2	2ra3_2	0.395	48	0.889	0.857	5.552E-09	46
4u30_2	1f7z_2	0.395	48	0.889	0.857	5.552E-09	46
4u30_2	1fy8_2	0.395	48	0.889	0.857	5.552E-09	46
4u30_2	1eaw_2	0.395	48	0.889	0.857	5.552E-09	46
4u30_2	3tgk_2	0.395	48	0.889	0.857	5.552E-09	46
4u30_2	1f5r_2	0.395	48	0.889	0.842	5.552E-09	46
4u30_2	2ftl_2	0.395	48	0.889	0.828	5.552E-09	46
4u30_2	2ptc_2	0.395	48	0.889	0.828	5.552E-09	46
4u30_2	2tgp_2	0.395	48	0.889	0.828	5.552E-09	46
4u30_2	3fp6_2	0.395	48	0.889	0.828	5.552E-09	46
4u30_2	2r9p_2	0.395	48	0.889	0.828	5.552E-09	46
4u30_2	6bx8_2	0.431	44	0.815	0.824	7.196E-08	42
4u30_2	2ftm_2	0.375	48	0.889	0.828	1.366E-07	42
4x7e_2	4x7e_2	1.000	119	1.000	1.000	8.089E-77	244
4x7e_2	1zvh_2	0.696	122	0.983	1.000	8.365E-46	155
4x7e_2	6h16_2	0.720	98	0.824	0.831	4.069E-38	133
4x7e_2	5imk_1	0.682	104	0.824	0.846	5.582E-38	132
4x7e_2	5imm_1	0.682	104	0.824	0.839	5.582E-38	132
4x7e_2	6gjq_2	0.595	121	0.824	1.000	1.317E-36	128
4x7e_2	5omn_2	0.693	97	0.815	0.820	2.478E-36	128
4x7e_2	4pou_2	0.619	120	0.950	1.000	6.395E-36	126
4x7e_2	4w6x_2	0.647	104	0.824	0.839	1.203E-35	126
4x7e_2	2p49_2	0.670	100	0.824	0.826	1.651E-35	125
4x7e_2	3eba_1	0.635	105	0.874	0.890	4.260E-35	124
4x7e_2	5lhn_2	0.603	112	0.824	0.830	4.260E-35	124
4x7e_2	5hvf_2	0.618	117	0.815	1.000	8.016E-35	123
4x7e_2	4wen_2	0.670	100	0.824	0.833	8.016E-35	123
4x7e_2	1g6v_2	0.650	105	0.824	0.840	8.016E-35	123
4x7e_2	2p4a_2	0.660	100	0.824	0.833	1.100E-34	123
4x7e_2	3qsk_2	0.660	100	0.824	0.833	1.100E-34	123
4x7e_2	6her_2	0.669	103	0.824	0.837	1.508E-34	123
4x7e_2	4eig_2	0.653	97	0.815	0.826	1.005E-33	120
4x7e_2	3zkq_2	0.607	112	0.832	0.991	1.378E-33	120
4x7e_2	5m2j_2	0.673	98	0.824	0.817	1.378E-33	120
4x7e_2	1op9_2	0.643	99	0.815	0.839	1.891E-33	119
4x7e_2	6f2g_2	0.576	125	0.832	0.954	2.370E-32	116
4x7e_2	4wem_2	0.620	100	0.824	0.833	4.460E-32	115
4x7e_2	6fuz_2	0.636	97	0.815	0.830	6.117E-32	115
4x7e_2	4ksd_2	0.584	118	0.824	1.000	6.117E-32	115
4x7e_2	6cwg_2	0.527	127	0.824	1.000	2.166E-31	113
4x7e_2	4i0c_2	0.592	106	0.832	0.841	7.667E-31	112
4x7e_2	4hep_2	0.600	110	0.824	0.853	1.052E-30	111
4x7e_2	6fv0_2	0.575	113	0.815	1.000	2.714E-30	110
4x7e_2	4w6w_2	0.596	104	0.824	0.839	3.723E-30	110
4x7e_2	5o2u_2	0.575	113	0.824	0.983	3.401E-29	107
4x7e_2	6j7w_1	0.620	98	0.824	0.828	1.204E-28	106
4x7e_2	1ri8_2	0.524	124	0.824	1.000	1.651E-28	105
4x7e_2	5m2m_2	0.535	127	0.824	1.000	1.004E-26	100
4x7e_2	5l21_2	0.518	98	0.824	0.815	1.258E-25	97
4x7e_2	6jb2_1	0.536	106	0.824	0.841	1.149E-24	94
4x7e_2	4x7f_2	0.536	107	0.807	1.000	2.963E-24	93
4yj4_2	4yj4_2	1.000	17	1.000	1.000	6.475E-09	43
4yj4_2	3kz0_2	0.444	18	0.824	0.900	3.888E+01	15
1yrt_2	1yrt_2	1.000	22	1.000	1.000	1.010E-10	48
1yrt_2	1yru_2	1.000	22	1.000	1.000	1.010E-10	48
2a24_2	2a24_2	1.000	108	1.000	1.000	2.396E-73	233
2a24_2	3f1p_2	0.981	109	1.000	0.991	3.761E-71	227
2a24_2	4h6j_2	0.963	110	0.991	0.991	2.504E-70	225
2a24_2	2a24_1	0.343	102	0.944	0.925	9.087E-17	71
2c1m_2	2c1m_2	1.000	46	1.000	1.000	1.489E-23	87
2ftm_2	2ftm_2	1.000	58	1.000	1.000	3.449E-41	138
2ftm_2	2ftl_2	0.982	58	1.000	1.000	5.970E-40	134
2ftm_2	2ptc_2	0.982	58	1.000	1.000	5.970E-40	134
2ftm_2	2tgp_2	0.982	58	1.000	1.000	5.970E-40	134
2ftm_2	3fp6_2	0.982	58	1.000	1.000	5.970E-40	134
2ftm_2	2r9p_2	0.982	58	1.000	1.000	5.970E-40	134
2ftm_2	1f5r_2	0.982	57	0.983	1.000	2.120E-39	133
2ftm_2	3p92_2	0.948	58	1.000	1.000	1.419E-38	130
2ftm_2	3p95_2	0.948	58	1.000	1.000	1.419E-38	130
2ftm_2	2ra3_2	0.964	56	0.948	1.000	3.101E-36	124
2ftm_2	1f7z_2	0.964	56	0.948	1.000	3.101E-36	124
2ftm_2	1fy8_2	0.964	56	0.948	1.000	3.101E-36	124
2ftm_2	1eaw_2	0.964	56	0.948	1.000	3.101E-36	124
2ftm_2	3tgk_2	0.964	56	0.948	1.000	3.101E-36	124
2ftm_2	4u32_1	0.433	53	0.914	0.981	1.927E-14	61
2ftm_2	6gfi_2	0.433	53	0.914	0.946	3.645E-14	61
2ftm_2	5c67_2	0.433	53	0.914	1.000	6.896E-14	60
2ftm_2	1zjd_2	0.433	53	0.914	0.930	6.896E-14	60
2ftm_2	6har_2	0.415	53	0.914	0.981	4.671E-13	57
2ftm_2	1zr0_2	0.403	52	0.897	0.825	5.996E-12	54
2ftm_2	1yc0_2	0.339	53	0.914	0.803	1.562E-11	53
2ftm_2	4u30_2	0.375	48	0.828	0.889	4.619E-08	43
2hqw_2	2hqw_2	1.000	22	1.000	1.000	1.141E-07	40
4giq_2	4giq_2	1.000	164	1.000	1.000	4.860E-123	380
4giq_2	3me2_2	0.993	165	1.000	0.994	1.564E-121	376
4giq_2	5bnq_2	0.993	165	1.000	0.994	1.564E-121	376
4giq_2	2hev_2	0.326	149	0.909	0.850	1.627E-17	76
4hrl_2	4hrl_2	1.000	101	1.000	1.000	2.330E-66	213
4js0_2	4js0_2	1.000	28	1.000	1.000	4.949E-14	58
4kvg_2	4kvg_2	1.000	247	1.000	1.000	6.605E-171	523
4nqw_2	4nqw_2	1.000	73	1.000	1.000	3.601E-40	136
6fud_2	6fud_2	1.000	81	1.000	1.000	4.226E-59	191
6fud_2	6fub_1	0.849	93	1.000	1.000	1.980E-54	177
6bx8_1	6bx8_1	1.000	196	1.000	1.000	3.272E-136	420
6ejm_1	6ejm_1	1.000	91	1.000	1.000	1.796E-58	190
6fuz_1	6fuz_1	1.000	267	1.000	1.000	1.289E-177	543
6har_1	6har_1	1.000	224	1.000	1.000	1.505E-157	483
6har_1	2r9p_1	1.000	224	1.000	1.000	1.505E-157	483
6har_1	3p92_1	0.995	224	1.000	1.000	1.706E-155	477
6har_1	3p95_1	0.995	224	1.000	1.000	1.706E-155	477
6har_1	3l33_1	0.995	224	1.000	1.000	1.706E-155	477
6har_1	6gfi_1	0.995	224	1.000	1.000	1.706E-155	477
6har_1	5c67_1	0.991	224	1.000	1.000	2.651E-153	471
6har_1	4u32_2	0.973	224	0.973	1.000	4.120E-151	464
6har_1	4u30_1	0.973	223	0.969	1.000	1.454E-150	463
6har_1	2ra3_1	0.870	224	1.000	1.000	1.356E-136	422
6har_1	1ldt_1	0.781	224	1.000	1.000	3.243E-122	381
6har_1	1eja_1	0.781	224	1.000	1.000	3.243E-122	381
6har_1	3fp6_1	0.767	224	1.000	1.000	1.954E-120	376
6har_1	1d6r_1	0.718	224	1.000	1.000	6.628E-113	354
6har_1	1smf_1	0.718	224	1.000	1.000	6.628E-113	354
6har_1	2uuy_1	0.718	224	1.000	1.000	6.628E-113	354
6har_1	2xtt_2	0.718	224	1.000	1.000	6.628E-113	354
6har_1	6dwh_1	0.718	224	1.000	1.000	6.628E-113	354
6har_1	1c9t_1	0.695	223	0.969	1.000	4.101E-108	340
6har_1	4aoq_1	0.695	223	0.969	1.000	4.101E-108	340
6har_1	1ppe_1	0.695	223	0.969	1.000	4.101E-108	340
6har_1	2ptc_1	0.695	223	0.969	1.000	4.101E-108	340
6har_1	2tgp_1	0.695	223	0.969	1.000	4.101E-108	340
6har_1	1g9i_1	0.695	223	0.969	1.000	4.101E-108	340
6har_1	2g81_1	0.695	223	0.969	1.000	4.101E-108	340
6har_1	6dwf_1	0.695	223	0.969	1.000	4.101E-108	340
6har_1	4j2y_2	0.695	223	0.969	1.000	4.101E-108	340
6har_1	2ftm_1	0.690	223	0.969	1.000	1.983E-107	338
6har_1	6kbr_1	0.392	189	0.844	0.989	1.131E-39	143
6har_1	4ag2_1	0.330	210	0.929	0.942	1.058E-28	111
6har_1	4afq_1	0.321	216	0.929	0.977	1.516E-26	104
6iua_1	6iu7_1	1.000	413	1.000	1.000	8.079E-272	824
6iua_1	6iua_1	1.000	413	1.000	1.000	8.079E-272	824
6iua_1	3ukx_1	0.992	416	1.000	0.977	4.853E-270	818
6iua_1	1pjm_2	0.988	417	0.998	0.979	3.213E-269	816
6iua_1	3ul0_1	0.988	417	0.998	0.979	3.213E-269	816
6iua_1	6iwa_2	0.988	417	0.998	0.977	3.213E-269	816
6iua_1	3ukz_1	0.988	417	0.998	0.977	3.213E-269	816
6iua_1	6bw9_1	0.529	412	0.998	0.964	5.636E-139	440
1ppe_2	1ppe_2	1.000	29	1.000	1.000	3.721E-18	70
1ry7_2	1ry7_2	1.000	198	1.000	1.000	2.105E-137	423
1ry7_2	3ojm_2	0.471	205	0.980	0.995	1.080E-48	168
1tdq_2	1tdq_2	1.000	126	1.000	1.000	2.515E-95	298
1ul1_2	1ul1_2	1.000	226	1.000	1.000	2.328E-144	445
4g01_1	4g01_1	1.000	237	1.000	1.000	2.611E-153	471
6im9_1	6im9_1	1.000	490	1.000	1.000	0.000E+00	1022
6jb2_1	6jb2_1	1.000	126	1.000	1.000	2.697E-82	260
6jb2_1	5imk_1	0.674	125	0.992	1.000	1.010E-47	161
6jb2_1	1op9_2	0.674	125	0.992	1.000	1.735E-46	157
6jb2_1	5imm_1	0.677	125	0.992	1.000	3.265E-46	156
6jb2_1	2p4a_2	0.664	125	0.992	0.992	1.155E-45	155
6jb2_1	1g6v_2	0.682	125	0.992	0.992	1.585E-45	154
6jb2_1	6h16_2	0.634	126	1.000	1.000	2.981E-45	154
6jb2_1	3qsk_2	0.656	125	0.992	0.992	2.981E-45	154
6jb2_1	4w6w_2	0.674	125	0.992	1.000	4.088E-45	153
6jb2_1	2p49_2	0.650	125	0.992	0.992	1.055E-44	152
6jb2_1	4i0c_2	0.640	126	0.992	1.000	2.722E-44	151
6jb2_1	4w6x_2	0.637	125	0.992	0.992	7.022E-44	150
6jb2_1	6her_2	0.600	125	0.992	0.992	5.854E-42	144
6jb2_1	4wen_2	0.600	125	0.992	0.992	4.455E-39	136
6jb2_1	4hep_2	0.575	129	0.992	1.000	6.110E-39	136
6jb2_1	5u4m_2	0.581	125	0.992	0.992	2.162E-38	134
6jb2_1	4wem_2	0.576	125	0.992	0.992	2.965E-38	134
6jb2_1	5lhn_2	0.566	134	0.992	0.993	2.965E-38	134
6jb2_1	4eig_2	0.595	125	0.992	0.991	1.439E-37	132
6jb2_1	3eba_1	0.603	125	0.992	0.924	1.974E-37	131
6jb2_1	6j7w_1	0.555	126	1.000	1.000	3.389E-36	128
6jb2_1	4w6y_2	0.568	125	0.992	0.964	8.744E-36	126
6jb2_1	4pou_2	0.584	106	0.841	0.883	8.744E-36	126
6jb2_1	1zvh_2	0.594	105	0.833	0.836	1.645E-35	126
6jb2_1	5m2j_2	0.587	125	0.992	0.991	7.981E-35	124
6jb2_1	5omn_2	0.552	125	0.992	0.991	1.095E-34	123
6jb2_1	6fuz_2	0.576	125	0.992	1.000	7.284E-34	121
6jb2_1	5l21_2	0.503	125	0.992	0.992	6.647E-33	118
6jb2_1	5jds_1	0.536	125	0.992	0.827	6.647E-33	118
6jb2_1	4ksd_2	0.533	118	0.841	1.000	4.422E-32	116
6jb2_1	1ri8_2	0.536	125	0.992	0.839	2.145E-31	114
6jb2_1	5m2m_2	0.496	127	0.841	1.000	2.942E-31	113
6jb2_1	5hvf_2	0.529	117	0.833	1.000	2.684E-30	111
6jb2_1	6cwg_2	0.492	124	0.984	0.811	1.785E-29	108
6jb2_1	3zkq_2	0.496	125	0.992	0.841	6.314E-29	107
6jb2_1	6gjq_2	0.483	121	0.841	1.000	6.314E-29	107
6jb2_1	4z9k_2	0.512	125	0.992	0.906	1.485E-27	103
6jb2_1	6fv0_2	0.480	125	0.992	0.841	9.869E-27	100
6jb2_1	5ip4_1	0.480	125	0.992	0.853	1.353E-26	100
6jb2_1	4x7e_2	0.547	106	0.841	0.824	3.179E-25	96
6jb2_1	5o2u_2	0.487	113	0.841	0.983	8.195E-25	95
6jb2_1	4x7f_2	0.484	126	1.000	0.850	7.464E-24	92
6jb2_1	2ij0_2	0.302	107	0.849	0.847	5.110E-08	46
6mm6_1	6mm6_1	1.000	320	1.000	1.000	2.759E-218	664
6mm6_1	2gng_1	0.824	335	1.000	0.991	4.417E-187	574
6ov2_1	6ov2_1	1.000	158	1.000	1.000	4.415E-98	308
1buh_2	1buh_2	1.000	70	1.000	1.000	1.463E-46	154
1y6n_2	1y6n_2	1.000	195	1.000	1.000	1.003E-134	415
1y6n_2	1j7v_2	0.941	205	0.990	1.000	4.153E-129	399
1y6n_2	1y6m_2	0.941	204	0.985	1.000	3.779E-128	396
1zli_2	1zli_2	1.000	74	1.000	1.000	5.685E-52	170
1zli_2	3osl_2	1.000	74	1.000	1.000	5.685E-52	170
1zli_2	3lms_2	1.000	74	1.000	1.000	5.685E-52	170
2b87_2	2b87_2	1.000	58	1.000	1.000	9.323E-34	117
2b87_2	1h0t_2	0.775	58	1.000	1.000	9.885E-23	85
2b87_2	2m5a_2	0.793	58	1.000	0.983	1.358E-22	85
2b87_2	5u4y_2	0.745	55	0.948	0.964	2.195E-20	78
2f4m_2	2f4m_2	1.000	61	1.000	1.000	1.285E-35	122
6g04_1	6g04_1	1.000	147	1.000	1.000	1.151E-96	303
3ona_1	3ona_1	1.000	158	1.000	1.000	1.162E-104	327
3qlu_1	3qlu_1	1.000	372	1.000	1.000	1.707E-253	768
3sku_1	3sku_1	1.000	228	1.000	1.000	5.156E-158	484
3ujg_1	3ujg_1	1.000	290	1.000	1.000	1.893E-196	599
3w8h_1	3w8h_1	1.000	190	1.000	1.000	2.181E-118	368
3w8h_1	3w8i_1	0.973	187	0.984	1.000	2.404E-109	342
5uzu_1	5uzu_1	1.000	68	1.000	1.000	3.323E-42	141
5uzu_1	6azp_2	0.705	68	1.000	0.842	6.814E-24	89
5uzu_1	6bmt_2	0.530	66	0.971	0.929	1.507E-21	82
5w89_1	5w89_1	1.000	141	1.000	1.000	1.020E-91	288
5w89_1	3kz0_1	0.590	129	0.915	0.982	3.812E-37	131
5w89_1	4g35_1	0.425	131	0.929	0.976	1.099E-24	95
5xnp_1	5xnp_1	1.000	361	1.000	1.000	7.092E-247	749
5zqv_1	5zqv_1	1.000	294	1.000	1.000	9.008E-207	629
5zqv_1	5inb_1	0.972	286	0.973	1.000	1.004E-194	594
5zqv_1	5j28_1	0.972	286	0.973	1.000	1.004E-194	594
5zqv_1	3p71_2	0.476	290	0.986	0.924	1.460E-89	291
2omt_2	2omt_2	1.000	101	1.000	1.000	6.581E-67	214
2omt_2	2omy_2	0.811	101	1.000	1.000	6.996E-50	166
2omt_2	2omz_2	0.811	101	1.000	1.000	6.996E-50	166
2omt_2	2omv_2	0.801	101	1.000	0.988	6.402E-49	163
1efn_1	1efn_1	1.000	56	1.000	1.000	2.038E-36	124
1efn_1	5zau_1	0.929	57	0.982	1.000	2.534E-31	109
1efn_1	1avz_2	0.929	57	0.982	1.000	2.534E-31	109
1efn_1	4afq_2	0.793	58	0.982	1.000	2.936E-25	92
1efn_1	4ag2_2	0.758	58	0.964	1.000	1.046E-24	91
1efn_1	3reb_2	0.543	57	1.000	0.966	2.984E-17	69
1efn_1	1zsg_1	0.435	61	0.911	0.938	6.981E-11	51
1efn_1	2k7a_1	0.327	58	0.929	0.921	1.095E-07	42
1efn_1	2k79_1	0.327	58	0.929	0.921	1.095E-07	42
1efn_1	2mcn_1	0.333	51	0.911	0.877	2.864E-07	41
1efn_1	2k6d_1	0.320	52	0.857	0.839	1.347E-05	36
1gl0_1	1gl0_1	1.000	240	1.000	1.000	3.889E-159	488
1gl0_1	1zjd_1	0.388	233	0.917	0.983	1.521E-42	152
1gl0_1	1eaw_1	0.353	240	0.958	0.996	4.536E-38	139
1gl0_1	4nzl_1	0.316	230	0.958	0.986	6.286E-22	91
1gl0_1	1shy_1	0.304	213	0.863	0.934	1.139E-19	85
1jgn_1	1jgn_1	1.000	98	1.000	1.000	2.319E-57	187
1jgn_1	1jh4_1	1.000	98	1.000	1.000	2.319E-57	187
1lp1_1	1lp1_1	1.000	54	1.000	1.000	2.890E-30	106
1lp1_1	1h0t_1	0.929	57	0.981	0.983	1.200E-27	99
1lp1_1	2m5a_1	0.929	57	0.981	0.983	1.200E-27	99
1lp1_1	2b87_1	0.769	52	0.907	0.897	1.037E-17	70
1lp1_1	5djt_2	0.736	57	0.981	0.983	2.694E-17	69
1lp1_1	3mzw_2	0.716	53	0.981	0.925	3.704E-17	69
1lp1_1	1lp1_2	0.735	53	0.981	0.927	4.731E-16	66
1lp1_1	5dju_1	0.709	55	0.981	1.000	6.052E-15	63
1oyh_1	1oyh_1	1.000	389	1.000	1.000	1.301E-255	775
2qur_2	2qur_2	1.000	20	1.000	1.000	3.207E-10	47
2v3b_2	2v3b_2	1.000	53	1.000	1.000	1.898E-37	127
2vlq_2	2vlq_2	1.000	107	1.000	1.000	1.326E-67	217
2vlq_2	2vlo_2	0.953	107	1.000	0.990	4.103E-62	201
2vlq_2	2wpt_2	0.877	98	0.888	0.867	7.436E-51	169
2wp3_2	2wp3_2	1.000	86	1.000	1.000	6.331E-50	165
6j4o_1	6j4o_1	1.000	233	1.000	1.000	8.697E-161	493
3ixe_1	3ixe_1	1.000	166	1.000	1.000	3.475E-115	357
3ixe_1	6ne2_1	0.326	155	0.934	0.812	1.812E-20	84
3ixe_1	6ndz_2	0.335	155	0.934	0.810	2.476E-20	84
3l9j_1	3l9j_1	1.000	130	1.000	1.000	2.034E-94	295
3nvn_1	3nvn_1	1.000	381	1.000	1.000	1.140E-264	801
3osl_1	3osl_1	1.000	296	1.000	1.000	1.644E-208	634
3qsk_1	3qsk_1	1.000	119	1.000	1.000	3.763E-79	251
3qsk_1	2p44_1	0.957	119	0.958	1.000	2.727E-72	231
3qsk_1	2p49_1	0.940	117	0.933	0.983	2.489E-71	228
3qsk_1	2p4a_1	1.000	103	0.866	0.831	3.904E-69	222
3qsk_1	1dfj_1	1.000	103	0.866	0.831	3.904E-69	222
3qsk_1	2p42_1	1.000	103	0.866	0.831	3.904E-69	222
3qsk_1	2p43_1	1.000	103	0.866	0.831	3.904E-69	222
3qsk_1	2p45_1	1.000	103	0.866	0.831	3.904E-69	222
3qsk_1	2p48_1	1.000	103	0.866	0.831	3.904E-69	222
3qsk_1	4pou_1	0.906	118	0.899	0.983	6.123E-67	216
3qsk_1	2p47_1	0.804	123	0.832	1.000	1.377E-61	200
2uyz_1	2uyz_1	1.000	156	1.000	1.000	3.949E-108	336
2uyz_1	6d4p_1	0.324	154	0.987	1.000	9.416E-24	93
2uyz_1	5d1k_1	0.339	152	0.974	1.000	7.612E-22	88
2uyz_1	5d1l_1	0.339	152	0.974	1.000	7.612E-22	88
2uyz_1	4a49_2	0.339	152	0.974	1.000	7.612E-22	88
2uyz_1	5d1m_1	0.339	152	0.974	1.000	7.612E-22	88
2uyz_1	2fuh_1	0.339	152	0.974	1.000	1.950E-21	87
2uyz_1	3h8k_1	0.311	163	0.962	0.994	5.291E-16	71
2vlp_1	2vlp_1	1.000	77	1.000	1.000	1.804E-48	160
2vlp_1	2wpt_1	0.623	77	1.000	1.000	5.666E-28	101
2wp0_1	2wp0_1	1.000	180	1.000	1.000	1.858E-118	368
2xpx_1	2xpx_1	1.000	153	1.000	1.000	1.885E-105	329
1ldt_1	1ldt_1	1.000	223	1.000	1.000	1.113E-151	466
1ldt_1	1eja_1	1.000	223	1.000	1.000	1.113E-151	466
1ldt_1	1d6r_1	0.820	223	1.000	1.000	7.524E-128	397
1ldt_1	1smf_1	0.820	223	1.000	1.000	7.524E-128	397
1ldt_1	2uuy_1	0.820	223	1.000	1.000	7.524E-128	397
1ldt_1	2xtt_2	0.820	223	1.000	1.000	7.524E-128	397
1ldt_1	6dwh_1	0.820	223	1.000	1.000	7.524E-128	397
1ldt_1	3fp6_1	0.807	223	1.000	1.000	2.259E-122	381
1ldt_1	1c9t_1	0.793	223	0.973	1.000	2.814E-121	378
1ldt_1	4aoq_1	0.793	223	0.973	1.000	2.814E-121	378
1ldt_1	1ppe_1	0.793	223	0.973	1.000	2.814E-121	378
1ldt_1	2ptc_1	0.793	223	0.973	1.000	2.814E-121	378
1ldt_1	2tgp_1	0.793	223	0.973	1.000	2.814E-121	378
1ldt_1	1g9i_1	0.793	223	0.973	1.000	2.814E-121	378
1ldt_1	2g81_1	0.793	223	0.973	1.000	2.814E-121	378
1ldt_1	6dwf_1	0.793	223	0.973	1.000	2.814E-121	378
1ldt_1	4j2y_2	0.793	223	0.973	1.000	2.814E-121	378
1ldt_1	2ftm_1	0.789	223	0.973	1.000	1.361E-120	376
1ldt_1	3p92_1	0.784	223	1.000	1.000	3.505E-120	375
1ldt_1	3p95_1	0.784	223	1.000	1.000	3.505E-120	375
1ldt_1	3l33_1	0.784	223	1.000	1.000	3.505E-120	375
1ldt_1	6gfi_1	0.784	223	1.000	1.000	3.505E-120	375
1ldt_1	6har_1	0.781	224	1.000	1.000	1.124E-118	371
1ldt_1	2r9p_1	0.781	224	1.000	1.000	1.124E-118	371
1ldt_1	5c67_1	0.780	223	1.000	1.000	5.439E-118	369
1ldt_1	2ra3_1	0.776	224	1.000	1.000	1.400E-117	368
1ldt_1	4u32_2	0.754	224	0.978	1.000	9.549E-114	357
1ldt_1	4u30_1	0.757	223	0.973	1.000	1.309E-113	356
1ldt_1	6kbr_1	0.378	188	0.843	0.984	3.287E-35	130
1ldt_1	4ag2_1	0.346	206	0.906	0.924	2.286E-27	107
1ldt_1	4afq_1	0.337	209	0.892	0.946	8.246E-25	99
1lp1_2	1lp1_2	1.000	55	1.000	1.000	7.351E-33	114
1lp1_2	3mzw_2	0.727	55	1.000	1.000	1.745E-19	76
1lp1_2	1lp1_1	0.735	53	0.927	0.981	7.938E-18	71
1lp1_2	2b87_1	0.724	58	0.964	1.000	7.938E-18	71
1lp1_2	1h0t_1	0.689	58	0.945	1.000	2.836E-17	69
1lp1_2	2m5a_1	0.689	58	0.945	1.000	2.836E-17	69
1lp1_2	5djt_2	0.689	58	0.945	1.000	1.013E-16	68
1lp1_2	5dju_1	0.690	55	0.927	1.000	4.979E-16	66
1oyh_2	1oyh_2	1.000	361	1.000	1.000	1.125E-241	734
1q69_2	1q68_2	1.000	29	1.000	1.000	1.547E-19	74
1q69_2	1q69_2	1.000	29	1.000	1.000	1.547E-19	74
1syq_2	1syq_2	1.000	25	1.000	1.000	5.967E-10	46
1tm5_2	1tm5_2	1.000	64	1.000	1.000	3.634E-38	130
1tm5_2	1tm1_2	0.984	64	1.000	1.000	1.772E-37	128
1tm5_2	1y1k_2	0.968	64	1.000	1.000	8.640E-37	126
1tm5_2	1y33_2	0.968	64	1.000	1.000	1.186E-36	125
1tm5_2	1y34_2	0.968	64	1.000	1.000	1.186E-36	125
1tm5_2	1y3b_2	0.921	64	1.000	0.984	4.499E-33	115
1tm5_2	1tm4_2	0.686	64	1.000	1.000	8.996E-22	83
4cu4_2	4cu4_2	1.000	18	1.000	1.000	5.011E-09	43
4dzv_2	4dzv_2	1.000	23	1.000	1.000	2.175E-11	50
4dzv_2	3f50_1	1.000	23	1.000	0.958	2.175E-11	50
4dzv_2	3o43_2	1.000	23	1.000	0.920	2.175E-11	50
4dzv_2	3o40_2	0.653	26	1.000	0.929	1.942E-04	31
4fzv_2	4fzv_2	1.000	106	1.000	1.000	8.804E-64	206
4hcn_2	4hcn_2	1.000	64	1.000	1.000	4.989E-38	129
4hcn_2	3kw5_2	0.953	64	1.000	0.853	2.236E-36	124
4hcn_2	2k6d_2	0.953	64	1.000	0.842	2.236E-36	124
4hcn_2	2mur_2	0.909	66	0.984	0.846	6.716E-34	117
4hcn_2	1yd8_1	0.921	64	0.969	1.000	2.387E-33	116
4hcn_2	2dx5_2	0.921	64	0.969	1.000	2.387E-33	116
4hcn_2	2oob_2	0.921	64	0.969	0.889	2.387E-33	116
4hcn_2	5xiu_2	0.921	64	0.969	0.877	2.387E-33	116
4hcn_2	2hth_1	0.921	64	0.969	0.877	2.387E-33	116
4hcn_2	6dgf_2	0.890	64	1.000	0.865	6.178E-33	115
4hcn_2	4i6l_2	0.875	64	0.984	0.877	1.072E-31	111
4hcn_2	5v5h_2	0.875	64	1.000	0.984	3.509E-30	107
4hcn_2	5hpk_2	0.812	64	0.984	0.831	1.579E-28	102
4hcn_2	5hps_2	0.781	64	0.969	0.877	2.531E-26	96
4hcn_2	2knb_1	0.312	64	1.000	0.842	1.243E-08	45
3ajb_1	3ajb_1	1.000	279	1.000	1.000	2.266E-177	543
1l8c_1	1l8c_1	1.000	95	1.000	1.000	4.090E-65	209
1l8c_1	1r8u_2	0.930	100	0.979	1.000	1.108E-61	199
1l8c_1	2ka4_1	0.930	100	0.979	1.000	1.108E-61	199
1l8c_1	2lww_1	0.930	100	0.979	1.000	1.108E-61	199
1l8c_1	2mzd_1	0.336	89	0.937	0.956	7.941E-07	42
1l8c_1	2k8f_1	0.336	89	0.937	0.956	7.941E-07	42
1l8c_1	2ka6_1	0.329	90	0.947	0.870	2.049E-06	40
1op9_1	4i0c_1	1.000	130	1.000	1.000	3.981E-91	286
1op9_1	1op9_1	1.000	130	1.000	1.000	3.981E-91	286
1op9_1	6jb8_2	0.600	130	1.000	1.000	1.531E-53	178
1op9_1	1ri8_1	0.600	130	1.000	1.000	1.531E-53	178
1op9_1	4gla_1	0.600	130	1.000	1.000	1.531E-53	178
1op9_1	4gn4_1	0.600	130	1.000	1.000	1.531E-53	178
1op9_1	4cj2_1	0.600	130	1.000	1.000	1.531E-53	178
1op9_1	6jb2_2	0.600	130	1.000	1.000	1.531E-53	178
1op9_1	1dzb_2	0.584	130	1.000	1.000	1.917E-52	175
1op9_1	3m18_2	0.600	130	1.000	1.000	4.945E-52	173
1op9_1	1zvy_1	0.600	130	1.000	1.000	4.945E-52	173
1op9_1	1rjc_1	0.600	130	1.000	1.000	3.760E-49	165
1q5w_1	1q5w_1	1.000	31	1.000	1.000	9.888E-21	78
1sq0_1	1sq0_1	1.000	185	1.000	1.000	8.611E-115	357
1sq0_1	1m10_1	0.994	185	1.000	0.995	3.042E-114	356
1sq0_1	4c2a_1	0.978	184	0.995	0.911	8.900E-112	349
1tm3_1	1y1k_1	1.000	281	1.000	1.000	3.755E-178	546
1tm3_1	1y33_1	1.000	281	1.000	1.000	3.755E-178	546
1tm3_1	1y34_1	1.000	281	1.000	1.000	3.755E-178	546
1tm3_1	1y3b_1	1.000	281	1.000	1.000	3.755E-178	546
1tm3_1	1y3c_1	1.000	281	1.000	1.000	3.755E-178	546
1tm3_1	1tm1_1	1.000	281	1.000	1.000	3.755E-178	546
1tm3_1	1y3d_1	1.000	281	1.000	1.000	3.755E-178	546
1tm3_1	1tm3_1	1.000	281	1.000	1.000	3.755E-178	546
1tm3_1	1y48_1	1.000	281	1.000	1.000	3.755E-178	546
1tm3_1	1tm4_1	1.000	281	1.000	1.000	3.755E-178	546
1tm3_1	1tm5_1	1.000	281	1.000	1.000	3.755E-178	546
1tm3_1	1tm7_1	1.000	281	1.000	1.000	3.755E-178	546
1tm3_1	1to1_1	1.000	281	1.000	1.000	3.755E-178	546
1tm3_1	2sic_1	0.985	275	0.964	1.000	7.637E-169	519
1tm3_1	1y4a_1	0.985	275	0.964	1.000	7.637E-169	519
1tm3_1	2sni_1	0.981	275	0.964	1.000	1.966E-168	518
1tm3_1	1r0r_1	0.697	273	0.968	0.996	4.563E-112	355
1tm3_1	4gi3_1	0.693	273	0.968	0.996	8.564E-112	354
1tm3_1	3vv2_1	0.392	315	0.932	0.984	2.280E-49	173
5czf_2	5czf_2	1.000	90	1.000	1.000	4.825E-59	191
5eg3_2	5eg3_2	1.000	112	1.000	1.000	1.549E-73	234
5eg3_2	4je4_1	0.301	101	0.866	0.990	1.725E-11	56
5glh_2	5glh_2	1.000	21	1.000	1.000	3.920E-12	52
5inb_2	5inb_2	1.000	17	1.000	1.000	2.170E-07	38
6aaf_1	6aaf_1	1.000	111	1.000	1.000	1.026E-69	223
6aaf_1	5cx3_1	0.366	107	0.964	0.906	5.976E-18	74
1v18_1	1v18_1	1.000	505	1.000	1.000	0.000E+00	999
1v18_1	3ouw_1	0.940	503	0.996	0.948	3.029E-299	908
1v18_1	1th1_1	0.754	526	0.877	1.000	5.727E-242	743
1v18_1	3oux_1	0.732	462	0.889	0.937	7.094E-213	659
1x1w_1	1x1w_1	1.000	110	1.000	1.000	2.109E-74	237
1x1w_1	1b2u_1	0.990	110	1.000	1.000	1.405E-73	234
1x1w_1	1b3s_1	0.990	110	1.000	1.000	4.971E-73	233
1x1w_1	1x1u_1	0.990	110	1.000	1.000	2.413E-72	231
1x1w_1	1x1x_1	0.990	110	1.000	1.000	2.413E-72	231
1x1w_1	1x1y_1	0.972	110	1.000	0.991	1.070E-70	226
1x1w_1	2za4_1	0.963	110	1.000	0.991	7.127E-70	224
1y48_1	1y1k_1	1.000	281	1.000	1.000	3.755E-178	546
1y48_1	1y33_1	1.000	281	1.000	1.000	3.755E-178	546
1y48_1	1y34_1	1.000	281	1.000	1.000	3.755E-178	546
1y48_1	1y3b_1	1.000	281	1.000	1.000	3.755E-178	546
1y48_1	1y3c_1	1.000	281	1.000	1.000	3.755E-178	546
1y48_1	1tm1_1	1.000	281	1.000	1.000	3.755E-178	546
1y48_1	1y3d_1	1.000	281	1.000	1.000	3.755E-178	546
1y48_1	1tm3_1	1.000	281	1.000	1.000	3.755E-178	546
1y48_1	1y48_1	1.000	281	1.000	1.000	3.755E-178	546
1y48_1	1tm4_1	1.000	281	1.000	1.000	3.755E-178	546
1y48_1	1tm5_1	1.000	281	1.000	1.000	3.755E-178	546
1y48_1	1tm7_1	1.000	281	1.000	1.000	3.755E-178	546
1y48_1	1to1_1	1.000	281	1.000	1.000	3.755E-178	546
1y48_1	2sic_1	0.985	275	0.964	1.000	7.637E-169	519
1y48_1	1y4a_1	0.985	275	0.964	1.000	7.637E-169	519
1y48_1	2sni_1	0.981	275	0.964	1.000	1.966E-168	518
1y48_1	1r0r_1	0.697	273	0.968	0.996	4.563E-112	355
1y48_1	4gi3_1	0.693	273	0.968	0.996	8.564E-112	354
1y48_1	3vv2_1	0.392	315	0.932	0.984	2.280E-49	173
1zc3_1	1zc3_1	1.000	172	1.000	1.000	3.298E-108	338
1zc3_1	1zc4_1	0.994	173	1.000	1.000	1.061E-106	333
1zc3_1	5xco_1	0.537	162	0.942	0.935	1.139E-50	172
1zc3_1	5tar_1	0.494	181	0.942	0.984	7.543E-50	169
1zc3_1	1he8_2	0.524	162	0.942	0.922	3.308E-48	165
1zc3_1	5szk_2	0.366	152	0.884	0.815	3.140E-23	93
1zc3_1	5fr1_1	0.339	161	0.866	0.875	1.968E-19	81
1zc3_1	2fju_1	0.325	158	0.866	0.893	3.246E-18	78
1zc3_1	4js0_1	0.343	157	0.855	0.882	2.518E-16	72
1zc3_1	1grn_1	0.308	175	0.855	0.916	1.188E-15	70
1zc3_1	1e96_1	0.326	149	0.866	0.885	2.208E-15	70
1zc3_1	4d0n_1	0.328	149	0.866	0.879	5.591E-15	68
2arp_1	2arp_1	1.000	104	1.000	1.000	5.312E-70	224
2lww_1	1r8u_2	1.000	100	1.000	1.000	1.029E-68	220
2lww_1	2ka4_1	1.000	100	1.000	1.000	1.029E-68	220
2lww_1	2lww_1	1.000	100	1.000	1.000	1.029E-68	220
2lww_1	1l8c_1	0.930	100	1.000	0.979	1.416E-61	199
2lww_1	2mzd_1	0.323	93	0.930	0.922	2.210E-05	38
2lww_1	2k8f_1	0.323	93	0.930	0.922	2.210E-05	38
2lww_1	2ka6_1	0.316	94	0.940	0.837	3.726E-04	34
2mp0_1	2mp0_1	1.000	249	1.000	1.000	9.760E-151	465
2omt_1	2omt_1	1.000	452	1.000	1.000	4.980E-284	861
2omt_1	2omu_1	0.995	452	0.998	0.978	1.309E-280	851
2omt_1	2omw_1	0.991	452	1.000	1.000	6.323E-280	849
2p45_1	2p4a_1	1.000	124	1.000	1.000	3.063E-81	257
2p45_1	1dfj_1	1.000	124	1.000	1.000	3.063E-81	257
2p45_1	2p42_1	1.000	124	1.000	1.000	3.063E-81	257
2p45_1	2p43_1	1.000	124	1.000	1.000	3.063E-81	257
2p45_1	2p45_1	1.000	124	1.000	1.000	3.063E-81	257
2p45_1	2p48_1	1.000	124	1.000	1.000	3.063E-81	257
2p45_1	2p49_1	1.000	103	0.831	0.866	6.810E-69	222
2p45_1	3qsk_1	1.000	103	0.831	0.866	6.810E-69	222
2p45_1	2p47_1	0.886	123	0.992	0.886	7.783E-67	216
2mro_1	2k8b_1	1.000	76	1.000	1.000	3.726E-46	153
2mro_1	4msm_2	1.000	76	1.000	1.000	3.726E-46	153
2mro_1	2k8c_1	1.000	76	1.000	1.000	3.726E-46	153
2mro_1	2kwu_2	1.000	76	1.000	1.000	3.726E-46	153
2mro_1	2kwv_2	1.000	76	1.000	1.000	3.726E-46	153
2mro_1	2mbb_2	1.000	76	1.000	1.000	3.726E-46	153
2mro_1	4pqt_2	1.000	76	1.000	1.000	3.726E-46	153
2mro_1	5vzm_1	1.000	76	1.000	1.000	3.726E-46	153
2mro_1	2fuh_2	1.000	76	1.000	1.000	3.726E-46	153
2mro_1	2mcn_2	1.000	76	1.000	1.000	3.726E-46	153
2mro_1	2jy6_1	1.000	76	1.000	1.000	3.726E-46	153
2mro_1	1wrd_2	1.000	76	1.000	1.000	3.726E-46	153
2mro_1	1yx5_2	1.000	76	1.000	1.000	3.726E-46	153
2mro_1	2l0f_1	1.000	76	1.000	1.000	3.726E-46	153
2mro_1	1yx6_2	1.000	76	1.000	1.000	3.726E-46	153
2mro_1	2den_2	1.000	76	1.000	1.000	3.726E-46	153
2mro_1	2l0t_1	1.000	76	1.000	1.000	3.726E-46	153
2mro_1	2mj5_1	1.000	76	1.000	1.000	3.726E-46	153
2mro_1	4k1r_2	1.000	76	1.000	1.000	3.726E-46	153
2mro_1	2lvo_1	1.000	76	1.000	1.000	3.726E-46	153
2mro_1	1q5w_2	1.000	76	1.000	1.000	3.726E-46	153
2mro_1	2g45_2	1.000	76	1.000	1.000	3.726E-46	153
2mro_1	4m0w_2	1.000	76	1.000	1.000	3.726E-46	153
2mro_1	2mre_1	1.000	76	1.000	1.000	3.726E-46	153
2mro_1	2mro_1	1.000	76	1.000	1.000	3.726E-46	153
2mro_1	2ktf_1	1.000	76	1.000	1.000	3.726E-46	153
2mro_1	2lz6_1	1.000	76	1.000	1.000	3.726E-46	153
2mro_1	1zgu_2	0.986	76	1.000	1.000	9.631E-46	152
2mro_1	2jt4_2	0.960	76	1.000	1.000	3.133E-44	148
2mro_1	1wr1_1	0.960	76	1.000	1.000	3.133E-44	148
2mro_1	1q0w_2	0.960	76	1.000	1.000	3.133E-44	148
2mro_1	1otr_2	0.960	76	1.000	1.000	3.133E-44	148
2mro_1	2c7m_2	0.842	76	1.000	1.000	7.064E-35	121
2mro_1	6d4p_2	0.789	76	1.000	0.958	1.420E-31	111
2mro_1	5v69_2	0.843	64	0.803	0.985	4.270E-29	104
2mro_1	4hcp_2	0.500	76	1.000	0.945	1.894E-19	77
2mro_1	1p9d_1	0.328	73	0.961	0.859	2.137E-08	45
2mro_1	5tl7_1	0.301	73	0.961	0.908	9.796E-07	40
6gum_1	6gum_1	1.000	155	1.000	1.000	2.325E-113	351
6gum_1	2px9_2	0.664	152	0.974	0.962	5.308E-71	229
6ihb_1	6ihb_1	1.000	84	1.000	1.000	1.928E-52	172
6j9h_1	6j9h_1	1.000	29	1.000	1.000	4.555E-12	53
6mkz_1	6mkz_1	1.000	148	1.000	1.000	4.112E-99	310
6osw_1	6osw_1	1.000	53	1.000	1.000	5.619E-31	108
4zgq_2	4zgq_2	1.000	102	1.000	1.000	2.045E-64	207
5b76_2	5b76_2	1.000	24	1.000	1.000	9.977E-09	43
5b76_2	5b77_2	1.000	24	1.000	1.000	9.977E-09	43
5d1m_2	5d1m_2	1.000	110	1.000	1.000	3.023E-71	228
5d1m_2	5d1k_2	0.972	110	1.000	1.000	5.433E-67	215
5eql_2	5eql_2	1.000	76	1.000	1.000	6.084E-48	158
5eql_2	5tvq_2	0.986	75	0.974	1.000	3.416E-45	151
5eql_2	5elu_2	0.973	76	1.000	0.987	1.212E-44	149
5eql_2	2uyz_2	0.473	76	1.000	0.949	1.750E-18	74
5eql_2	2iy1_2	0.460	76	1.000	0.831	2.223E-17	71
5eql_2	3a4s_2	0.315	73	0.947	0.986	3.764E-07	42
2ot3_2	2ot3_2	1.000	134	1.000	1.000	1.950E-88	278
2pon_2	2pon_2	1.000	156	1.000	1.000	2.479E-103	323
2pon_2	1g5j_1	0.961	156	1.000	0.874	5.013E-97	304
2pon_2	2m04_1	0.948	156	1.000	0.865	4.161E-95	299
2pon_2	4bpk_1	0.832	155	0.994	0.942	4.547E-79	253
2pon_2	2yq7_1	0.826	156	1.000	0.936	4.547E-79	253
2pon_2	5vx3_1	0.826	156	1.000	0.936	4.547E-79	253
2pon_2	3r85_1	0.807	156	1.000	0.921	7.095E-77	246
2pon_2	4k5a_1	0.503	156	1.000	0.945	6.031E-45	154
2roz_2	2roz_2	1.000	136	1.000	1.000	2.946E-88	278
2v9t_2	2v9t_2	1.000	210	1.000	1.000	1.023E-140	434
2wd5_2	2wd5_2	1.000	191	1.000	1.000	1.513E-127	394
3u8x_1	3u8x_1	1.000	357	1.000	1.000	5.472E-243	737
3u8x_1	3u9d_1	1.000	357	1.000	1.000	5.472E-243	737
3u8x_1	3sjh_1	1.000	357	1.000	1.000	5.472E-243	737
3u8x_1	1t44_2	0.977	354	0.992	0.989	1.713E-231	704
3u8x_1	4b1y_1	0.961	360	0.989	0.989	2.347E-231	704
3u8x_1	3u9z_1	0.952	357	1.000	0.952	2.464E-225	686
3u8x_1	4b1x_1	0.943	355	0.994	0.950	2.290E-221	675
3u8x_1	1h1v_1	0.938	356	0.997	0.989	1.133E-217	664
3u8x_1	2v51_1	0.902	355	0.994	1.000	5.474E-217	662
3u8x_1	4b1v_1	0.887	353	0.989	0.941	9.064E-206	630
3u8x_1	2v52_1	0.880	353	0.989	0.939	1.702E-205	629
3u8x_1	2btf_1	0.731	357	1.000	0.952	9.733E-181	557
3vpj_1	3vpj_1	1.000	146	1.000	1.000	3.403E-98	307
3zrz_1	3zrz_1	1.000	89	1.000	1.000	1.286E-66	213
3zrz_1	1o9a_1	0.647	84	0.944	0.882	1.989E-35	123
4apx_1	4apx_1	1.000	208	1.000	1.000	6.371E-137	422
4c5g_1	4c5g_1	1.000	413	1.000	1.000	1.347E-299	904
1veu_2	1veu_2	1.000	98	1.000	1.000	3.625E-62	201
1x1y_2	1x1y_2	1.000	89	1.000	1.000	2.947E-54	177
1x1y_2	1ay7_2	0.966	89	1.000	1.000	2.470E-52	172
1x1y_2	3da7_1	0.965	88	0.989	1.000	8.754E-52	170
1x1y_2	1b2u_2	0.955	90	0.989	1.000	5.842E-51	168
1x1y_2	1x1w_2	0.966	89	0.989	1.000	1.509E-50	167
1x1y_2	1x1x_2	0.965	88	0.978	1.000	5.349E-50	165
1x1y_2	1b3s_2	0.933	90	0.989	1.000	1.382E-49	164
1x1y_2	1b2s_2	0.933	90	0.989	1.000	1.896E-49	164
1x1y_2	2za4_2	0.727	87	0.843	1.000	5.016E-31	111
1x1y_2	1brs_2	0.411	81	0.910	0.819	2.664E-08	46
1y4d_2	1y4d_2	1.000	45	1.000	1.000	1.028E-23	87
1zgu_2	1zgu_2	1.000	76	1.000	1.000	5.113E-46	153
1zgu_2	2k8b_1	0.986	76	1.000	1.000	1.322E-45	152
1zgu_2	4msm_2	0.986	76	1.000	1.000	1.322E-45	152
1zgu_2	2k8c_1	0.986	76	1.000	1.000	1.322E-45	152
1zgu_2	2kwu_2	0.986	76	1.000	1.000	1.322E-45	152
1zgu_2	2kwv_2	0.986	76	1.000	1.000	1.322E-45	152
1zgu_2	2mbb_2	0.986	76	1.000	1.000	1.322E-45	152
1zgu_2	4pqt_2	0.986	76	1.000	1.000	1.322E-45	152
1zgu_2	5vzm_1	0.986	76	1.000	1.000	1.322E-45	152
1zgu_2	2fuh_2	0.986	76	1.000	1.000	1.322E-45	152
1zgu_2	2mcn_2	0.986	76	1.000	1.000	1.322E-45	152
1zgu_2	2jy6_1	0.986	76	1.000	1.000	1.322E-45	152
1zgu_2	1wrd_2	0.986	76	1.000	1.000	1.322E-45	152
1zgu_2	1yx5_2	0.986	76	1.000	1.000	1.322E-45	152
1zgu_2	2l0f_1	0.986	76	1.000	1.000	1.322E-45	152
1zgu_2	1yx6_2	0.986	76	1.000	1.000	1.322E-45	152
1zgu_2	2den_2	0.986	76	1.000	1.000	1.322E-45	152
1zgu_2	2l0t_1	0.986	76	1.000	1.000	1.322E-45	152
1zgu_2	2mj5_1	0.986	76	1.000	1.000	1.322E-45	152
1zgu_2	4k1r_2	0.986	76	1.000	1.000	1.322E-45	152
1zgu_2	2lvo_1	0.986	76	1.000	1.000	1.322E-45	152
1zgu_2	1q5w_2	0.986	76	1.000	1.000	1.322E-45	152
1zgu_2	2g45_2	0.986	76	1.000	1.000	1.322E-45	152
1zgu_2	4m0w_2	0.986	76	1.000	1.000	1.322E-45	152
1zgu_2	2mre_1	0.986	76	1.000	1.000	1.322E-45	152
1zgu_2	2mro_1	0.986	76	1.000	1.000	1.322E-45	152
1zgu_2	2ktf_1	0.986	76	1.000	1.000	1.322E-45	152
1zgu_2	2lz6_1	0.986	76	1.000	1.000	1.322E-45	152
1zgu_2	2jt4_2	0.947	76	1.000	1.000	1.112E-43	146
1zgu_2	1wr1_1	0.947	76	1.000	1.000	1.112E-43	146
1zgu_2	1q0w_2	0.947	76	1.000	1.000	1.112E-43	146
1zgu_2	1otr_2	0.947	76	1.000	1.000	1.112E-43	146
1zgu_2	2c7m_2	0.828	76	1.000	1.000	2.509E-34	119
1zgu_2	6d4p_2	0.776	76	1.000	0.958	5.045E-31	110
1zgu_2	5v69_2	0.843	64	0.803	0.985	5.863E-29	104
1zgu_2	4hcp_2	0.486	76	1.000	0.945	6.747E-19	75
1zgu_2	1p9d_1	0.315	73	0.961	0.859	7.646E-08	44
1zgu_2	5tl7_1	0.315	73	0.961	0.908	5.177E-07	41
2b12_2	2b12_2	1.000	103	1.000	1.000	7.592E-71	226
2b12_2	2b0z_2	0.990	103	1.000	1.000	9.515E-70	223
3k75_2	3k75_2	1.000	243	1.000	1.000	9.896E-164	502
3lms_2	1zli_2	1.000	74	1.000	1.000	5.685E-52	170
3lms_2	3osl_2	1.000	74	1.000	1.000	5.685E-52	170
3lms_2	3lms_2	1.000	74	1.000	1.000	5.685E-52	170
3o34_2	3o34_2	1.000	11	1.000	1.000	2.628E-02	23
3ouw_2	3ouw_2	1.000	13	1.000	1.000	4.547E-03	26
3ouw_2	3oux_2	0.687	16	0.846	1.000	3.582E+00	18
3r4d_2	3r4d_2	1.000	221	1.000	1.000	5.741E-156	478
3gni_1	3gni_1	1.000	305	1.000	1.000	5.113E-199	607
2p45_2	2p45_2	1.000	115	1.000	1.000	3.095E-79	251
2p45_2	2p46_2	0.991	116	1.000	1.000	9.999E-78	246
2p45_2	2p47_2	0.991	116	1.000	1.000	9.999E-78	246
2p45_2	2p48_2	0.991	116	1.000	1.000	9.999E-78	246
2p45_2	2p44_2	0.798	114	0.974	0.983	5.041E-60	196
2p45_2	2p42_2	0.679	117	0.913	1.000	2.346E-48	162
2p45_2	2p43_2	0.674	118	0.913	1.000	7.594E-47	158
2qna_2	2qna_2	1.000	30	1.000	1.000	3.757E-13	56
2uyz_2	2uyz_2	1.000	78	1.000	1.000	1.007E-48	161
2uyz_2	2iy1_2	0.935	78	1.000	0.880	5.980E-43	144
2uyz_2	5elu_2	0.493	75	0.962	1.000	8.698E-21	81
2uyz_2	5eql_2	0.473	76	0.949	1.000	3.629E-18	73
2uyz_2	5tvq_2	0.466	75	0.923	1.000	2.441E-17	71
2vlp_2	2vlp_2	1.000	134	1.000	1.000	1.950E-88	278
2vlp_2	2vln_2	0.977	134	0.993	1.000	1.851E-84	267
2vlp_2	3u43_2	0.798	134	1.000	1.000	3.879E-68	220
2vlp_2	2wpt_2	0.788	114	0.851	1.000	9.798E-54	179
2wp0_2	2wp0_2	1.000	87	1.000	1.000	1.418E-54	178
4fzv_1	4fzv_1	1.000	330	1.000	1.000	5.598E-227	689
4hcn_1	4hcn_1	1.000	245	1.000	1.000	5.263E-163	500
4hcn_1	4hcp_1	0.918	245	1.000	1.000	4.141E-144	445
4iyp_1	4iyp_1	1.000	199	1.000	1.000	4.293E-124	385
4kbb_1	4kbb_1	1.000	417	1.000	1.000	1.974E-288	872
4kbb_1	5l21_1	0.373	425	0.962	1.000	4.440E-77	260
4kbb_1	4jra_1	0.368	413	0.964	0.993	1.195E-74	253
5imm_1	5imm_1	1.000	124	1.000	1.000	2.683E-83	263
5imm_1	5imk_1	0.991	124	1.000	1.000	3.063E-81	257
5imm_1	6h16_2	0.822	124	1.000	0.992	2.396E-61	200
5imm_1	6her_2	0.758	124	1.000	0.992	4.914E-55	182
5imm_1	2p49_2	0.752	124	1.000	0.992	1.739E-54	180
5imm_1	1g6v_2	0.755	124	1.000	0.992	2.728E-52	174
5imm_1	4hep_2	0.707	129	1.000	1.000	9.656E-52	172
5imm_1	1op9_2	0.741	124	1.000	1.000	1.324E-51	172
5imm_1	5lhn_2	0.696	134	1.000	0.993	1.324E-51	172
5imm_1	3qsk_2	0.744	124	1.000	0.992	2.491E-51	171
5imm_1	2p4a_2	0.733	124	1.000	0.992	4.687E-51	170
5imm_1	4w6x_2	0.701	124	1.000	0.992	1.209E-50	169
5imm_1	5u4m_2	0.747	118	0.952	0.921	3.121E-50	168
5imm_1	5m2j_2	0.717	124	1.000	0.991	1.898E-48	163
5imm_1	4w6w_2	0.706	124	1.000	1.000	2.603E-48	162
5imm_1	4i0c_2	0.705	126	1.000	1.000	9.212E-48	161
5imm_1	4wen_2	0.709	124	1.000	0.992	1.264E-47	160
5imm_1	6j7w_1	0.717	124	1.000	0.991	1.733E-47	160
5imm_1	4ksd_2	0.686	118	0.839	1.000	8.413E-47	158
5imm_1	6jb2_1	0.677	125	1.000	0.992	5.602E-46	156
5imm_1	4wem_2	0.669	124	1.000	0.992	1.054E-45	155
5imm_1	5omn_2	0.693	124	1.000	0.991	1.446E-45	154
5imm_1	4eig_2	0.693	124	1.000	0.991	1.446E-45	154
5imm_1	6fuz_2	0.685	124	1.000	1.000	3.730E-45	153
5imm_1	4w6y_2	0.669	124	1.000	0.964	1.811E-44	151
5imm_1	6cwg_2	0.656	123	0.992	0.811	2.484E-44	151
5imm_1	3eba_1	0.669	124	1.000	0.924	4.267E-43	147
5imm_1	5m2m_2	0.614	127	0.839	1.000	5.346E-42	144
5imm_1	5hvf_2	0.644	117	0.831	1.000	7.332E-42	144
5imm_1	5jds_1	0.637	124	1.000	0.827	1.892E-41	143
5imm_1	1zvh_2	0.701	103	0.831	0.836	1.260E-40	140
5imm_1	1ri8_2	0.637	124	1.000	0.839	6.115E-40	138
5imm_1	4pou_2	0.666	106	0.839	0.883	1.578E-39	137
5imm_1	4z9k_2	0.620	124	1.000	0.906	2.164E-39	137
5imm_1	6gjq_2	0.598	121	0.839	1.000	7.660E-39	135
5imm_1	3zkq_2	0.612	124	1.000	0.841	1.051E-38	135
5imm_1	4x7e_2	0.682	104	0.839	0.824	2.711E-38	134
5imm_1	6fv0_2	0.588	124	1.000	0.841	9.594E-38	132
5imm_1	5l21_2	0.572	124	1.000	0.992	9.594E-38	132
5imm_1	5o2u_2	0.572	124	1.000	0.817	6.089E-33	118
5imm_1	5ip4_1	0.528	124	1.000	0.853	2.955E-32	116
5imm_1	4x7f_2	0.532	124	1.000	0.841	6.031E-26	98
5imm_1	2ij0_2	0.317	103	0.831	0.822	3.522E-08	47
1smf_2	1smf_2	1.000	2	1.000	1.000	1.130E+04	8
1tm1_2	1tm1_2	1.000	64	1.000	1.000	2.647E-38	130
1tm1_2	1y1k_2	0.984	64	1.000	1.000	1.291E-37	128
1tm1_2	1y33_2	0.984	64	1.000	1.000	1.772E-37	128
1tm1_2	1y34_2	0.984	64	1.000	1.000	1.772E-37	128
1tm1_2	1tm5_2	0.984	64	1.000	1.000	1.772E-37	128
1tm1_2	1y3b_2	0.937	64	1.000	0.984	6.716E-34	117
1tm1_2	1tm4_2	0.686	64	1.000	1.000	2.334E-21	81
1uug_2	1ugh_2	1.000	82	1.000	1.000	9.776E-50	164
1uug_2	1uug_2	1.000	82	1.000	1.000	9.776E-50	164
1x1u_2	1x1u_2	1.000	88	1.000	1.000	1.490E-54	178
1y3d_2	1y3d_2	1.000	64	1.000	1.000	4.585E-37	126
1y3d_2	1y3c_2	0.968	64	1.000	1.000	1.497E-35	122
1y3d_2	1y48_2	0.968	64	1.000	1.000	1.497E-35	122
1y3d_2	1to1_2	0.968	64	1.000	1.000	3.874E-35	121
1y3d_2	2sni_2	0.921	64	1.000	1.000	1.890E-34	119
1y3d_2	1tm3_2	0.953	64	0.984	1.000	4.499E-33	115
1y3d_2	1tm7_2	0.953	64	0.984	1.000	4.499E-33	115
1y3d_2	1lw6_2	0.952	63	0.969	1.000	8.483E-33	114
1y3d_2	1y4a_2	0.920	63	0.953	1.000	3.811E-31	109
1y3d_2	1acb_2	0.360	61	0.938	0.968	3.044E-07	41
3ff8_2	3ff8_2	1.000	111	1.000	1.000	2.786E-80	254
3ff8_2	4iop_1	0.316	94	0.829	0.839	2.068E-10	53
3gj8_2	3gj8_2	1.000	27	1.000	1.000	3.932E-16	64
3gj8_2	3gj5_2	1.000	26	0.963	1.000	3.653E-15	61
3gj8_2	3gj4_2	0.592	27	1.000	0.963	5.919E-08	41
3gj8_2	3gj6_2	0.615	26	0.963	0.962	1.123E-07	40
3iol_2	3iol_2	1.000	8	1.000	1.000	6.367E-01	19
3l33_2	3l33_2	1.000	17	1.000	1.000	5.660E-07	37
1f7z_2	2ra3_2	1.000	56	1.000	1.000	1.393E-39	133
1f7z_2	1f7z_2	1.000	56	1.000	1.000	1.393E-39	133
1f7z_2	1fy8_2	1.000	56	1.000	1.000	1.393E-39	133
1f7z_2	1eaw_2	1.000	56	1.000	1.000	1.393E-39	133
1f7z_2	3tgk_2	1.000	56	1.000	1.000	1.393E-39	133
1f7z_2	1f5r_2	0.982	56	1.000	0.965	3.043E-37	126
1f7z_2	2ftl_2	0.982	56	1.000	0.948	3.043E-37	126
1f7z_2	2ptc_2	0.982	56	1.000	0.948	3.043E-37	126
1f7z_2	2tgp_2	0.982	56	1.000	0.948	3.043E-37	126
1f7z_2	3fp6_2	0.982	56	1.000	0.948	3.043E-37	126
1f7z_2	2r9p_2	0.982	56	1.000	0.948	3.043E-37	126
1f7z_2	3p92_2	0.946	56	1.000	0.948	7.240E-36	123
1f7z_2	3p95_2	0.946	56	1.000	0.948	7.240E-36	123
1f7z_2	2ftm_2	0.964	56	1.000	0.948	7.240E-36	123
1f7z_2	6gfi_2	0.470	51	0.911	0.911	6.699E-15	63
1f7z_2	5c67_2	0.470	51	0.911	0.962	1.267E-14	62
1f7z_2	1zjd_2	0.470	51	0.911	0.895	1.267E-14	62
1f7z_2	4u32_1	0.444	54	0.964	0.981	6.237E-14	60
1f7z_2	6har_2	0.450	51	0.911	0.944	8.579E-14	59
1f7z_2	1zr0_2	0.431	51	0.911	0.810	1.100E-12	56
1f7z_2	4u30_2	0.395	48	0.857	0.889	4.455E-09	46
1ava_1	1ava_1	1.000	403	1.000	1.000	2.063E-292	882
1dhk_1	1dhk_1	1.000	495	1.000	1.000	0.000E+00	1078
1fc2_1	1fc2_1	1.000	36	1.000	1.000	3.380E-20	76
1h1v_1	1h1v_1	1.000	357	1.000	1.000	4.398E-244	740
1h1v_1	4b1y_1	0.918	364	0.992	1.000	6.033E-218	665
1h1v_1	3u8x_1	0.938	356	0.989	0.997	8.268E-218	664
1h1v_1	3u9d_1	0.938	356	0.989	0.997	8.268E-218	664
1h1v_1	3sjh_1	0.938	356	0.989	0.997	8.268E-218	664
1h1v_1	1t44_2	0.928	358	0.994	1.000	2.645E-216	660
1h1v_1	2v51_1	0.896	352	0.986	1.000	1.475E-210	644
1h1v_1	4b1x_1	0.900	356	0.997	0.961	3.883E-207	634
1h1v_1	3u9z_1	0.904	353	0.989	0.950	1.242E-205	629
1h1v_1	4b1v_1	0.877	354	0.992	0.952	2.963E-201	617
1h1v_1	2v52_1	0.872	354	0.992	0.950	5.564E-201	616
1h1v_1	2btf_1	0.731	358	1.000	0.960	7.993E-179	552
1ktk_1	1ktk_1	1.000	176	1.000	1.000	9.281E-117	362
1ktz_1	1ktz_1	1.000	82	1.000	1.000	2.395E-52	171
1nw9_1	1nw9_1	1.000	91	1.000	1.000	7.549E-67	214
1ppe_1	1c9t_1	1.000	223	1.000	1.000	4.897E-150	461
1ppe_1	4aoq_1	1.000	223	1.000	1.000	4.897E-150	461
1ppe_1	1ppe_1	1.000	223	1.000	1.000	4.897E-150	461
1ppe_1	2ptc_1	1.000	223	1.000	1.000	4.897E-150	461
1ppe_1	2tgp_1	1.000	223	1.000	1.000	4.897E-150	461
1ppe_1	1g9i_1	1.000	223	1.000	1.000	4.897E-150	461
1ppe_1	2g81_1	1.000	223	1.000	1.000	4.897E-150	461
1ppe_1	6dwf_1	1.000	223	1.000	1.000	4.897E-150	461
1ppe_1	4j2y_2	1.000	223	1.000	1.000	4.897E-150	461
1ppe_1	2ftm_1	0.995	223	1.000	1.000	2.370E-149	459
1ppe_1	1d6r_1	0.973	223	1.000	0.973	1.340E-143	443
1ppe_1	1smf_1	0.973	223	1.000	0.973	1.340E-143	443
1ppe_1	2uuy_1	0.973	223	1.000	0.973	1.340E-143	443
1ppe_1	2xtt_2	0.973	223	1.000	0.973	1.340E-143	443
1ppe_1	6dwh_1	0.973	223	1.000	0.973	1.340E-143	443
1ppe_1	1ldt_1	0.793	223	1.000	0.973	7.246E-121	377
1ppe_1	1eja_1	0.793	223	1.000	0.973	7.246E-121	377
1ppe_1	2ra3_1	0.721	223	1.000	0.969	1.110E-108	342
1ppe_1	3fp6_1	0.713	223	1.000	0.973	9.163E-107	336
1ppe_1	3p92_1	0.695	223	1.000	0.973	5.010E-104	329
1ppe_1	3p95_1	0.695	223	1.000	0.973	5.010E-104	329
1ppe_1	3l33_1	0.695	223	1.000	0.973	5.010E-104	329
1ppe_1	6gfi_1	0.695	223	1.000	0.973	5.010E-104	329
1ppe_1	6har_1	0.695	223	1.000	0.969	5.010E-104	329
1ppe_1	2r9p_1	0.695	223	1.000	0.969	5.010E-104	329
1ppe_1	5c67_1	0.690	223	1.000	0.973	7.762E-102	322
1ppe_1	4u30_1	0.676	223	1.000	1.000	7.762E-102	322
1ppe_1	4u32_2	0.676	223	1.000	0.996	7.762E-102	322
1ppe_1	6kbr_1	0.397	189	0.848	0.989	6.898E-36	132
1ppe_1	4ag2_1	0.334	205	0.919	0.910	2.733E-26	104
1ppe_1	4afq_1	0.326	209	0.919	0.946	3.872E-24	97
1ry7_1	1ry7_1	1.000	149	1.000	1.000	8.576E-103	321
1ry7_1	2m49_1	0.535	125	0.826	0.992	1.220E-38	136
3ul4_1	3ul4_1	1.000	142	1.000	1.000	1.220E-89	282
5m72_1	5m72_1	1.000	150	1.000	1.000	9.694E-97	303
5m72_1	5wrv_2	0.993	150	1.000	0.974	8.835E-96	301
5npo_1	5npo_1	1.000	263	1.000	1.000	9.978E-174	532
5npo_1	1jtd_1	0.988	263	1.000	1.000	1.928E-170	522
5npo_1	3n4i_1	0.673	263	1.000	0.977	3.433E-114	360
5npo_1	3c4p_1	0.669	263	1.000	0.977	8.831E-114	359
5npo_1	2g2u_1	0.669	263	1.000	0.977	8.831E-114	359
5npo_1	2g2w_1	0.669	263	1.000	0.977	1.210E-113	359
5npo_1	3qhy_1	0.338	260	0.989	0.981	3.396E-37	137
5otx_1	4zgm_1	1.000	100	1.000	1.000	3.038E-73	233
5otx_1	5otx_1	1.000	100	1.000	1.000	3.038E-73	233
5otx_1	3iol_1	0.980	100	1.000	0.980	1.690E-70	225
5otx_1	3c59_1	0.980	100	1.000	0.951	1.690E-70	225
5otx_1	3c5t_1	0.980	100	1.000	0.942	1.690E-70	225
5u4k_1	1sb0_1	1.000	87	1.000	1.000	4.001E-55	180
5u4k_1	2lqh_1	1.000	87	1.000	1.000	4.001E-55	180
5u4k_1	5u4k_1	1.000	87	1.000	1.000	4.001E-55	180
5v6a_1	5v6a_1	1.000	292	1.000	1.000	1.742E-204	622
2p48_1	2p4a_1	1.000	124	1.000	1.000	3.063E-81	257
2p48_1	1dfj_1	1.000	124	1.000	1.000	3.063E-81	257
2p48_1	2p42_1	1.000	124	1.000	1.000	3.063E-81	257
2p48_1	2p43_1	1.000	124	1.000	1.000	3.063E-81	257
2p48_1	2p45_1	1.000	124	1.000	1.000	3.063E-81	257
2p48_1	2p48_1	1.000	124	1.000	1.000	3.063E-81	257
2p48_1	2p49_1	1.000	103	0.831	0.866	6.810E-69	222
2p48_1	3qsk_1	1.000	103	0.831	0.866	6.810E-69	222
2p48_1	2p47_1	0.886	123	0.992	0.886	7.783E-67	216
2r9p_1	6har_1	1.000	224	1.000	1.000	1.505E-157	483
2r9p_1	2r9p_1	1.000	224	1.000	1.000	1.505E-157	483
2r9p_1	3p92_1	0.995	224	1.000	1.000	1.706E-155	477
2r9p_1	3p95_1	0.995	224	1.000	1.000	1.706E-155	477
2r9p_1	3l33_1	0.995	224	1.000	1.000	1.706E-155	477
2r9p_1	6gfi_1	0.995	224	1.000	1.000	1.706E-155	477
2r9p_1	5c67_1	0.991	224	1.000	1.000	2.651E-153	471
2r9p_1	4u32_2	0.973	224	0.973	1.000	4.120E-151	464
2r9p_1	4u30_1	0.973	223	0.969	1.000	1.454E-150	463
2r9p_1	2ra3_1	0.870	224	1.000	1.000	1.356E-136	422
2r9p_1	1ldt_1	0.781	224	1.000	1.000	3.243E-122	381
2r9p_1	1eja_1	0.781	224	1.000	1.000	3.243E-122	381
2r9p_1	3fp6_1	0.767	224	1.000	1.000	1.954E-120	376
2r9p_1	1d6r_1	0.718	224	1.000	1.000	6.628E-113	354
2r9p_1	1smf_1	0.718	224	1.000	1.000	6.628E-113	354
2r9p_1	2uuy_1	0.718	224	1.000	1.000	6.628E-113	354
2r9p_1	2xtt_2	0.718	224	1.000	1.000	6.628E-113	354
2r9p_1	6dwh_1	0.718	224	1.000	1.000	6.628E-113	354
2r9p_1	1c9t_1	0.695	223	0.969	1.000	4.101E-108	340
2r9p_1	4aoq_1	0.695	223	0.969	1.000	4.101E-108	340
2r9p_1	1ppe_1	0.695	223	0.969	1.000	4.101E-108	340
2r9p_1	2ptc_1	0.695	223	0.969	1.000	4.101E-108	340
2r9p_1	2tgp_1	0.695	223	0.969	1.000	4.101E-108	340
2r9p_1	1g9i_1	0.695	223	0.969	1.000	4.101E-108	340
2r9p_1	2g81_1	0.695	223	0.969	1.000	4.101E-108	340
2r9p_1	6dwf_1	0.695	223	0.969	1.000	4.101E-108	340
2r9p_1	4j2y_2	0.695	223	0.969	1.000	4.101E-108	340
2r9p_1	2ftm_1	0.690	223	0.969	1.000	1.983E-107	338
2r9p_1	6kbr_1	0.392	189	0.844	0.989	1.131E-39	143
2r9p_1	4ag2_1	0.330	210	0.929	0.942	1.058E-28	111
2r9p_1	4afq_1	0.321	216	0.929	0.977	1.516E-26	104
2v51_1	2v51_1	1.000	350	1.000	1.000	3.330E-238	723
2v51_1	1t44_2	0.918	354	0.997	0.989	1.207E-221	675
2v51_1	4b1y_1	0.908	360	0.994	0.989	3.863E-220	671
2v51_1	3u8x_1	0.902	355	1.000	0.994	1.538E-217	663
2v51_1	3u9d_1	0.902	355	1.000	0.994	1.538E-217	663
2v51_1	3sjh_1	0.902	355	1.000	0.994	1.538E-217	663
2v51_1	4b1v_1	0.934	348	0.994	0.941	6.119E-215	656
2v51_1	2v52_1	0.934	348	0.994	0.939	4.052E-214	653
2v51_1	1h1v_1	0.896	352	1.000	0.986	4.149E-211	645
2v51_1	4b1x_1	0.879	350	1.000	0.950	1.327E-209	640
2v51_1	3u9z_1	0.869	350	1.000	0.947	1.498E-207	634
2v51_1	2btf_1	0.797	353	1.000	0.946	1.520E-191	588
2voh_1	2voh_1	1.000	150	1.000	1.000	2.194E-98	308
5jg6_1	5jg6_1	1.000	65	1.000	1.000	1.605E-50	165
3v96_1	3v96_1	1.000	163	1.000	1.000	7.752E-115	356
3zo0_1	3zo0_1	1.000	208	1.000	1.000	7.460E-142	437
3zo0_1	5u4y_1	0.647	207	0.995	0.976	7.468E-89	284
3zo0_1	5u52_1	0.642	207	0.995	0.971	2.635E-88	282
4apf_1	4apf_1	1.000	190	1.000	1.000	5.784E-125	387
4c4p_1	4c4p_1	1.000	167	1.000	1.000	4.448E-107	334
4c4p_1	4ojk_1	0.946	167	1.000	0.959	5.425E-99	311
4c4p_1	3tkl_1	0.536	166	0.994	0.971	1.223E-53	180
4c4p_1	3jza_1	0.520	148	0.826	1.000	8.764E-44	152
4c4p_1	4g01_2	0.419	162	0.970	0.952	2.860E-39	139
4c4p_1	4qxa_1	0.400	150	0.898	0.954	1.419E-32	119
4c4p_1	5szh_2	0.407	146	0.874	1.000	2.167E-30	113
4c4p_1	4d0g_1	0.375	150	0.898	0.980	6.133E-25	97
4c4p_1	2kwi_1	0.367	166	0.994	0.904	1.570E-24	96
4c4p_1	6h46_1	0.365	166	0.994	0.952	1.125E-21	88
4c4p_1	3kud_1	0.359	166	0.994	0.958	1.538E-21	87
4c4p_1	1wq1_1	0.359	166	0.994	0.952	1.538E-21	87
4c4p_1	5e95_2	0.359	166	0.994	0.952	1.538E-21	87
4c4p_1	2a78_1	0.353	147	0.880	0.938	3.929E-21	86
4c4p_1	2a9k_1	0.353	147	0.880	0.938	3.929E-21	86
4c4p_1	3ddc_1	0.353	166	0.994	0.952	3.929E-21	86
4c4p_1	4ol0_1	0.320	159	0.952	0.855	3.502E-20	83
4c4p_1	1ibr_1	0.322	149	0.892	0.944	4.254E-19	80
4c4p_1	5o2t_1	0.351	147	0.880	0.972	1.481E-18	79
4c4p_1	5ufe_1	0.358	147	0.880	0.885	7.039E-18	77
4c4p_1	5fr2_1	0.321	153	0.904	0.818	1.160E-16	73
4did_1	4did_1	1.000	179	1.000	1.000	2.668E-119	370
4did_1	3eg5_1	0.994	178	0.994	1.000	6.260E-118	366
4did_1	1ees_1	0.994	178	0.994	0.994	5.188E-116	361
4did_1	4yc7_2	0.983	178	0.994	0.994	8.877E-115	357
4did_1	2rmk_1	0.687	179	1.000	0.891	2.722E-79	255
4did_1	5fr2_1	0.544	180	0.994	0.963	2.611E-62	206
4did_1	3kud_1	0.327	162	0.905	0.933	1.166E-18	79
4did_1	1wq1_1	0.327	162	0.905	0.928	1.166E-18	79
4did_1	5e95_2	0.327	162	0.905	0.928	1.166E-18	79
4did_1	3ddc_1	0.321	162	0.905	0.928	4.040E-18	78
4did_1	6h46_1	0.327	162	0.905	0.928	3.545E-17	75
3c4m_1	3c4m_1	1.000	128	1.000	1.000	1.363E-101	316
3da7_1	3da7_1	1.000	88	1.000	1.000	2.233E-55	181
3da7_1	1ay7_2	1.000	88	1.000	0.989	2.233E-55	181
3da7_1	1b3s_2	0.966	89	0.989	0.989	1.713E-52	172
3da7_1	1b2s_2	0.966	89	0.989	0.989	2.351E-52	172
3da7_1	1b2u_2	0.966	89	0.989	0.989	6.073E-52	171
3da7_1	1x1y_2	0.965	88	1.000	0.989	8.333E-52	170
3da7_1	1x1x_2	0.954	88	0.989	1.000	6.987E-50	165
3da7_1	1x1w_2	0.954	88	0.989	0.989	6.987E-50	165
3da7_1	2za4_2	0.715	87	0.852	1.000	1.698E-30	109
3da7_1	1brs_2	0.404	80	0.909	0.807	2.560E-08	46
3ejj_1	3ejj_1	1.000	146	1.000	1.000	6.398E-98	306
3gj3_1	3gj3_1	1.000	202	1.000	1.000	1.859E-137	424
3gj3_1	3gj6_1	0.995	202	1.000	0.995	2.319E-136	421
3gj3_1	3gj8_1	0.990	202	1.000	0.985	4.944E-134	414
3gj3_1	3gj4_1	0.980	202	1.000	0.990	4.092E-132	408
3gj3_1	4ol0_1	0.941	172	0.812	1.000	1.533E-105	332
3gj3_1	3ch5_1	0.658	166	0.822	0.855	5.893E-73	238
2k2s_2	2k2s_2	1.000	55	1.000	1.000	1.296E-35	122
1b27_1	1b27_1	1.000	110	1.000	1.000	1.926E-73	234
1b27_1	1brs_1	1.000	110	1.000	1.000	1.926E-73	234
1b27_1	1b2s_1	0.825	109	0.991	1.000	2.311E-54	179
1e96_1	1e96_1	1.000	157	1.000	1.000	5.682E-108	336
1e96_1	2fju_1	0.880	175	0.994	0.989	1.575E-101	317
1e96_1	4js0_1	0.613	176	0.994	0.989	5.823E-71	229
1e96_1	1grn_1	0.568	190	0.968	0.995	4.831E-69	224
1e96_1	4d0n_1	0.613	150	0.955	0.949	9.177E-59	194
1e96_1	5fr1_1	0.540	172	0.955	0.935	7.605E-57	189
1e96_1	1zc4_1	0.320	150	0.885	0.867	1.980E-18	78
1e96_1	1zc3_1	0.326	149	0.885	0.866	5.058E-18	77
1e96_1	1he8_2	0.328	140	0.885	0.843	3.545E-15	68
1e96_1	5xco_1	0.301	145	0.885	0.858	1.481E-13	64
1g5j_1	1g5j_1	1.000	175	1.000	1.000	5.350E-115	357
1g5j_1	2m04_1	0.971	175	1.000	0.994	8.626E-110	342
1g5j_1	2pon_2	0.961	156	0.874	1.000	1.233E-96	304
1g5j_1	2yq7_1	0.850	160	0.914	0.986	3.631E-84	269
1g5j_1	5vx3_1	0.850	160	0.914	0.986	3.631E-84	269
1g5j_1	4k5a_1	0.479	161	0.909	0.982	3.837E-45	156
1ibr_1	1ibr_1	1.000	144	1.000	1.000	1.092E-97	306
1ibr_1	4ol0_1	0.993	145	1.000	0.843	3.520E-96	301
1ibr_1	4qxa_1	0.337	148	0.972	0.974	4.810E-25	96
1ibr_1	4ojk_1	0.335	149	0.965	0.871	3.558E-22	88
1ibr_1	4g01_2	0.358	148	0.972	0.897	1.129E-20	84
1ibr_1	4c4p_1	0.322	149	0.944	0.892	2.610E-19	80
1l4z_1	1l4z_1	1.000	248	1.000	1.000	1.850E-177	542
1l4z_1	1l4d_1	0.995	248	1.000	0.992	2.096E-175	536
5oen_1	5oen_1	1.000	165	1.000	1.000	1.662E-111	347
5twa_1	5twa_1	1.000	161	1.000	1.000	3.337E-107	334
5v5h_1	5v5h_1	1.000	145	1.000	1.000	2.694E-96	302
5wgg_1	5wgg_1	1.000	389	1.000	1.000	5.571E-270	817
3oky_2	3oky_2	1.000	540	1.000	1.000	0.000E+00	1152
3qbv_2	3qbv_2	1.000	213	1.000	1.000	4.881E-145	446
3rzw_2	3rzw_2	1.000	89	1.000	1.000	9.446E-60	193
3rzw_2	3uyo_2	0.804	92	0.978	0.979	3.341E-41	140
3rzw_2	5mtj_2	0.747	95	0.944	0.990	2.363E-37	129
3rzw_2	4je4_2	0.715	93	0.978	1.000	9.691E-35	121
3rzw_2	2mnu_1	0.317	77	0.865	0.819	4.037E-02	28
3u8x_2	3u8x_2	1.000	21	1.000	1.000	2.315E-09	44
3u8x_2	3u9d_2	0.857	21	1.000	1.000	2.799E-07	38
3vpj_2	3vpj_2	1.000	148	1.000	1.000	1.120E-102	320
4jw2_1	4jw2_1	1.000	73	1.000	1.000	3.114E-42	142
4l0p_1	4l0p_1	1.000	175	1.000	1.000	4.996E-121	375
4l0p_1	2wo3_1	0.727	176	1.000	1.000	5.814E-89	282
4l0p_1	2wo2_1	0.724	178	1.000	1.000	9.945E-88	279
4nso_1	4nso_1	1.000	179	1.000	1.000	4.018E-120	372
4pqt_1	4pqt_1	1.000	185	1.000	1.000	2.134E-127	394
4pqt_1	4k1r_1	0.983	187	1.000	0.989	6.247E-125	387
4u32_1	4u32_1	1.000	54	1.000	1.000	1.154E-38	130
4u32_1	1yc0_2	0.603	53	0.981	0.803	7.449E-22	82
4u32_1	6gfi_2	0.490	53	0.981	0.946	1.820E-16	67
4u32_1	5c67_2	0.471	53	0.981	1.000	4.731E-16	66
4u32_1	3p92_2	0.471	53	0.981	0.914	8.946E-16	65
4u32_1	3p95_2	0.471	53	0.981	0.914	8.946E-16	65
4u32_1	1zjd_2	0.452	53	0.981	0.930	2.327E-15	64
4u32_1	6har_2	0.452	53	0.981	0.981	3.200E-15	63
4u32_1	1f5r_2	0.452	53	0.981	0.930	3.200E-15	63
4u32_1	2ftl_2	0.452	53	0.981	0.914	3.200E-15	63
4u32_1	2ptc_2	0.452	53	0.981	0.914	3.200E-15	63
4u32_1	2tgp_2	0.452	53	0.981	0.914	3.200E-15	63
4u32_1	3fp6_2	0.452	53	0.981	0.914	3.200E-15	63
4u32_1	2r9p_2	0.452	53	0.981	0.914	3.200E-15	63
4u32_1	2ftm_2	0.433	53	0.981	0.914	7.751E-14	59
4u32_1	2ra3_2	0.444	54	0.981	0.964	1.066E-13	59
4u32_1	1f7z_2	0.444	54	0.981	0.964	1.066E-13	59
4u32_1	1fy8_2	0.444	54	0.981	0.964	1.066E-13	59
4u32_1	1eaw_2	0.444	54	0.981	0.964	1.066E-13	59
4u32_1	3tgk_2	0.444	54	0.981	0.964	1.066E-13	59
4u32_1	1zr0_2	0.442	52	0.963	0.825	5.254E-13	57
4u32_1	4u30_2	0.434	46	0.852	0.852	9.289E-12	53
4u32_1	6bx8_2	0.468	47	0.870	0.882	4.587E-11	51
4wen_1	4wen_1	1.000	253	1.000	1.000	5.600E-163	500
4ydh_1	4ydh_1	1.000	244	1.000	1.000	5.523E-164	503
4zii_1	4zii_1	1.000	152	1.000	1.000	1.463E-96	303
5bn5_1	5bn5_1	1.000	572	1.000	1.000	0.000E+00	1138
5dc4_1	5dc4_1	1.000	100	1.000	1.000	5.234E-65	209
5dc4_1	5mtm_1	0.411	100	1.000	0.931	2.908E-15	66
5dc4_1	2k7a_2	0.323	104	1.000	0.963	1.633E-12	58
5dc4_1	2k79_2	0.323	104	1.000	0.963	1.633E-12	58
4hgk_1	4hgk_1	1.000	483	1.000	1.000	0.000E+00	1000
4hgk_1	4hgm_1	0.689	425	0.880	0.976	3.300E-172	540
4jeh_1	4jeh_1	1.000	556	1.000	1.000	0.000E+00	1112
4ksd_1	4ksd_1	1.000	1182	1.000	1.000	0.000E+00	2317
4n7v_1	4n7v_1	1.000	203	1.000	1.000	1.294E-136	421
4per_1	4per_1	1.000	454	1.000	1.000	1.266E-311	941
4per_1	1dfj_2	0.382	442	0.828	0.971	1.013E-95	316
5zau_2	5zau_2	1.000	64	1.000	1.000	1.405E-38	131
5zau_2	4cj2_2	0.586	58	0.906	0.887	2.592E-14	61
6s29_1	6s29_1	1.000	393	1.000	1.000	2.487E-276	835
1axi_2	1axi_2	1.000	191	1.000	1.000	1.135E-134	415
1axi_2	1a22_2	0.483	191	1.000	0.995	2.886E-45	157
1dpj_2	1dpj_2	1.000	24	1.000	1.000	1.065E-09	46
1fmo_2	2cpk_2	1.000	20	1.000	1.000	3.207E-10	47
1fmo_2	1fmo_2	1.000	20	1.000	1.000	3.207E-10	47
1fmo_2	2gng_2	1.000	20	1.000	1.000	3.207E-10	47
1i4e_2	1i4e_2	1.000	297	1.000	1.000	2.266E-201	614
3doe_1	3doe_1	1.000	189	1.000	1.000	1.561E-125	389
3doe_1	3bh6_1	0.491	175	0.926	0.994	2.584E-51	175
3doe_1	1j2j_1	0.412	177	0.937	0.970	1.961E-42	149
3doe_1	5ee5_2	0.384	177	0.937	0.976	2.998E-37	134
3f7p_1	3f7p_1	1.000	223	1.000	1.000	1.960E-147	454
3gj7_1	3gj7_1	1.000	202	1.000	1.000	4.789E-137	422
3gj7_1	3gj5_1	1.000	201	0.995	1.000	4.357E-136	420
3inb_1	3inb_1	1.000	381	1.000	1.000	1.112E-267	810
6d13_1	6d13_1	1.000	274	1.000	1.000	2.261E-186	569
6m9k_1	6m9k_1	1.000	226	1.000	1.000	7.284E-156	478
6on9_1	6on9_1	1.000	89	1.000	1.000	9.086E-56	182
6umt_1	6umt_1	1.000	109	1.000	1.000	1.462E-67	217
1b27_2	1b27_2	1.000	33	1.000	1.000	5.514E-16	64
1e96_2	1e96_2	1.000	185	1.000	1.000	1.334E-122	380
3alz_1	3alz_1	1.000	417	1.000	1.000	2.123E-292	883
3ch5_1	3ch5_1	1.000	193	1.000	1.000	6.868E-132	407
3ch5_1	3gj3_1	0.658	166	0.855	0.822	1.122E-73	239
3ch5_1	3gj6_1	0.653	166	0.855	0.818	1.396E-72	236
3ch5_1	3gj8_1	0.648	165	0.855	0.809	6.752E-72	234
3ch5_1	3gj4_1	0.643	165	0.855	0.811	2.163E-70	230
3dvu_1	3dvu_1	1.000	102	1.000	1.000	9.482E-67	214
3fhc_1	3fhc_1	1.000	381	1.000	1.000	3.158E-255	774
4fq0_2	4fq0_2	1.000	69	1.000	1.000	3.495E-42	141
2g81_1	1c9t_1	1.000	223	1.000	1.000	4.897E-150	461
2g81_1	4aoq_1	1.000	223	1.000	1.000	4.897E-150	461
2g81_1	1ppe_1	1.000	223	1.000	1.000	4.897E-150	461
2g81_1	2ptc_1	1.000	223	1.000	1.000	4.897E-150	461
2g81_1	2tgp_1	1.000	223	1.000	1.000	4.897E-150	461
2g81_1	1g9i_1	1.000	223	1.000	1.000	4.897E-150	461
2g81_1	2g81_1	1.000	223	1.000	1.000	4.897E-150	461
2g81_1	6dwf_1	1.000	223	1.000	1.000	4.897E-150	461
2g81_1	4j2y_2	1.000	223	1.000	1.000	4.897E-150	461
2g81_1	2ftm_1	0.995	223	1.000	1.000	2.370E-149	459
2g81_1	1d6r_1	0.973	223	1.000	0.973	1.340E-143	443
2g81_1	1smf_1	0.973	223	1.000	0.973	1.340E-143	443
2g81_1	2uuy_1	0.973	223	1.000	0.973	1.340E-143	443
2g81_1	2xtt_2	0.973	223	1.000	0.973	1.340E-143	443
2g81_1	6dwh_1	0.973	223	1.000	0.973	1.340E-143	443
2g81_1	1ldt_1	0.793	223	1.000	0.973	7.246E-121	377
2g81_1	1eja_1	0.793	223	1.000	0.973	7.246E-121	377
2g81_1	2ra3_1	0.721	223	1.000	0.969	1.110E-108	342
2g81_1	3fp6_1	0.713	223	1.000	0.973	9.163E-107	336
2g81_1	3p92_1	0.695	223	1.000	0.973	5.010E-104	329
2g81_1	3p95_1	0.695	223	1.000	0.973	5.010E-104	329
2g81_1	3l33_1	0.695	223	1.000	0.973	5.010E-104	329
2g81_1	6gfi_1	0.695	223	1.000	0.973	5.010E-104	329
2g81_1	6har_1	0.695	223	1.000	0.969	5.010E-104	329
2g81_1	2r9p_1	0.695	223	1.000	0.969	5.010E-104	329
2g81_1	5c67_1	0.690	223	1.000	0.973	7.762E-102	322
2g81_1	4u30_1	0.676	223	1.000	1.000	7.762E-102	322
2g81_1	4u32_2	0.676	223	1.000	0.996	7.762E-102	322
2g81_1	6kbr_1	0.397	189	0.848	0.989	6.898E-36	132
2g81_1	4ag2_1	0.334	205	0.919	0.910	2.733E-26	104
2g81_1	4afq_1	0.326	209	0.919	0.946	3.872E-24	97
2ixq_1	2ixq_1	1.000	68	1.000	1.000	8.102E-45	149
2k42_1	2k42_1	1.000	72	1.000	1.000	1.179E-46	154
2kqs_1	2kqs_1	1.000	97	1.000	1.000	1.118E-60	196
2l1l_1	2l1l_1	1.000	27	1.000	1.000	1.216E-13	57
2kqs_2	2kqs_2	1.000	20	1.000	1.000	7.810E-09	43
2kqs_2	1vrk_2	0.437	16	0.800	0.842	5.754E+02	13
2l1l_2	2l1l_2	1.000	127	1.000	1.000	1.319E-84	267
2lww_2	2lww_2	1.000	70	1.000	1.000	1.951E-42	142
2mp0_2	2mp0_2	1.000	149	1.000	1.000	1.643E-92	291
1tdq_1	1tdq_1	1.000	265	1.000	1.000	1.545E-170	523
4nso_2	4nso_2	1.000	88	1.000	1.000	6.886E-57	185
4pqt_2	2k8b_1	1.000	76	1.000	1.000	3.726E-46	153
4pqt_2	4msm_2	1.000	76	1.000	1.000	3.726E-46	153
4pqt_2	2k8c_1	1.000	76	1.000	1.000	3.726E-46	153
4pqt_2	2kwu_2	1.000	76	1.000	1.000	3.726E-46	153
4pqt_2	2kwv_2	1.000	76	1.000	1.000	3.726E-46	153
4pqt_2	2mbb_2	1.000	76	1.000	1.000	3.726E-46	153
4pqt_2	4pqt_2	1.000	76	1.000	1.000	3.726E-46	153
4pqt_2	5vzm_1	1.000	76	1.000	1.000	3.726E-46	153
4pqt_2	2fuh_2	1.000	76	1.000	1.000	3.726E-46	153
4pqt_2	2mcn_2	1.000	76	1.000	1.000	3.726E-46	153
4pqt_2	2jy6_1	1.000	76	1.000	1.000	3.726E-46	153
4pqt_2	1wrd_2	1.000	76	1.000	1.000	3.726E-46	153
4pqt_2	1yx5_2	1.000	76	1.000	1.000	3.726E-46	153
4pqt_2	2l0f_1	1.000	76	1.000	1.000	3.726E-46	153
4pqt_2	1yx6_2	1.000	76	1.000	1.000	3.726E-46	153
4pqt_2	2den_2	1.000	76	1.000	1.000	3.726E-46	153
4pqt_2	2l0t_1	1.000	76	1.000	1.000	3.726E-46	153
4pqt_2	2mj5_1	1.000	76	1.000	1.000	3.726E-46	153
4pqt_2	4k1r_2	1.000	76	1.000	1.000	3.726E-46	153
4pqt_2	2lvo_1	1.000	76	1.000	1.000	3.726E-46	153
4pqt_2	1q5w_2	1.000	76	1.000	1.000	3.726E-46	153
4pqt_2	2g45_2	1.000	76	1.000	1.000	3.726E-46	153
4pqt_2	4m0w_2	1.000	76	1.000	1.000	3.726E-46	153
4pqt_2	2mre_1	1.000	76	1.000	1.000	3.726E-46	153
4pqt_2	2mro_1	1.000	76	1.000	1.000	3.726E-46	153
4pqt_2	2ktf_1	1.000	76	1.000	1.000	3.726E-46	153
4pqt_2	2lz6_1	1.000	76	1.000	1.000	3.726E-46	153
4pqt_2	1zgu_2	0.986	76	1.000	1.000	9.631E-46	152
4pqt_2	2jt4_2	0.960	76	1.000	1.000	3.133E-44	148
4pqt_2	1wr1_1	0.960	76	1.000	1.000	3.133E-44	148
4pqt_2	1q0w_2	0.960	76	1.000	1.000	3.133E-44	148
4pqt_2	1otr_2	0.960	76	1.000	1.000	3.133E-44	148
4pqt_2	2c7m_2	0.842	76	1.000	1.000	7.064E-35	121
4pqt_2	6d4p_2	0.789	76	1.000	0.958	1.420E-31	111
4pqt_2	5v69_2	0.843	64	0.803	0.985	4.270E-29	104
4pqt_2	4hcp_2	0.500	76	1.000	0.945	1.894E-19	77
4pqt_2	1p9d_1	0.328	73	0.961	0.859	2.137E-08	45
4pqt_2	5tl7_1	0.301	73	0.961	0.908	9.796E-07	40
4u32_2	4u32_2	1.000	224	1.000	1.000	1.098E-157	483
4u32_2	4u30_1	1.000	223	0.996	1.000	3.876E-157	482
4u32_2	6har_1	0.973	224	1.000	0.973	2.192E-151	465
4u32_2	2r9p_1	0.973	224	1.000	0.973	2.192E-151	465
4u32_2	3p92_1	0.968	224	1.000	0.978	5.647E-151	464
4u32_2	3p95_1	0.968	224	1.000	0.978	5.647E-151	464
4u32_2	3l33_1	0.968	224	1.000	0.978	5.647E-151	464
4u32_2	6gfi_1	0.968	224	1.000	0.978	5.647E-151	464
4u32_2	5c67_1	0.964	224	1.000	0.977	8.775E-149	458
4u32_2	2ra3_1	0.848	224	1.000	0.973	4.075E-131	407
4u32_2	1ldt_1	0.754	224	1.000	0.978	1.070E-117	368
4u32_2	1eja_1	0.754	224	1.000	0.978	1.070E-117	368
4u32_2	3fp6_1	0.741	224	1.000	0.977	6.447E-116	363
4u32_2	1d6r_1	0.691	224	1.000	0.978	2.183E-108	341
4u32_2	1smf_1	0.691	224	1.000	0.978	2.183E-108	341
4u32_2	2uuy_1	0.691	224	1.000	0.978	2.183E-108	341
4u32_2	2xtt_2	0.691	224	1.000	0.978	2.183E-108	341
4u32_2	6dwh_1	0.691	224	1.000	0.978	2.183E-108	341
4u32_2	1c9t_1	0.676	223	0.996	1.000	3.384E-106	335
4u32_2	4aoq_1	0.676	223	0.996	1.000	3.384E-106	335
4u32_2	1ppe_1	0.676	223	0.996	1.000	3.384E-106	335
4u32_2	2ptc_1	0.676	223	0.996	1.000	3.384E-106	335
4u32_2	2tgp_1	0.676	223	0.996	1.000	3.384E-106	335
4u32_2	1g9i_1	0.676	223	0.996	1.000	3.384E-106	335
4u32_2	2g81_1	0.676	223	0.996	1.000	3.384E-106	335
4u32_2	6dwf_1	0.676	223	0.996	1.000	3.384E-106	335
4u32_2	4j2y_2	0.676	223	0.996	1.000	3.384E-106	335
4u32_2	2ftm_1	0.672	223	0.996	1.000	1.636E-105	333
4u32_2	6kbr_1	0.392	189	0.844	0.989	8.274E-40	143
4u32_2	4ag2_1	0.317	214	0.955	0.942	1.268E-27	108
4u32_2	4afq_1	0.309	216	0.955	0.977	1.808E-25	101
4x7f_2	4x7f_2	1.000	107	1.000	1.000	1.267E-70	226
4x7f_2	5hvf_2	0.675	116	1.000	0.991	2.560E-39	136
4x7f_2	6gjq_2	0.630	119	1.000	0.983	2.560E-39	136
4x7f_2	5ip4_1	0.642	108	1.000	0.991	4.038E-37	129
4x7f_2	6f2g_2	0.622	122	1.000	0.931	6.959E-36	126
4x7f_2	3zkq_2	0.642	109	1.000	0.965	4.252E-34	121
4x7f_2	4ksd_2	0.612	116	1.000	0.983	4.252E-34	121
4x7f_2	5o2u_2	0.621	111	1.000	0.965	7.331E-33	117
4x7f_2	5jds_1	0.571	126	1.000	0.992	1.006E-32	117
4x7f_2	5m2m_2	0.579	125	1.000	0.984	2.599E-32	115
4x7f_2	1ri8_2	0.618	110	0.888	0.887	1.264E-31	113
4x7f_2	5omn_2	0.581	110	0.841	0.991	5.631E-30	109
4x7f_2	4wen_2	0.554	119	0.841	0.992	1.996E-29	107
4x7f_2	4z9k_2	0.642	96	0.841	0.906	3.758E-29	106
4x7f_2	6fv0_2	0.589	112	1.000	0.991	9.710E-29	105
4x7f_2	6cwg_2	0.520	125	1.000	0.984	9.710E-29	105
4x7f_2	4eig_2	0.535	107	1.000	0.817	1.828E-28	104
4x7f_2	6j7w_1	0.543	116	0.850	1.000	8.894E-28	102
4x7f_2	6h16_2	0.550	118	0.850	1.000	8.894E-28	102
4x7f_2	4w6y_2	0.600	110	0.860	0.982	1.220E-27	102
4x7f_2	6her_2	0.524	122	0.841	0.992	1.220E-27	102
4x7f_2	5imk_1	0.536	123	0.841	1.000	2.298E-27	101
4x7f_2	4pou_2	0.558	107	1.000	0.867	3.153E-27	101
4x7f_2	5imm_1	0.532	124	0.841	1.000	3.153E-27	101
4x7f_2	1zvh_2	0.495	107	1.000	0.828	5.438E-26	97
4x7f_2	4wem_2	0.495	119	0.841	0.992	1.405E-25	96
4x7f_2	5u4m_2	0.496	125	0.841	0.992	1.928E-25	96
4x7f_2	1g6v_2	0.504	124	0.841	0.992	4.981E-25	94
4x7f_2	6jb2_1	0.484	126	0.850	1.000	6.835E-25	94
4x7f_2	4x7e_2	0.536	107	1.000	0.807	9.378E-25	94
4x7f_2	2p49_2	0.500	120	0.841	0.992	1.766E-24	93
4x7f_2	5m2j_2	0.535	114	0.841	0.991	2.423E-24	93
4x7f_2	2p4a_2	0.504	119	0.841	0.992	3.325E-24	92
4x7f_2	3qsk_2	0.504	119	0.841	0.992	8.590E-24	91
4x7f_2	4i0c_2	0.531	107	1.000	0.817	5.734E-23	89
4x7f_2	4w6x_2	0.477	107	1.000	0.823	1.481E-22	87
4x7f_2	6fuz_2	0.517	112	0.841	1.000	7.206E-22	85
4x7f_2	4w6w_2	0.481	107	1.000	0.823	7.206E-22	85
4x7f_2	4hep_2	0.457	129	0.841	1.000	1.357E-21	85
4x7f_2	5my6_2	0.444	89	0.804	0.908	1.094E-15	68
4x7f_2	5j57_2	0.385	114	0.981	0.919	2.152E-12	58
4yl8_2	4yl8_2	1.000	31	1.000	1.000	1.003E-16	66
2lpb_2	2lpb_2	1.000	34	1.000	1.000	5.301E-19	73
2mcn_2	2k8b_1	1.000	76	1.000	1.000	3.726E-46	153
2mcn_2	4msm_2	1.000	76	1.000	1.000	3.726E-46	153
2mcn_2	2k8c_1	1.000	76	1.000	1.000	3.726E-46	153
2mcn_2	2kwu_2	1.000	76	1.000	1.000	3.726E-46	153
2mcn_2	2kwv_2	1.000	76	1.000	1.000	3.726E-46	153
2mcn_2	2mbb_2	1.000	76	1.000	1.000	3.726E-46	153
2mcn_2	4pqt_2	1.000	76	1.000	1.000	3.726E-46	153
2mcn_2	5vzm_1	1.000	76	1.000	1.000	3.726E-46	153
2mcn_2	2fuh_2	1.000	76	1.000	1.000	3.726E-46	153
2mcn_2	2mcn_2	1.000	76	1.000	1.000	3.726E-46	153
2mcn_2	2jy6_1	1.000	76	1.000	1.000	3.726E-46	153
2mcn_2	1wrd_2	1.000	76	1.000	1.000	3.726E-46	153
2mcn_2	1yx5_2	1.000	76	1.000	1.000	3.726E-46	153
2mcn_2	2l0f_1	1.000	76	1.000	1.000	3.726E-46	153
2mcn_2	1yx6_2	1.000	76	1.000	1.000	3.726E-46	153
2mcn_2	2den_2	1.000	76	1.000	1.000	3.726E-46	153
2mcn_2	2l0t_1	1.000	76	1.000	1.000	3.726E-46	153
2mcn_2	2mj5_1	1.000	76	1.000	1.000	3.726E-46	153
2mcn_2	4k1r_2	1.000	76	1.000	1.000	3.726E-46	153
2mcn_2	2lvo_1	1.000	76	1.000	1.000	3.726E-46	153
2mcn_2	1q5w_2	1.000	76	1.000	1.000	3.726E-46	153
2mcn_2	2g45_2	1.000	76	1.000	1.000	3.726E-46	153
2mcn_2	4m0w_2	1.000	76	1.000	1.000	3.726E-46	153
2mcn_2	2mre_1	1.000	76	1.000	1.000	3.726E-46	153
2mcn_2	2mro_1	1.000	76	1.000	1.000	3.726E-46	153
2mcn_2	2ktf_1	1.000	76	1.000	1.000	3.726E-46	153
2mcn_2	2lz6_1	1.000	76	1.000	1.000	3.726E-46	153
2mcn_2	1zgu_2	0.986	76	1.000	1.000	9.631E-46	152
2mcn_2	2jt4_2	0.960	76	1.000	1.000	3.133E-44	148
2mcn_2	1wr1_1	0.960	76	1.000	1.000	3.133E-44	148
2mcn_2	1q0w_2	0.960	76	1.000	1.000	3.133E-44	148
2mcn_2	1otr_2	0.960	76	1.000	1.000	3.133E-44	148
2mcn_2	2c7m_2	0.842	76	1.000	1.000	7.064E-35	121
2mcn_2	6d4p_2	0.789	76	1.000	0.958	1.420E-31	111
2mcn_2	5v69_2	0.843	64	0.803	0.985	4.270E-29	104
2mcn_2	4hcp_2	0.500	76	1.000	0.945	1.894E-19	77
2mcn_2	1p9d_1	0.328	73	0.961	0.859	2.137E-08	45
2mcn_2	5tl7_1	0.301	73	0.961	0.908	9.796E-07	40
2nbv_2	2nbv_2	1.000	78	1.000	1.000	4.118E-46	153
2oza_2	2oza_2	1.000	333	1.000	1.000	3.117E-226	687
2oza_2	5v62_1	0.451	337	0.991	0.968	8.799E-91	296
2oza_2	3tei_1	0.413	313	0.940	0.973	2.676E-69	234
4zi2_2	4zi2_2	1.000	131	1.000	1.000	4.298E-81	257
2v5q_2	2v5q_2	1.000	130	1.000	1.000	9.256E-83	262
2v5q_2	5o2t_2	0.775	138	0.962	0.972	1.544E-60	198
2v5q_2	6h47_2	0.772	136	0.977	0.951	1.027E-59	196
2v5q_2	3zuv_2	0.646	130	1.000	0.972	4.906E-45	153
2vsm_2	2vsm_2	1.000	137	1.000	1.000	4.301E-95	298
2vsm_2	2wo2_2	0.789	136	0.993	1.000	1.167E-74	239
2wwx_2	2wwx_2	1.000	200	1.000	1.000	2.893E-126	391
2y9m_2	2y9m_2	1.000	104	1.000	1.000	2.580E-69	222
3bn3_2	3bn3_2	1.000	195	1.000	1.000	1.036E-131	407
2few_2	2few_2	1.000	96	1.000	1.000	1.117E-57	188
2hd5_2	2hd5_2	1.000	219	1.000	1.000	2.598E-142	439
2hd5_2	3olm_1	0.432	219	1.000	0.832	1.469E-32	122
2jgz_2	2jgz_2	1.000	253	1.000	1.000	3.859E-169	518
2k8c_2	2k8b_2	1.000	80	1.000	1.000	6.676E-54	176
2k8c_2	2k8c_2	1.000	80	1.000	1.000	6.676E-54	176
2n2h_2	2n2h_2	1.000	125	1.000	1.000	1.626E-77	246
3qbr_2	3qbr_2	1.000	24	1.000	1.000	3.405E-12	53
3qbr_2	4uf1_2	0.875	24	1.000	0.955	1.374E-08	42
3rt0_2	3rt0_2	1.000	172	1.000	1.000	4.369E-111	346
3u43_2	3u43_2	1.000	132	1.000	1.000	1.615E-87	276
3u43_2	2vln_2	0.798	134	0.992	1.000	4.839E-68	220
3u43_2	2vlp_2	0.798	134	1.000	1.000	9.102E-68	219
3u43_2	2wpt_2	0.618	113	0.848	1.000	3.096E-39	137
3v96_2	3v96_2	1.000	155	1.000	1.000	5.159E-108	336
3v96_2	2j0t_1	0.600	155	1.000	0.962	1.386E-60	199
3zo0_2	3zo0_2	1.000	180	1.000	1.000	1.529E-126	391
5szk_1	5szk_1	1.000	140	1.000	1.000	4.174E-76	243
5un5_1	5un5_1	1.000	119	1.000	1.000	3.321E-88	277
5un5_1	6ndz_1	0.983	119	1.000	0.975	3.461E-85	268
5un5_1	6ne2_2	0.512	119	1.000	0.992	4.062E-45	153
5un5_1	6ne4_2	0.512	119	1.000	0.992	4.062E-45	153
5un5_1	6ne1_1	0.370	116	0.975	0.982	1.378E-26	100
5vxz_1	5vxz_1	1.000	376	1.000	1.000	3.866E-253	767
5xeq_1	5xeq_1	1.000	506	1.000	1.000	0.000E+00	1060
5xeq_1	2wqz_1	0.442	525	0.966	0.963	1.062E-141	452
5ij0_2	5ij0_2	1.000	426	1.000	1.000	3.237E-292	883
5ij0_2	5ij9_2	0.997	426	1.000	1.000	2.937E-291	880
6ht9_1	6ht9_1	1.000	200	1.000	1.000	3.604E-135	417
6ht9_1	6saz_1	0.995	200	1.000	1.000	4.090E-133	411
6iw8_1	6iw8_1	1.000	28	1.000	1.000	2.271E-12	53
6kbn_1	6kbn_1	1.000	504	1.000	1.000	4.941E-324	979
6kbn_1	6kbm_1	0.907	485	0.962	0.878	2.222E-274	836
6o3o_1	6o3o_1	1.000	217	1.000	1.000	1.183E-148	457
6r2g_1	6r2g_1	1.000	128	1.000	1.000	1.958E-74	238
2jy6_1	2k8b_1	1.000	76	1.000	1.000	3.726E-46	153
2jy6_1	4msm_2	1.000	76	1.000	1.000	3.726E-46	153
2jy6_1	2k8c_1	1.000	76	1.000	1.000	3.726E-46	153
2jy6_1	2kwu_2	1.000	76	1.000	1.000	3.726E-46	153
2jy6_1	2kwv_2	1.000	76	1.000	1.000	3.726E-46	153
2jy6_1	2mbb_2	1.000	76	1.000	1.000	3.726E-46	153
2jy6_1	4pqt_2	1.000	76	1.000	1.000	3.726E-46	153
2jy6_1	5vzm_1	1.000	76	1.000	1.000	3.726E-46	153
2jy6_1	2fuh_2	1.000	76	1.000	1.000	3.726E-46	153
2jy6_1	2mcn_2	1.000	76	1.000	1.000	3.726E-46	153
2jy6_1	2jy6_1	1.000	76	1.000	1.000	3.726E-46	153
2jy6_1	1wrd_2	1.000	76	1.000	1.000	3.726E-46	153
2jy6_1	1yx5_2	1.000	76	1.000	1.000	3.726E-46	153
2jy6_1	2l0f_1	1.000	76	1.000	1.000	3.726E-46	153
2jy6_1	1yx6_2	1.000	76	1.000	1.000	3.726E-46	153
2jy6_1	2den_2	1.000	76	1.000	1.000	3.726E-46	153
2jy6_1	2l0t_1	1.000	76	1.000	1.000	3.726E-46	153
2jy6_1	2mj5_1	1.000	76	1.000	1.000	3.726E-46	153
2jy6_1	4k1r_2	1.000	76	1.000	1.000	3.726E-46	153
2jy6_1	2lvo_1	1.000	76	1.000	1.000	3.726E-46	153
2jy6_1	1q5w_2	1.000	76	1.000	1.000	3.726E-46	153
2jy6_1	2g45_2	1.000	76	1.000	1.000	3.726E-46	153
2jy6_1	4m0w_2	1.000	76	1.000	1.000	3.726E-46	153
2jy6_1	2mre_1	1.000	76	1.000	1.000	3.726E-46	153
2jy6_1	2mro_1	1.000	76	1.000	1.000	3.726E-46	153
2jy6_1	2ktf_1	1.000	76	1.000	1.000	3.726E-46	153
2jy6_1	2lz6_1	1.000	76	1.000	1.000	3.726E-46	153
2jy6_1	1zgu_2	0.986	76	1.000	1.000	9.631E-46	152
2jy6_1	2jt4_2	0.960	76	1.000	1.000	3.133E-44	148
2jy6_1	1wr1_1	0.960	76	1.000	1.000	3.133E-44	148
2jy6_1	1q0w_2	0.960	76	1.000	1.000	3.133E-44	148
2jy6_1	1otr_2	0.960	76	1.000	1.000	3.133E-44	148
2jy6_1	2c7m_2	0.842	76	1.000	1.000	7.064E-35	121
2jy6_1	6d4p_2	0.789	76	1.000	0.958	1.420E-31	111
2jy6_1	5v69_2	0.843	64	0.803	0.985	4.270E-29	104
2jy6_1	4hcp_2	0.500	76	1.000	0.945	1.894E-19	77
2jy6_1	1p9d_1	0.328	73	0.961	0.859	2.137E-08	45
2jy6_1	5tl7_1	0.301	73	0.961	0.908	9.796E-07	40
2kgx_1	2kgx_1	1.000	174	1.000	1.000	2.066E-102	321
2kxw_1	2kxw_1	1.000	73	1.000	1.000	4.659E-43	144
2kxw_1	2k3s_2	0.739	73	1.000	0.970	1.955E-29	105
2lqc_1	2lqc_1	1.000	77	1.000	1.000	5.864E-47	156
2lqc_1	2be6_1	0.986	75	0.961	1.000	1.604E-43	146
2lqc_1	2be6_2	0.439	66	0.857	0.955	1.154E-12	57
2lqc_1	3tz1_1	0.417	67	0.870	0.944	2.180E-12	57
2mzd_1	2mzd_1	1.000	90	1.000	1.000	2.042E-60	195
2mzd_1	2k8f_1	1.000	90	1.000	1.000	2.042E-60	195
2mzd_1	2ka6_1	0.833	90	1.000	0.902	4.713E-48	160
2mzd_1	1l8c_1	0.336	89	0.956	0.937	3.500E-07	42
2mzd_1	1r8u_2	0.310	93	0.922	0.930	1.566E-05	38
2mzd_1	2ka4_1	0.310	93	0.922	0.930	1.566E-05	38
2mzd_1	2lww_1	0.310	93	0.922	0.930	1.566E-05	38
2lfw_2	2lfw_2	1.000	33	1.000	1.000	1.972E-15	63
2m49_2	2m49_2	1.000	91	1.000	1.000	5.328E-56	183
2m49_2	1psb_1	0.967	91	1.000	1.000	1.259E-54	179
2mzd_2	2mzd_2	1.000	25	1.000	1.000	5.725E-14	58
2omz_2	2omy_2	1.000	82	1.000	1.000	2.081E-54	177
2omz_2	2omz_2	1.000	82	1.000	1.000	2.081E-54	177
2omz_2	2omv_2	0.987	82	1.000	0.988	4.509E-52	171
2omz_2	2omt_2	0.811	101	1.000	1.000	2.009E-50	166
2p8q_2	2p8q_2	1.000	39	1.000	1.000	2.682E-19	74
3kj2_2	3kj2_2	1.000	22	1.000	1.000	1.083E-11	51
3kj2_2	3kj1_2	0.909	22	1.000	1.000	6.859E-10	46
3kj2_2	3kj0_2	0.869	23	1.000	1.000	2.305E-08	42
3kj2_2	2wh6_2	0.772	22	1.000	0.818	7.338E-06	34
3kj2_2	5vmo_2	0.571	21	0.955	0.833	8.342E-02	23
3kj2_2	1g5j_2	0.347	23	0.864	0.920	2.152E+01	16
3mj7_2	3mj7_2	1.000	189	1.000	1.000	1.211E-129	400
3oak_2	3oak_2	1.000	29	1.000	1.000	1.433E-18	71
3pnr_2	3pnr_2	1.000	129	1.000	1.000	1.162E-85	270
2ju0_1	2ju0_1	1.000	175	1.000	1.000	3.771E-118	366
1sb0_1	1sb0_1	1.000	87	1.000	1.000	4.001E-55	180
1sb0_1	2lqh_1	1.000	87	1.000	1.000	4.001E-55	180
1sb0_1	5u4k_1	1.000	87	1.000	1.000	4.001E-55	180
1th1_1	1th1_1	1.000	526	1.000	1.000	0.000E+00	1035
1th1_1	1v18_1	0.757	526	1.000	0.877	2.221E-239	736
1th1_1	3oux_1	0.747	523	0.994	0.919	1.526E-226	699
1th1_1	3ouw_1	0.726	523	0.994	0.830	5.995E-224	692
1usu_1	1usu_1	1.000	246	1.000	1.000	2.143E-163	501
1wrd_1	1wrd_1	1.000	98	1.000	1.000	3.803E-59	192
1y3b_1	1y1k_1	1.000	281	1.000	1.000	3.755E-178	546
1y3b_1	1y33_1	1.000	281	1.000	1.000	3.755E-178	546
1y3b_1	1y34_1	1.000	281	1.000	1.000	3.755E-178	546
1y3b_1	1y3b_1	1.000	281	1.000	1.000	3.755E-178	546
1y3b_1	1y3c_1	1.000	281	1.000	1.000	3.755E-178	546
1y3b_1	1tm1_1	1.000	281	1.000	1.000	3.755E-178	546
1y3b_1	1y3d_1	1.000	281	1.000	1.000	3.755E-178	546
1y3b_1	1tm3_1	1.000	281	1.000	1.000	3.755E-178	546
1y3b_1	1y48_1	1.000	281	1.000	1.000	3.755E-178	546
1y3b_1	1tm4_1	1.000	281	1.000	1.000	3.755E-178	546
1y3b_1	1tm5_1	1.000	281	1.000	1.000	3.755E-178	546
1y3b_1	1tm7_1	1.000	281	1.000	1.000	3.755E-178	546
1y3b_1	1to1_1	1.000	281	1.000	1.000	3.755E-178	546
1y3b_1	2sic_1	0.985	275	0.964	1.000	7.637E-169	519
1y3b_1	1y4a_1	0.985	275	0.964	1.000	7.637E-169	519
1y3b_1	2sni_1	0.981	275	0.964	1.000	1.966E-168	518
1y3b_1	1r0r_1	0.697	273	0.968	0.996	4.563E-112	355
1y3b_1	4gi3_1	0.693	273	0.968	0.996	8.564E-112	354
1y3b_1	3vv2_1	0.392	315	0.932	0.984	2.280E-49	173
2ajf_2	2ajf_2	1.000	174	1.000	1.000	6.307E-124	383
2den_2	2k8b_1	1.000	76	1.000	1.000	3.726E-46	153
2den_2	4msm_2	1.000	76	1.000	1.000	3.726E-46	153
2den_2	2k8c_1	1.000	76	1.000	1.000	3.726E-46	153
2den_2	2kwu_2	1.000	76	1.000	1.000	3.726E-46	153
2den_2	2kwv_2	1.000	76	1.000	1.000	3.726E-46	153
2den_2	2mbb_2	1.000	76	1.000	1.000	3.726E-46	153
2den_2	4pqt_2	1.000	76	1.000	1.000	3.726E-46	153
2den_2	5vzm_1	1.000	76	1.000	1.000	3.726E-46	153
2den_2	2fuh_2	1.000	76	1.000	1.000	3.726E-46	153
2den_2	2mcn_2	1.000	76	1.000	1.000	3.726E-46	153
2den_2	2jy6_1	1.000	76	1.000	1.000	3.726E-46	153
2den_2	1wrd_2	1.000	76	1.000	1.000	3.726E-46	153
2den_2	1yx5_2	1.000	76	1.000	1.000	3.726E-46	153
2den_2	2l0f_1	1.000	76	1.000	1.000	3.726E-46	153
2den_2	1yx6_2	1.000	76	1.000	1.000	3.726E-46	153
2den_2	2den_2	1.000	76	1.000	1.000	3.726E-46	153
2den_2	2l0t_1	1.000	76	1.000	1.000	3.726E-46	153
2den_2	2mj5_1	1.000	76	1.000	1.000	3.726E-46	153
2den_2	4k1r_2	1.000	76	1.000	1.000	3.726E-46	153
2den_2	2lvo_1	1.000	76	1.000	1.000	3.726E-46	153
2den_2	1q5w_2	1.000	76	1.000	1.000	3.726E-46	153
2den_2	2g45_2	1.000	76	1.000	1.000	3.726E-46	153
2den_2	4m0w_2	1.000	76	1.000	1.000	3.726E-46	153
2den_2	2mre_1	1.000	76	1.000	1.000	3.726E-46	153
2den_2	2mro_1	1.000	76	1.000	1.000	3.726E-46	153
2den_2	2ktf_1	1.000	76	1.000	1.000	3.726E-46	153
2den_2	2lz6_1	1.000	76	1.000	1.000	3.726E-46	153
2den_2	1zgu_2	0.986	76	1.000	1.000	9.631E-46	152
2den_2	2jt4_2	0.960	76	1.000	1.000	3.133E-44	148
2den_2	1wr1_1	0.960	76	1.000	1.000	3.133E-44	148
2den_2	1q0w_2	0.960	76	1.000	1.000	3.133E-44	148
2den_2	1otr_2	0.960	76	1.000	1.000	3.133E-44	148
2den_2	2c7m_2	0.842	76	1.000	1.000	7.064E-35	121
2den_2	6d4p_2	0.789	76	1.000	0.958	1.420E-31	111
2den_2	5v69_2	0.843	64	0.803	0.985	4.270E-29	104
2den_2	4hcp_2	0.500	76	1.000	0.945	1.894E-19	77
2den_2	1p9d_1	0.328	73	0.961	0.859	2.137E-08	45
2den_2	5tl7_1	0.301	73	0.961	0.908	9.796E-07	40
2g2u_2	3n4i_2	1.000	165	1.000	1.000	2.361E-108	338
2g2u_2	2g2u_2	1.000	165	1.000	1.000	2.361E-108	338
2g2u_2	3e2l_2	0.824	151	0.909	0.921	6.682E-82	261
2g2u_2	2g2w_2	0.824	151	0.909	0.921	6.682E-82	261
2ihs_2	2ihs_2	1.000	43	1.000	1.000	3.858E-25	91
6gvk_1	6gvk_1	1.000	91	1.000	1.000	2.464E-58	189
3tsr_1	3tsr_1	1.000	77	1.000	1.000	5.550E-50	164
3uze_1	3uze_1	1.000	94	1.000	1.000	4.882E-64	206
3wwn_1	3wwn_1	1.000	263	1.000	1.000	2.401E-169	519
4ag2_1	4ag2_1	1.000	223	1.000	1.000	2.452E-156	479
4ag2_1	4afq_1	0.972	221	0.964	1.000	1.043E-147	454
4ag2_1	1d6r_1	0.343	206	0.924	0.906	7.992E-32	120
4ag2_1	1smf_1	0.343	206	0.924	0.906	7.992E-32	120
4ag2_1	2uuy_1	0.343	206	0.924	0.906	7.992E-32	120
4ag2_1	2xtt_2	0.343	206	0.924	0.906	7.992E-32	120
4ag2_1	6dwh_1	0.343	206	0.924	0.906	7.992E-32	120
4ag2_1	1ldt_1	0.341	213	0.955	0.946	8.519E-30	114
4ag2_1	1eja_1	0.341	213	0.955	0.946	8.519E-30	114
4ag2_1	3fp6_1	0.354	206	0.924	0.905	2.165E-29	113
4ag2_1	1c9t_1	0.334	205	0.910	0.919	4.032E-29	112
4ag2_1	4aoq_1	0.334	205	0.910	0.919	4.032E-29	112
4ag2_1	1ppe_1	0.334	205	0.910	0.919	4.032E-29	112
4ag2_1	2ptc_1	0.334	205	0.910	0.919	4.032E-29	112
4ag2_1	2tgp_1	0.334	205	0.910	0.919	4.032E-29	112
4ag2_1	1g9i_1	0.334	205	0.910	0.919	4.032E-29	112
4ag2_1	2g81_1	0.334	205	0.910	0.919	4.032E-29	112
4ag2_1	6dwf_1	0.334	205	0.910	0.919	4.032E-29	112
4ag2_1	4j2y_2	0.334	205	0.910	0.919	4.032E-29	112
4ag2_1	3p92_1	0.330	213	0.955	0.946	5.503E-29	111
4ag2_1	3p95_1	0.330	213	0.955	0.946	5.503E-29	111
4ag2_1	2ftm_1	0.334	205	0.910	0.919	5.503E-29	111
4ag2_1	3l33_1	0.330	213	0.955	0.946	5.503E-29	111
4ag2_1	6gfi_1	0.330	213	0.955	0.946	5.503E-29	111
4ag2_1	6har_1	0.330	210	0.942	0.929	1.907E-28	110
4ag2_1	2r9p_1	0.330	210	0.942	0.929	1.907E-28	110
4ag2_1	5c67_1	0.330	213	0.955	0.946	6.605E-28	108
4ag2_1	2ra3_1	0.328	203	0.910	0.888	2.286E-27	107
4ag2_1	4u30_1	0.317	214	0.942	0.960	4.252E-27	106
4ag2_1	4u32_2	0.317	214	0.942	0.955	4.252E-27	106
4bpk_1	4bpk_1	1.000	139	1.000	1.000	3.939E-93	292
4bpk_1	2yq7_1	0.992	139	1.000	0.986	6.158E-91	286
4bpk_1	5vx3_1	0.992	139	1.000	0.986	6.158E-91	286
4bpk_1	3r85_1	0.971	139	1.000	0.971	9.628E-89	280
4bpk_1	2m04_1	0.883	155	1.000	0.906	1.810E-88	279
4bpk_1	2pon_2	0.832	155	0.942	0.994	3.060E-80	255
4bpk_1	4hnj_2	0.683	139	1.000	0.807	2.229E-56	186
4bpk_1	4k5a_1	0.484	157	0.964	0.957	1.261E-43	150
4bpk_1	6fbx_1	0.316	133	0.906	0.899	8.349E-14	64
1xqh_2	1xqh_2	1.000	5	1.000	1.000	6.297E+01	14
1y8n_2	1y8n_2	1.000	97	1.000	1.000	2.300E-61	198
1zr0_2	1zr0_2	1.000	63	1.000	1.000	6.846E-46	152
1zr0_2	1zjd_2	0.470	51	0.810	0.895	1.131E-12	57
1zr0_2	4u32_1	0.442	52	0.825	0.963	2.943E-12	55
1zr0_2	6gfi_2	0.444	54	0.857	0.964	2.943E-12	55
1zr0_2	3p92_2	0.442	52	0.825	0.897	2.943E-12	55
1zr0_2	3p95_2	0.442	52	0.825	0.897	2.943E-12	55
1zr0_2	1f5r_2	0.423	52	0.825	0.912	4.049E-12	55
1zr0_2	2ftl_2	0.423	52	0.825	0.897	4.049E-12	55
1zr0_2	2ptc_2	0.423	52	0.825	0.897	4.049E-12	55
1zr0_2	2tgp_2	0.423	52	0.825	0.897	4.049E-12	55
1zr0_2	3fp6_2	0.423	52	0.825	0.897	4.049E-12	55
1zr0_2	2r9p_2	0.423	52	0.825	0.897	4.049E-12	55
1zr0_2	2ra3_2	0.431	51	0.810	0.911	5.570E-12	55
1zr0_2	1f7z_2	0.431	51	0.810	0.911	5.570E-12	55
1zr0_2	1fy8_2	0.431	51	0.810	0.911	5.570E-12	55
1zr0_2	1eaw_2	0.431	51	0.810	0.911	5.570E-12	55
1zr0_2	3tgk_2	0.431	51	0.810	0.911	5.570E-12	55
1zr0_2	6har_2	0.470	51	0.810	0.944	7.662E-12	54
1zr0_2	5c67_2	0.470	51	0.810	0.962	1.054E-11	54
1zr0_2	2ftm_2	0.403	52	0.825	0.897	9.840E-11	51
2be6_2	2be6_2	1.000	66	1.000	1.000	2.324E-39	133
2be6_2	2be6_1	0.447	67	0.955	0.893	1.931E-13	59
2be6_2	3tz1_1	0.441	68	0.985	0.958	2.656E-13	59
2be6_2	2lqc_1	0.439	66	0.955	0.857	9.501E-13	57
1rkc_1	2gww_1	1.000	258	1.000	1.000	1.612E-164	505
1rkc_1	1rkc_1	1.000	258	1.000	1.000	1.612E-164	505
1rkc_1	1rke_1	1.000	258	1.000	1.000	1.612E-164	505
1rkc_1	1syq_1	0.972	257	0.996	1.000	3.290E-155	478
1rkc_1	2hsq_1	0.924	224	0.802	0.885	2.501E-126	395
1t6b_1	1t6b_1	1.000	676	1.000	1.000	0.000E+00	1344
1u5s_1	1u5s_1	1.000	64	1.000	1.000	7.013E-42	140
1u5s_1	2lz6_2	0.345	55	0.859	0.867	1.166E-07	42
1wlp_1	1wlp_1	1.000	25	1.000	1.000	8.780E-11	49
1xr0_1	1xr0_1	1.000	21	1.000	1.000	1.222E-09	45
1xr0_1	5tzq_2	0.315	19	0.857	0.864	1.876E+03	12
5l8j_1	5l8j_1	1.000	237	1.000	1.000	1.744E-162	498
5l8j_1	5g1x_1	0.881	247	0.996	0.984	4.680E-136	422
5me5_1	5me5_1	1.000	150	1.000	1.000	6.689E-110	341
5nwm_1	5nwm_1	1.000	132	1.000	1.000	3.650E-89	280
5szi_1	5szi_1	1.000	209	1.000	1.000	1.831E-130	404
5ufe_1	5ufe_1	1.000	157	1.000	1.000	4.890E-103	322
5ufe_1	6h46_1	0.993	144	0.917	0.867	3.623E-93	293
5ufe_1	5o2t_1	0.986	144	0.911	1.000	7.752E-91	287
5ufe_1	3kud_1	0.944	144	0.917	0.873	1.821E-89	283
5ufe_1	1wq1_1	0.944	144	0.917	0.867	1.821E-89	283
5ufe_1	5e95_2	0.944	144	0.917	0.867	1.821E-89	283
5ufe_1	3ddc_1	0.930	144	0.917	0.867	2.274E-88	280
5ufe_1	1gua_1	0.639	135	0.860	0.808	1.478E-53	179
5ufe_1	3kuc_1	0.639	135	0.860	0.808	1.478E-53	179
5ufe_1	4dxa_1	0.610	136	0.860	0.814	1.843E-52	176
5ufe_1	6ba6_2	0.610	135	0.860	0.808	3.152E-51	173
5ufe_1	2a78_1	0.524	142	0.904	0.958	4.594E-45	155
5ufe_1	2a9k_1	0.524	142	0.904	0.958	4.594E-45	155
5ufe_1	2kwi_1	0.510	145	0.904	0.815	3.795E-43	149
5ufe_1	3tkl_1	0.375	148	0.892	0.865	7.141E-24	94
5ufe_1	4qxa_1	0.308	147	0.917	0.967	4.635E-20	83
5ufe_1	3jza_1	0.344	147	0.822	0.993	1.448E-18	78
5ufe_1	4ojk_1	0.351	147	0.904	0.860	1.980E-18	78
5ufe_1	4c4p_1	0.358	147	0.885	0.880	9.449E-18	76
5ufe_1	4g01_2	0.315	151	0.943	0.915	4.504E-17	74
5ufe_1	5szh_2	0.310	142	0.873	0.993	6.994E-13	62
1x1u_1	1x1u_1	1.000	109	1.000	1.000	5.183E-74	235
1x1u_1	1x1x_1	1.000	109	1.000	1.000	5.183E-74	235
1x1u_1	1x1w_1	0.990	110	1.000	1.000	1.675E-72	231
1x1u_1	1b2u_1	0.981	110	1.000	1.000	1.116E-71	229
1x1u_1	1b3s_1	0.981	110	1.000	1.000	3.949E-71	227
1x1u_1	1x1y_1	0.981	109	1.000	0.991	5.417E-71	227
1x1u_1	2za4_1	0.972	109	1.000	0.991	3.607E-70	224
1y3d_1	1y1k_1	1.000	281	1.000	1.000	3.755E-178	546
1y3d_1	1y33_1	1.000	281	1.000	1.000	3.755E-178	546
1y3d_1	1y34_1	1.000	281	1.000	1.000	3.755E-178	546
1y3d_1	1y3b_1	1.000	281	1.000	1.000	3.755E-178	546
1y3d_1	1y3c_1	1.000	281	1.000	1.000	3.755E-178	546
1y3d_1	1tm1_1	1.000	281	1.000	1.000	3.755E-178	546
1y3d_1	1y3d_1	1.000	281	1.000	1.000	3.755E-178	546
1y3d_1	1tm3_1	1.000	281	1.000	1.000	3.755E-178	546
1y3d_1	1y48_1	1.000	281	1.000	1.000	3.755E-178	546
1y3d_1	1tm4_1	1.000	281	1.000	1.000	3.755E-178	546
1y3d_1	1tm5_1	1.000	281	1.000	1.000	3.755E-178	546
1y3d_1	1tm7_1	1.000	281	1.000	1.000	3.755E-178	546
1y3d_1	1to1_1	1.000	281	1.000	1.000	3.755E-178	546
1y3d_1	2sic_1	0.985	275	0.964	1.000	7.637E-169	519
1y3d_1	1y4a_1	0.985	275	0.964	1.000	7.637E-169	519
1y3d_1	2sni_1	0.981	275	0.964	1.000	1.966E-168	518
1y3d_1	1r0r_1	0.697	273	0.968	0.996	4.563E-112	355
1y3d_1	4gi3_1	0.693	273	0.968	0.996	8.564E-112	354
1y3d_1	3vv2_1	0.392	315	0.932	0.984	2.280E-49	173
1z92_1	1z92_1	1.000	121	1.000	1.000	1.531E-75	241
2aq2_1	2aq2_1	1.000	110	1.000	1.000	2.204E-71	228
2aq2_1	3bzd_1	0.798	109	0.991	0.826	1.932E-52	173
2aq2_1	4f9p_2	0.350	100	0.909	0.893	1.994E-10	53
2aq2_1	2ij0_2	0.336	112	0.964	0.949	2.732E-10	52
2aq2_1	4wen_2	0.333	96	0.800	0.800	2.760E-07	44
2aq2_1	4hgk_2	0.320	97	0.882	0.856	5.634E-05	37
2djy_1	2djy_1	1.000	42	1.000	1.000	1.657E-27	98
2o3b_2	2o3b_2	1.000	135	1.000	1.000	9.053E-87	274
2p43_2	2p43_2	1.000	118	1.000	1.000	8.865E-82	258
2p43_2	2p42_2	0.991	118	1.000	1.000	1.013E-79	252
2p43_2	2p46_2	0.682	118	1.000	0.914	5.560E-49	164
2p43_2	2p47_2	0.682	118	1.000	0.914	5.560E-49	164
2p43_2	2p48_2	0.682	118	1.000	0.914	5.560E-49	164
2p43_2	2p44_2	0.682	118	1.000	0.922	1.435E-48	163
2p43_2	2p45_2	0.674	118	1.000	0.913	6.369E-47	158
2q5d_2	2q5d_2	1.000	24	1.000	1.000	3.823E-09	44
2tgp_2	2ftl_2	1.000	58	1.000	1.000	6.500E-41	137
2tgp_2	2ptc_2	1.000	58	1.000	1.000	6.500E-41	137
2tgp_2	2tgp_2	1.000	58	1.000	1.000	6.500E-41	137
2tgp_2	3fp6_2	1.000	58	1.000	1.000	6.500E-41	137
2tgp_2	2r9p_2	1.000	58	1.000	1.000	6.500E-41	137
2tgp_2	1f5r_2	1.000	57	0.983	1.000	2.308E-40	136
2tgp_2	3p92_2	0.965	58	1.000	1.000	1.544E-39	133
2tgp_2	3p95_2	0.965	58	1.000	1.000	1.544E-39	133
2tgp_2	2ftm_2	0.982	58	1.000	1.000	1.544E-39	133
2tgp_2	2ra3_2	0.982	56	0.948	1.000	3.374E-37	126
2tgp_2	1f7z_2	0.982	56	0.948	1.000	3.374E-37	126
2tgp_2	1fy8_2	0.982	56	0.948	1.000	3.374E-37	126
2tgp_2	1eaw_2	0.982	56	0.948	1.000	3.374E-37	126
2tgp_2	3tgk_2	0.982	56	0.948	1.000	3.374E-37	126
2tgp_2	4u32_1	0.452	53	0.914	0.981	2.072E-15	64
2tgp_2	6gfi_2	0.452	53	0.914	0.946	3.918E-15	63
2tgp_2	5c67_2	0.452	53	0.914	1.000	7.409E-15	63
2tgp_2	1zjd_2	0.452	53	0.914	0.930	7.409E-15	63
2tgp_2	6har_2	0.433	53	0.914	0.981	5.014E-14	60
2tgp_2	1zr0_2	0.423	52	0.897	0.825	6.426E-13	57
2tgp_2	1yc0_2	0.358	53	0.914	0.803	1.673E-12	56
2tgp_2	4u30_2	0.395	48	0.828	0.889	4.916E-09	46
2vln_2	2vln_2	1.000	134	1.000	1.000	2.674E-88	278
2vln_2	2vlp_2	0.977	134	1.000	0.993	1.349E-84	267
2vln_2	3u43_2	0.798	134	1.000	0.992	1.504E-68	221
2vln_2	2wpt_2	0.788	115	0.858	1.000	7.144E-54	179
3tac_1	3tac_1	1.000	313	1.000	1.000	1.226E-213	650
3tac_1	5h9b_1	0.400	269	0.831	1.000	3.315E-61	209
3tac_1	5hu3_1	0.404	266	0.815	1.000	7.516E-60	205
3ul0_1	1pjm_2	1.000	426	1.000	1.000	3.554E-280	848
3ul0_1	3ul0_1	1.000	426	1.000	1.000	3.554E-280	848
3ul0_1	6iwa_2	1.000	426	1.000	0.998	3.554E-280	848
3ul0_1	3ukz_1	1.000	426	1.000	0.998	3.554E-280	848
3ul0_1	3ukx_1	0.995	426	1.000	0.995	2.654E-277	840
3ul0_1	6iu7_1	0.988	417	0.979	0.998	8.055E-269	816
3ul0_1	6iua_1	0.988	417	0.979	0.998	8.055E-269	816
3ul0_1	6bw9_1	0.514	426	1.000	0.986	1.073E-139	443
3wdg_1	3wdg_1	1.000	207	1.000	1.000	1.178E-143	442
3wdg_1	1ugh_1	0.453	203	0.884	0.910	1.692E-55	188
3wdg_1	5ayr_1	0.446	204	0.879	0.911	1.009E-53	183
4a1s_1	4a1s_1	1.000	346	1.000	1.000	3.797E-225	685
4a1s_1	4wnd_1	0.381	322	0.919	0.985	2.768E-53	188
4b1y_1	4b1y_1	1.000	364	1.000	1.000	6.562E-248	752
4b1y_1	1t44_2	0.975	364	1.000	0.997	7.977E-237	720
4b1y_1	3u8x_1	0.961	360	0.989	0.989	4.457E-231	703
4b1y_1	3u9d_1	0.961	360	0.989	0.989	4.457E-231	703
4b1y_1	3sjh_1	0.961	360	0.989	0.989	4.457E-231	703
4b1y_1	4b1x_1	0.936	364	1.000	0.955	7.778E-227	691
4b1y_1	3u9z_1	0.932	357	0.920	1.000	1.389E-219	670
4b1y_1	2v51_1	0.908	360	0.989	0.994	4.896E-219	668
4b1y_1	1h1v_1	0.918	364	1.000	0.992	2.146E-217	664
4b1y_1	4b1v_1	0.898	364	1.000	0.952	4.123E-214	654
4b1y_1	2v52_1	0.901	364	1.000	0.950	2.729E-213	652
4b1y_1	2btf_1	0.752	364	1.000	0.952	1.164E-185	572
5mv9_2	5mv9_2	1.000	120	1.000	1.000	2.881E-79	251
5omb_2	5omb_2	1.000	98	1.000	1.000	1.031E-55	182
5tzp_2	5tzp_2	1.000	22	1.000	1.000	1.913E-10	48
5tzp_2	2voh_2	0.608	23	1.000	0.958	1.730E-03	28
5tzp_2	5ajk_2	0.590	22	1.000	0.913	3.159E-02	24
5tzp_2	2xpx_2	0.545	22	1.000	0.826	1.153E-01	23
5tzp_2	2jby_2	0.545	22	1.000	0.800	1.595E-01	22
5tzp_2	6fbx_2	0.368	19	0.864	0.864	4.147E+00	18
5tzp_2	5uul_2	0.333	21	0.955	0.826	2.075E+02	14
5v62_2	5v62_2	1.000	14	1.000	1.000	5.232E-04	29
5v62_2	3tei_2	0.928	14	1.000	0.875	4.900E-03	26
5wos_2	5wos_2	1.000	21	1.000	1.000	2.655E-11	50
5wos_2	3kz0_2	0.761	21	1.000	0.950	3.627E-06	35
5wos_2	5uul_2	0.391	21	0.952	0.913	1.973E+01	16
5wos_2	6e3i_2	0.400	20	0.857	0.952	3.823E+01	16
5nt1_1	5nt1_1	1.000	173	1.000	1.000	3.705E-102	320
5oy9_1	5oy9_1	1.000	409	1.000	1.000	9.420E-295	889
5oy9_1	5oyl_1	0.997	409	0.998	1.000	1.458E-292	883
5u4m_1	5u4m_1	1.000	255	1.000	1.000	3.094E-169	518
5u4m_1	5j57_1	0.992	255	1.000	0.962	1.236E-166	511
5u4m_1	4z9k_1	0.995	242	0.945	1.000	7.880E-159	488
5u4m_1	5boz_1	0.991	243	0.953	0.920	7.880E-159	488
5u4m_1	5j56_1	0.804	241	0.945	0.808	5.894E-120	376
5vkl_1	5vkl_1	1.000	202	1.000	1.000	7.216E-138	425
5wuj_1	5wuj_1	1.000	37	1.000	1.000	2.406E-19	74
2ra3_1	2ra3_1	1.000	224	1.000	1.000	2.827E-157	482
2ra3_1	6har_1	0.870	224	1.000	1.000	9.894E-137	423
2ra3_1	2r9p_1	0.870	224	1.000	1.000	9.894E-137	423
2ra3_1	3p92_1	0.866	224	1.000	1.000	8.178E-135	417
2ra3_1	3p95_1	0.866	224	1.000	1.000	8.178E-135	417
2ra3_1	3l33_1	0.866	224	1.000	1.000	8.178E-135	417
2ra3_1	6gfi_1	0.866	224	1.000	1.000	8.178E-135	417
2ra3_1	5c67_1	0.861	224	1.000	1.000	1.270E-132	411
2ra3_1	4u32_2	0.848	224	0.973	1.000	5.586E-131	406
2ra3_1	4u30_1	0.847	223	0.969	1.000	1.972E-130	405
2ra3_1	3fp6_1	0.785	224	1.000	1.000	6.093E-122	380
2ra3_1	1ldt_1	0.776	224	1.000	1.000	2.947E-121	378
2ra3_1	1eja_1	0.776	224	1.000	1.000	2.947E-121	378
2ra3_1	1d6r_1	0.741	224	1.000	1.000	3.776E-117	366
2ra3_1	1smf_1	0.741	224	1.000	1.000	3.776E-117	366
2ra3_1	2uuy_1	0.741	224	1.000	1.000	3.776E-117	366
2ra3_1	2xtt_2	0.741	224	1.000	1.000	3.776E-117	366
2ra3_1	6dwh_1	0.741	224	1.000	1.000	3.776E-117	366
2ra3_1	1c9t_1	0.721	223	0.969	1.000	6.628E-113	354
2ra3_1	4aoq_1	0.721	223	0.969	1.000	6.628E-113	354
2ra3_1	1ppe_1	0.721	223	0.969	1.000	6.628E-113	354
2ra3_1	2ptc_1	0.721	223	0.969	1.000	6.628E-113	354
2ra3_1	2tgp_1	0.721	223	0.969	1.000	6.628E-113	354
2ra3_1	1g9i_1	0.721	223	0.969	1.000	6.628E-113	354
2ra3_1	2g81_1	0.721	223	0.969	1.000	6.628E-113	354
2ra3_1	6dwf_1	0.721	223	0.969	1.000	6.628E-113	354
2ra3_1	4j2y_2	0.721	223	0.969	1.000	6.628E-113	354
2ra3_1	2ftm_1	0.717	223	0.969	1.000	3.206E-112	352
2ra3_1	6kbr_1	0.397	189	0.844	0.989	6.771E-41	146
2ra3_1	4ag2_1	0.328	203	0.888	0.910	6.817E-28	108
2ra3_1	4afq_1	0.320	209	0.888	0.946	9.732E-26	102
2v52_1	2v52_1	1.000	360	1.000	1.000	4.069E-245	743
2v52_1	4b1v_1	0.977	360	1.000	1.000	6.007E-236	717
2v52_1	4b1x_1	0.896	360	1.000	1.000	1.743E-220	672
2v52_1	4b1y_1	0.901	364	0.950	1.000	8.820E-214	653
2v52_1	2v51_1	0.934	348	0.939	0.994	1.209E-213	653
2v52_1	3u9z_1	0.870	357	0.978	1.000	1.502E-212	649
2v52_1	1t44_2	0.900	357	0.950	0.997	2.059E-212	649
2v52_1	3u8x_1	0.880	353	0.939	0.989	1.426E-205	629
2v52_1	3u9d_1	0.880	353	0.939	0.989	1.426E-205	629
2v52_1	3sjh_1	0.880	353	0.939	0.989	1.426E-205	629
2v52_1	1h1v_1	0.872	354	0.950	0.992	6.384E-201	616
2v52_1	2btf_1	0.790	372	0.986	0.997	3.151E-197	605
2voi_1	2voi_1	1.000	147	1.000	1.000	2.704E-95	299
2wwk_1	2wwk_1	1.000	99	1.000	1.000	2.538E-61	198
2y8t_1	2y8t_1	1.000	388	1.000	1.000	3.784E-273	826
2y8t_1	2y8s_1	0.992	387	0.997	0.997	7.466E-267	808
2y8t_1	4yiz_1	0.610	392	0.861	1.000	4.916E-151	473
4m0w_1	4m0w_1	1.000	316	1.000	1.000	1.712E-215	655
4m0w_1	5tl7_2	0.983	309	0.965	1.000	1.227E-205	627
4ol0_1	4ol0_1	1.000	172	1.000	1.000	8.416E-118	365
4ol0_1	3gj3_1	0.941	172	1.000	0.812	1.995E-106	332
4ol0_1	3gj6_1	0.936	172	1.000	0.808	2.490E-105	329
4ol0_1	3gj4_1	0.930	172	1.000	0.801	3.109E-104	326
4ol0_1	1ibr_1	0.993	145	0.843	1.000	1.337E-95	301
4ol0_1	4qxa_1	0.344	148	0.820	0.974	1.712E-26	102
4ol0_1	4g01_2	0.353	164	0.913	0.994	2.297E-23	93
4ol0_1	4ojk_1	0.333	159	0.872	0.930	5.869E-23	92
4ol0_1	4c4p_1	0.320	159	0.855	0.952	7.724E-20	83
4qzv_1	4qzv_1	1.000	727	1.000	1.000	0.000E+00	1545
4uyq_1	4uyq_1	1.000	123	1.000	1.000	7.161E-77	244
4xxb_1	4xxb_1	1.000	151	1.000	1.000	7.148E-100	312
6ib8_2	6ib8_2	1.000	65	1.000	1.000	3.302E-40	136
6j56_2	6j56_2	1.000	26	1.000	1.000	1.578E-13	57
6j56_2	1syq_2	0.416	24	0.846	0.960	4.175E+01	16
6mba_2	6mba_2	1.000	145	1.000	1.000	1.127E-90	286
6mba_2	4m1l_1	1.000	145	1.000	1.000	1.127E-90	286
6mba_2	2vay_1	0.993	145	1.000	0.986	1.284E-88	280
6mba_2	6mud_1	0.979	147	0.993	1.000	3.311E-88	278
6mba_2	4lzx_1	0.986	145	1.000	0.986	6.227E-88	278
6mba_2	5tp6_1	0.972	147	1.000	0.993	7.783E-87	274
6mba_2	6mc9_2	0.958	145	1.000	0.986	8.869E-85	269
6mba_2	1vrk_1	0.911	147	0.993	0.993	2.085E-83	265
6oqk_2	6oqk_2	1.000	52	1.000	1.000	3.554E-26	94
6oqk_2	6oqj_2	0.903	52	0.981	1.000	2.218E-20	78
1b3s_1	1b3s_1	1.000	110	1.000	1.000	7.466E-74	235
1b3s_1	1x1w_1	0.990	110	1.000	1.000	4.971E-73	233
1b3s_1	1b2u_1	0.981	110	1.000	1.000	3.310E-72	230
1b3s_1	1x1u_1	0.981	110	1.000	1.000	5.688E-71	227
1b3s_1	1x1x_1	0.981	110	1.000	1.000	5.688E-71	227
1b3s_1	1x1y_1	0.963	110	1.000	0.991	2.523E-69	222
1b3s_1	2za4_1	0.954	110	1.000	0.991	1.680E-68	220
2efh_2	2efd_2	1.000	152	1.000	1.000	1.463E-96	303
2efh_2	2efh_2	1.000	152	1.000	1.000	1.463E-96	303
4bkx_1	4bkx_1	1.000	140	1.000	1.000	2.506E-91	287
4d0g_1	4d0g_1	1.000	147	1.000	1.000	2.704E-95	299
4d0g_1	4c4p_1	0.375	150	0.980	0.898	4.890E-24	94
4d0g_1	3tkl_1	0.360	149	0.973	0.871	4.417E-23	91
4d0g_1	4ojk_1	0.381	148	0.986	0.865	2.912E-22	89
4d0g_1	4g01_2	0.333	144	0.973	0.873	2.911E-19	80
4d0g_1	3jza_1	0.326	148	0.898	1.000	6.538E-15	67
4d0g_1	5szh_2	0.315	142	0.946	0.993	8.936E-15	67
4ehq_1	4ehq_1	1.000	145	1.000	1.000	4.372E-91	287
4ehq_1	5j8h_1	0.979	147	0.993	0.993	9.366E-89	280
4ehq_1	2m55_1	0.979	147	0.993	0.993	9.366E-89	280
4ehq_1	2n8j_1	0.979	147	0.993	0.993	9.366E-89	280
4ehq_1	6oqq_2	0.521	142	0.979	0.840	1.129E-39	139
4g35_1	4g35_1	1.000	127	1.000	1.000	2.583E-81	258
4g35_1	5w89_1	0.425	131	0.976	0.929	1.606E-24	94
4g35_1	3kj2_1	0.413	125	0.819	0.828	5.164E-23	90
4g35_1	5c3f_1	0.413	125	0.819	0.828	5.164E-23	90
4g35_1	3kj1_1	0.443	127	0.819	0.836	5.164E-23	90
4hdo_1	4hdo_1	1.000	310	1.000	1.000	3.857E-210	640
4hdo_1	4dxa_2	0.762	291	0.939	0.874	7.316E-142	443
6fg8_2	6fg8_2	1.000	189	1.000	1.000	1.613E-122	380
6gvk_2	6gvk_2	1.000	131	1.000	1.000	6.539E-89	280
6im9_2	6im9_2	1.000	87	1.000	1.000	2.916E-55	180
6jb2_2	6jb8_2	1.000	129	1.000	1.000	3.792E-91	286
6jb2_2	1ri8_1	1.000	129	1.000	1.000	3.792E-91	286
6jb2_2	4gla_1	1.000	129	1.000	1.000	3.792E-91	286
6jb2_2	4gn4_1	1.000	129	1.000	1.000	3.792E-91	286
6jb2_2	4cj2_1	1.000	129	1.000	1.000	3.792E-91	286
6jb2_2	6jb2_2	1.000	129	1.000	1.000	3.792E-91	286
6jb2_2	1zvy_1	0.992	129	1.000	1.000	8.136E-89	279
6jb2_2	3m18_2	0.984	129	1.000	1.000	2.878E-88	278
6jb2_2	1dzb_2	0.945	129	1.000	1.000	6.176E-86	271
6jb2_2	1rjc_1	0.976	129	1.000	1.000	9.667E-84	265
6jb2_2	4i0c_1	0.600	130	1.000	1.000	1.462E-53	178
6jb2_2	1op9_1	0.600	130	1.000	1.000	1.462E-53	178
6ird_2	6ird_2	1.000	178	1.000	1.000	3.732E-113	352
4c4k_2	4c4k_2	1.000	97	1.000	1.000	7.768E-64	205
4c4k_2	3knb_1	0.896	97	1.000	0.989	3.182E-54	178
4di3_2	4di3_2	1.000	429	1.000	1.000	1.984E-292	884
4eoz_2	4eoz_2	1.000	282	1.000	1.000	8.487E-186	568
4gh7_2	4gh7_2	1.000	275	1.000	1.000	2.214E-182	557
4hgm_2	4hgm_2	1.000	99	1.000	1.000	1.475E-62	202
5djt_2	5djt_2	1.000	58	1.000	1.000	2.623E-34	118
5djt_2	5dju_1	0.807	57	0.983	1.000	1.470E-23	87
5djt_2	1h0t_1	0.793	58	1.000	1.000	9.885E-23	85
5djt_2	2m5a_1	0.793	58	1.000	1.000	9.885E-23	85
5djt_2	2b87_1	0.814	54	0.931	0.914	3.259E-21	81
5djt_2	1lp1_1	0.736	57	0.983	0.981	1.884E-18	73
5djt_2	1lp1_2	0.689	58	1.000	0.945	4.215E-16	66
5djt_2	3mzw_2	0.672	58	1.000	0.943	7.409E-15	63
5fr2_2	5fr2_2	1.000	177	1.000	1.000	4.150E-118	366
5fr2_2	5fr1_2	0.376	165	0.910	1.000	3.898E-29	110
5hu3_2	5hu3_2	1.000	15	1.000	1.000	1.211E-05	33
5jjd_2	5jjd_2	1.000	234	1.000	1.000	1.375E-161	495
1fy8_2	2ra3_2	1.000	56	1.000	1.000	1.393E-39	133
1fy8_2	1f7z_2	1.000	56	1.000	1.000	1.393E-39	133
1fy8_2	1fy8_2	1.000	56	1.000	1.000	1.393E-39	133
1fy8_2	1eaw_2	1.000	56	1.000	1.000	1.393E-39	133
1fy8_2	3tgk_2	1.000	56	1.000	1.000	1.393E-39	133
1fy8_2	1f5r_2	0.982	56	1.000	0.965	3.043E-37	126
1fy8_2	2ftl_2	0.982	56	1.000	0.948	3.043E-37	126
1fy8_2	2ptc_2	0.982	56	1.000	0.948	3.043E-37	126
1fy8_2	2tgp_2	0.982	56	1.000	0.948	3.043E-37	126
1fy8_2	3fp6_2	0.982	56	1.000	0.948	3.043E-37	126
1fy8_2	2r9p_2	0.982	56	1.000	0.948	3.043E-37	126
1fy8_2	3p92_2	0.946	56	1.000	0.948	7.240E-36	123
1fy8_2	3p95_2	0.946	56	1.000	0.948	7.240E-36	123
1fy8_2	2ftm_2	0.964	56	1.000	0.948	7.240E-36	123
1fy8_2	6gfi_2	0.470	51	0.911	0.911	6.699E-15	63
1fy8_2	5c67_2	0.470	51	0.911	0.962	1.267E-14	62
1fy8_2	1zjd_2	0.470	51	0.911	0.895	1.267E-14	62
1fy8_2	4u32_1	0.444	54	0.964	0.981	6.237E-14	60
1fy8_2	6har_2	0.450	51	0.911	0.944	8.579E-14	59
1fy8_2	1zr0_2	0.431	51	0.911	0.810	1.100E-12	56
1fy8_2	4u30_2	0.395	48	0.857	0.889	4.455E-09	46
1oey_1	1oey_1	1.000	74	1.000	1.000	1.131E-48	160
1q0w_1	1q0w_1	1.000	24	1.000	1.000	1.567E-10	48
1smf_1	1d6r_1	1.000	223	1.000	1.000	3.573E-150	462
1smf_1	1smf_1	1.000	223	1.000	1.000	3.573E-150	462
1smf_1	2uuy_1	1.000	223	1.000	1.000	3.573E-150	462
1smf_1	2xtt_2	1.000	223	1.000	1.000	3.573E-150	462
1smf_1	6dwh_1	1.000	223	1.000	1.000	3.573E-150	462
1smf_1	1c9t_1	0.973	223	0.973	1.000	1.340E-143	443
1smf_1	4aoq_1	0.973	223	0.973	1.000	1.340E-143	443
1smf_1	1ppe_1	0.973	223	0.973	1.000	1.340E-143	443
1smf_1	2ptc_1	0.973	223	0.973	1.000	1.340E-143	443
1smf_1	2tgp_1	0.973	223	0.973	1.000	1.340E-143	443
1smf_1	1g9i_1	0.973	223	0.973	1.000	1.340E-143	443
1smf_1	2g81_1	0.973	223	0.973	1.000	1.340E-143	443
1smf_1	6dwf_1	0.973	223	0.973	1.000	1.340E-143	443
1smf_1	4j2y_2	0.973	223	0.973	1.000	1.340E-143	443
1smf_1	2ftm_1	0.968	223	0.973	1.000	6.486E-143	441
1smf_1	1ldt_1	0.820	223	1.000	1.000	1.938E-127	396
1smf_1	1eja_1	0.820	223	1.000	1.000	1.938E-127	396
1smf_1	3fp6_1	0.739	223	1.000	1.000	2.459E-113	355
1smf_1	2ra3_1	0.741	224	1.000	1.000	4.619E-113	355
1smf_1	3p92_1	0.721	223	1.000	1.000	1.844E-110	347
1smf_1	3p95_1	0.721	223	1.000	1.000	1.844E-110	347
1smf_1	3l33_1	0.721	223	1.000	1.000	1.844E-110	347
1smf_1	6gfi_1	0.721	223	1.000	1.000	1.844E-110	347
1smf_1	6har_1	0.718	224	1.000	1.000	5.911E-109	343
1smf_1	2r9p_1	0.718	224	1.000	1.000	5.911E-109	343
1smf_1	5c67_1	0.717	223	1.000	1.000	2.859E-108	341
1smf_1	4u32_2	0.691	224	0.978	1.000	5.010E-104	329
1smf_1	4u30_1	0.695	223	0.973	1.000	6.867E-104	328
1smf_1	6kbr_1	0.397	189	0.848	0.989	6.898E-36	132
1smf_1	4ag2_1	0.343	206	0.906	0.924	7.508E-29	111
1smf_1	4afq_1	0.334	209	0.892	0.946	2.733E-26	104
1tm1_1	1y1k_1	1.000	281	1.000	1.000	3.755E-178	546
1tm1_1	1y33_1	1.000	281	1.000	1.000	3.755E-178	546
1tm1_1	1y34_1	1.000	281	1.000	1.000	3.755E-178	546
1tm1_1	1y3b_1	1.000	281	1.000	1.000	3.755E-178	546
1tm1_1	1y3c_1	1.000	281	1.000	1.000	3.755E-178	546
1tm1_1	1tm1_1	1.000	281	1.000	1.000	3.755E-178	546
1tm1_1	1y3d_1	1.000	281	1.000	1.000	3.755E-178	546
1tm1_1	1tm3_1	1.000	281	1.000	1.000	3.755E-178	546
1tm1_1	1y48_1	1.000	281	1.000	1.000	3.755E-178	546
1tm1_1	1tm4_1	1.000	281	1.000	1.000	3.755E-178	546
1tm1_1	1tm5_1	1.000	281	1.000	1.000	3.755E-178	546
1tm1_1	1tm7_1	1.000	281	1.000	1.000	3.755E-178	546
1tm1_1	1to1_1	1.000	281	1.000	1.000	3.755E-178	546
1tm1_1	2sic_1	0.985	275	0.964	1.000	7.637E-169	519
1tm1_1	1y4a_1	0.985	275	0.964	1.000	7.637E-169	519
1tm1_1	2sni_1	0.981	275	0.964	1.000	1.966E-168	518
1tm1_1	1r0r_1	0.697	273	0.968	0.996	4.563E-112	355
1tm1_1	4gi3_1	0.693	273	0.968	0.996	8.564E-112	354
1tm1_1	3vv2_1	0.392	315	0.932	0.984	2.280E-49	173
1uug_1	1uug_1	1.000	222	1.000	1.000	3.995E-155	476
4h3p_2	4h3p_2	1.000	6	1.000	1.000	5.354E+00	16
4ika_2	4ika_2	1.000	3	1.000	1.000	1.105E+03	11
4k1r_2	2k8b_1	1.000	76	1.000	1.000	3.726E-46	153
4k1r_2	4msm_2	1.000	76	1.000	1.000	3.726E-46	153
4k1r_2	2k8c_1	1.000	76	1.000	1.000	3.726E-46	153
4k1r_2	2kwu_2	1.000	76	1.000	1.000	3.726E-46	153
4k1r_2	2kwv_2	1.000	76	1.000	1.000	3.726E-46	153
4k1r_2	2mbb_2	1.000	76	1.000	1.000	3.726E-46	153
4k1r_2	4pqt_2	1.000	76	1.000	1.000	3.726E-46	153
4k1r_2	5vzm_1	1.000	76	1.000	1.000	3.726E-46	153
4k1r_2	2fuh_2	1.000	76	1.000	1.000	3.726E-46	153
4k1r_2	2mcn_2	1.000	76	1.000	1.000	3.726E-46	153
4k1r_2	2jy6_1	1.000	76	1.000	1.000	3.726E-46	153
4k1r_2	1wrd_2	1.000	76	1.000	1.000	3.726E-46	153
4k1r_2	1yx5_2	1.000	76	1.000	1.000	3.726E-46	153
4k1r_2	2l0f_1	1.000	76	1.000	1.000	3.726E-46	153
4k1r_2	1yx6_2	1.000	76	1.000	1.000	3.726E-46	153
4k1r_2	2den_2	1.000	76	1.000	1.000	3.726E-46	153
4k1r_2	2l0t_1	1.000	76	1.000	1.000	3.726E-46	153
4k1r_2	2mj5_1	1.000	76	1.000	1.000	3.726E-46	153
4k1r_2	4k1r_2	1.000	76	1.000	1.000	3.726E-46	153
4k1r_2	2lvo_1	1.000	76	1.000	1.000	3.726E-46	153
4k1r_2	1q5w_2	1.000	76	1.000	1.000	3.726E-46	153
4k1r_2	2g45_2	1.000	76	1.000	1.000	3.726E-46	153
4k1r_2	4m0w_2	1.000	76	1.000	1.000	3.726E-46	153
4k1r_2	2mre_1	1.000	76	1.000	1.000	3.726E-46	153
4k1r_2	2mro_1	1.000	76	1.000	1.000	3.726E-46	153
4k1r_2	2ktf_1	1.000	76	1.000	1.000	3.726E-46	153
4k1r_2	2lz6_1	1.000	76	1.000	1.000	3.726E-46	153
4k1r_2	1zgu_2	0.986	76	1.000	1.000	9.631E-46	152
4k1r_2	2jt4_2	0.960	76	1.000	1.000	3.133E-44	148
4k1r_2	1wr1_1	0.960	76	1.000	1.000	3.133E-44	148
4k1r_2	1q0w_2	0.960	76	1.000	1.000	3.133E-44	148
4k1r_2	1otr_2	0.960	76	1.000	1.000	3.133E-44	148
4k1r_2	2c7m_2	0.842	76	1.000	1.000	7.064E-35	121
4k1r_2	6d4p_2	0.789	76	1.000	0.958	1.420E-31	111
4k1r_2	5v69_2	0.843	64	0.803	0.985	4.270E-29	104
4k1r_2	4hcp_2	0.500	76	1.000	0.945	1.894E-19	77
4k1r_2	1p9d_1	0.328	73	0.961	0.859	2.137E-08	45
4k1r_2	5tl7_1	0.301	73	0.961	0.908	9.796E-07	40
4lrx_2	4lrx_2	1.000	286	1.000	1.000	5.307E-189	577
5hu3_1	5hu3_1	1.000	266	1.000	1.000	4.103E-183	559
5hu3_1	5h9b_1	0.992	266	1.000	0.981	4.220E-180	550
5hu3_1	3tac_1	0.404	266	1.000	0.815	7.689E-59	200
1rpq_2	1rpq_2	1.000	21	1.000	1.000	1.095E-12	54
1tba_2	1tba_2	1.000	180	1.000	1.000	1.922E-115	359
1ugh_2	1ugh_2	1.000	82	1.000	1.000	9.776E-50	164
1ugh_2	1uug_2	1.000	82	1.000	1.000	9.776E-50	164
1wq1_2	1wq1_2	1.000	295	1.000	1.000	4.746E-190	581
1y1k_2	1y1k_2	1.000	64	1.000	1.000	3.634E-38	130
1y1k_2	1tm1_2	0.984	64	1.000	1.000	1.291E-37	128
1y1k_2	1y33_2	0.984	64	1.000	1.000	1.772E-37	128
1y1k_2	1y34_2	0.968	64	1.000	1.000	8.640E-37	126
1y1k_2	1tm5_2	0.968	64	1.000	1.000	8.640E-37	126
1y1k_2	1y3b_2	0.921	64	1.000	0.984	3.277E-33	115
1y1k_2	1tm4_2	0.671	64	1.000	1.000	1.143E-20	79
5vxz_2	5vxz_2	1.000	102	1.000	1.000	3.674E-67	215
5xeq_2	5xeq_2	1.000	275	1.000	1.000	2.871E-188	574
5z2w_2	5z2w_2	1.000	35	1.000	1.000	4.075E-19	73
6bx8_2	6bx8_2	1.000	51	1.000	1.000	5.586E-36	123
6bx8_2	6har_2	0.458	48	0.902	0.889	4.208E-12	54
6bx8_2	4u32_1	0.468	47	0.882	0.870	1.413E-10	50
6bx8_2	1zjd_2	0.416	48	0.902	0.842	2.514E-09	46
6bx8_2	5c67_2	0.416	48	0.902	0.906	4.769E-09	46
6bx8_2	6gfi_2	0.416	48	0.902	0.857	9.048E-09	45
6bx8_2	4u30_2	0.431	44	0.824	0.815	2.231E-07	41
1eja_1	1ldt_1	1.000	223	1.000	1.000	1.113E-151	466
1eja_1	1eja_1	1.000	223	1.000	1.000	1.113E-151	466
1eja_1	1d6r_1	0.820	223	1.000	1.000	7.524E-128	397
1eja_1	1smf_1	0.820	223	1.000	1.000	7.524E-128	397
1eja_1	2uuy_1	0.820	223	1.000	1.000	7.524E-128	397
1eja_1	2xtt_2	0.820	223	1.000	1.000	7.524E-128	397
1eja_1	6dwh_1	0.820	223	1.000	1.000	7.524E-128	397
1eja_1	3fp6_1	0.807	223	1.000	1.000	2.259E-122	381
1eja_1	1c9t_1	0.793	223	0.973	1.000	2.814E-121	378
1eja_1	4aoq_1	0.793	223	0.973	1.000	2.814E-121	378
1eja_1	1ppe_1	0.793	223	0.973	1.000	2.814E-121	378
1eja_1	2ptc_1	0.793	223	0.973	1.000	2.814E-121	378
1eja_1	2tgp_1	0.793	223	0.973	1.000	2.814E-121	378
1eja_1	1g9i_1	0.793	223	0.973	1.000	2.814E-121	378
1eja_1	2g81_1	0.793	223	0.973	1.000	2.814E-121	378
1eja_1	6dwf_1	0.793	223	0.973	1.000	2.814E-121	378
1eja_1	4j2y_2	0.793	223	0.973	1.000	2.814E-121	378
1eja_1	2ftm_1	0.789	223	0.973	1.000	1.361E-120	376
1eja_1	3p92_1	0.784	223	1.000	1.000	3.505E-120	375
1eja_1	3p95_1	0.784	223	1.000	1.000	3.505E-120	375
1eja_1	3l33_1	0.784	223	1.000	1.000	3.505E-120	375
1eja_1	6gfi_1	0.784	223	1.000	1.000	3.505E-120	375
1eja_1	6har_1	0.781	224	1.000	1.000	1.124E-118	371
1eja_1	2r9p_1	0.781	224	1.000	1.000	1.124E-118	371
1eja_1	5c67_1	0.780	223	1.000	1.000	5.439E-118	369
1eja_1	2ra3_1	0.776	224	1.000	1.000	1.400E-117	368
1eja_1	4u32_2	0.754	224	0.978	1.000	9.549E-114	357
1eja_1	4u30_1	0.757	223	0.973	1.000	1.309E-113	356
1eja_1	6kbr_1	0.378	188	0.843	0.984	3.287E-35	130
1eja_1	4ag2_1	0.346	206	0.906	0.924	2.286E-27	107
1eja_1	4afq_1	0.337	209	0.892	0.946	8.246E-25	99
6mkz_2	6mkz_2	1.000	115	1.000	1.000	2.490E-87	274
6osw_2	6osw_2	1.000	25	1.000	1.000	1.780E-11	51
1buh_1	1buh_1	1.000	268	1.000	1.000	1.982E-181	554
1emv_1	1emv_1	1.000	78	1.000	1.000	2.069E-49	163
1emv_1	2vlq_1	0.950	80	1.000	0.952	1.593E-46	154
1emv_1	2vln_1	0.912	80	0.936	1.000	1.686E-43	146
1emv_1	2vlo_1	0.800	90	0.923	1.000	2.672E-41	139
1emv_1	3u43_1	0.510	92	0.936	1.000	3.116E-24	91
1gla_1	1gla_1	1.000	154	1.000	1.000	1.337E-94	297
3o43_2	3o43_2	1.000	25	1.000	1.000	3.875E-13	55
3o43_2	4dzv_2	1.000	23	0.920	1.000	4.968E-12	52
3o43_2	3f50_1	1.000	23	0.920	0.958	4.968E-12	52
3o43_2	3o40_2	0.678	28	1.000	1.000	3.383E-06	36
3p71_2	3p71_2	1.000	303	1.000	1.000	1.582E-214	652
3p71_2	5zqv_1	0.476	290	0.924	0.986	2.608E-88	287
3p71_2	5inb_1	0.473	279	0.891	0.979	2.115E-86	282
3p71_2	5j28_1	0.473	279	0.891	0.979	2.115E-86	282
3r9a_2	3r9a_2	1.000	292	1.000	1.000	4.419E-194	592
3tkl_2	3tkl_2	1.000	192	1.000	1.000	1.276E-118	369
3uyp_2	3uyp_2	1.000	226	1.000	1.000	1.245E-154	475
3uyp_2	3uzv_2	1.000	226	1.000	0.987	1.245E-154	475
3uyp_2	3uze_2	0.995	227	1.000	0.991	3.996E-153	470
3uyp_2	3uzq_1	0.961	233	1.000	0.996	9.646E-149	458
3uyp_2	5aaw_1	0.712	226	0.898	0.991	1.745E-108	342
3uyp_2	5aam_1	0.712	225	0.898	0.991	7.666E-107	337
3uyp_2	1dzb_1	0.600	225	0.996	0.991	1.104E-87	282
3uyp_2	5dfw_2	0.487	222	0.907	1.000	8.265E-66	218
3uyp_2	6ejm_2	0.480	226	1.000	0.907	1.566E-62	209
3uyp_2	6cbp_2	0.433	231	0.978	0.983	2.172E-56	191
3uyp_2	6oan_2	0.461	223	0.978	0.974	9.405E-52	178
3uyp_2	6qb3_2	0.350	227	0.903	0.996	2.772E-38	139
3uyp_2	4x7s_1	0.321	193	0.823	0.919	4.227E-24	97
3uyp_2	6i07_1	0.334	200	0.810	0.877	4.227E-24	97
2ld7_1	2ld7_1	1.000	94	1.000	1.000	7.684E-62	199
2m04_1	2m04_1	1.000	171	1.000	1.000	9.442E-113	351
2m04_1	1g5j_1	0.971	175	0.994	1.000	5.200E-110	343
2m04_1	2pon_2	0.948	156	0.865	1.000	6.178E-95	299
2m04_1	4bpk_1	0.883	155	0.906	1.000	3.998E-87	277
2m04_1	2yq7_1	0.878	156	0.912	0.993	9.379E-86	273
2m04_1	5vx3_1	0.878	156	0.912	0.993	9.379E-86	273
2m04_1	3r85_1	0.859	157	0.918	0.986	2.200E-84	269
2m04_1	4k5a_1	0.473	161	0.901	0.982	2.147E-44	154
2mv7_1	2mv7_1	1.000	69	1.000	1.000	2.546E-42	142
2omx_1	2omx_1	1.000	462	1.000	1.000	3.247E-291	882
2omx_1	2omz_1	0.987	462	1.000	0.989	4.643E-285	865
2omx_1	2omy_1	0.971	462	1.000	1.000	2.905E-277	842
2omx_1	2omv_1	0.969	462	1.000	1.000	9.280E-276	838
2p49_1	2p49_1	1.000	119	1.000	1.000	1.064E-79	252
2p49_1	4pou_1	0.958	120	0.966	1.000	5.129E-72	230
2p49_1	3qsk_1	0.940	117	0.983	0.933	1.815E-71	229
2p49_1	2p4a_1	1.000	103	0.866	0.831	2.846E-69	222
2p49_1	1dfj_1	1.000	103	0.866	0.831	2.846E-69	222
2p49_1	2p42_1	1.000	103	0.866	0.831	2.846E-69	222
2p49_1	2p43_1	1.000	103	0.866	0.831	2.846E-69	222
2p49_1	2p45_1	1.000	103	0.866	0.831	2.846E-69	222
2p49_1	2p48_1	1.000	103	0.866	0.831	2.846E-69	222
2p49_1	2p44_1	0.914	114	0.958	0.933	2.373E-67	217
2p49_1	2p47_1	0.804	123	0.832	1.000	1.004E-61	201
4jeg_1	4jeg_1	1.000	114	1.000	1.000	1.493E-75	240
4krl_1	4krl_1	1.000	166	1.000	1.000	1.186E-117	364
4msm_1	4msm_1	1.000	186	1.000	1.000	1.794E-128	397
4pc0_1	4pc0_1	1.000	404	1.000	1.000	1.505E-285	863
2ve7_1	2ve7_1	1.000	246	1.000	1.000	3.659E-162	497
1y3c_1	1y1k_1	1.000	281	1.000	1.000	3.755E-178	546
1y3c_1	1y33_1	1.000	281	1.000	1.000	3.755E-178	546
1y3c_1	1y34_1	1.000	281	1.000	1.000	3.755E-178	546
1y3c_1	1y3b_1	1.000	281	1.000	1.000	3.755E-178	546
1y3c_1	1y3c_1	1.000	281	1.000	1.000	3.755E-178	546
1y3c_1	1tm1_1	1.000	281	1.000	1.000	3.755E-178	546
1y3c_1	1y3d_1	1.000	281	1.000	1.000	3.755E-178	546
1y3c_1	1tm3_1	1.000	281	1.000	1.000	3.755E-178	546
1y3c_1	1y48_1	1.000	281	1.000	1.000	3.755E-178	546
1y3c_1	1tm4_1	1.000	281	1.000	1.000	3.755E-178	546
1y3c_1	1tm5_1	1.000	281	1.000	1.000	3.755E-178	546
1y3c_1	1tm7_1	1.000	281	1.000	1.000	3.755E-178	546
1y3c_1	1to1_1	1.000	281	1.000	1.000	3.755E-178	546
1y3c_1	2sic_1	0.985	275	0.964	1.000	7.637E-169	519
1y3c_1	1y4a_1	0.985	275	0.964	1.000	7.637E-169	519
1y3c_1	2sni_1	0.981	275	0.964	1.000	1.966E-168	518
1y3c_1	1r0r_1	0.697	273	0.968	0.996	4.563E-112	355
1y3c_1	4gi3_1	0.693	273	0.968	0.996	8.564E-112	354
1y3c_1	3vv2_1	0.392	315	0.932	0.984	2.280E-49	173
1yx6_1	1yx5_1	1.000	112	1.000	1.000	2.217E-63	205
1yx6_1	1yx6_1	1.000	112	1.000	1.000	2.217E-63	205
2ajf_1	2ajf_1	1.000	597	1.000	1.000	0.000E+00	1265
2den_1	2den_1	1.000	46	1.000	1.000	6.729E-26	93
2g2u_1	3c4p_1	1.000	265	1.000	1.000	4.378E-171	524
2g2u_1	2g2u_1	1.000	265	1.000	1.000	4.378E-171	524
2g2u_1	3n4i_1	0.996	265	1.000	1.000	1.545E-170	523
2g2u_1	2g2w_1	0.996	265	1.000	1.000	3.978E-170	522
2g2u_1	5npo_1	0.669	263	0.977	1.000	1.643E-112	355
2g2u_1	1jtd_1	0.671	262	0.977	1.000	3.085E-112	355
2g2u_1	3qhy_1	0.320	256	0.966	0.981	1.788E-34	129
3qq8_2	3qq8_2	1.000	80	1.000	1.000	3.425E-50	165
3qq8_2	3qc8_2	0.987	80	1.000	0.988	3.946E-48	159
3sri_2	3sri_2	1.000	25	1.000	1.000	5.725E-14	58
3ukx_2	3ukx_2	1.000	23	1.000	1.000	3.599E-09	44
3w8i_2	3w8i_2	1.000	63	1.000	1.000	2.917E-36	124
3w8i_2	4geh_2	0.857	63	1.000	0.831	2.061E-28	102
4udm_2	4udm_2	1.000	96	1.000	1.000	3.929E-64	206
2ihs_1	2ihs_1	1.000	141	1.000	1.000	1.137E-99	311
2k2s_1	2k2s_1	1.000	136	1.000	1.000	1.236E-82	262
2khs_1	2khs_1	1.000	121	1.000	1.000	9.766E-78	247
2l0f_1	2k8b_1	1.000	76	1.000	1.000	3.726E-46	153
2l0f_1	4msm_2	1.000	76	1.000	1.000	3.726E-46	153
2l0f_1	2k8c_1	1.000	76	1.000	1.000	3.726E-46	153
2l0f_1	2kwu_2	1.000	76	1.000	1.000	3.726E-46	153
2l0f_1	2kwv_2	1.000	76	1.000	1.000	3.726E-46	153
2l0f_1	2mbb_2	1.000	76	1.000	1.000	3.726E-46	153
2l0f_1	4pqt_2	1.000	76	1.000	1.000	3.726E-46	153
2l0f_1	5vzm_1	1.000	76	1.000	1.000	3.726E-46	153
2l0f_1	2fuh_2	1.000	76	1.000	1.000	3.726E-46	153
2l0f_1	2mcn_2	1.000	76	1.000	1.000	3.726E-46	153
2l0f_1	2jy6_1	1.000	76	1.000	1.000	3.726E-46	153
2l0f_1	1wrd_2	1.000	76	1.000	1.000	3.726E-46	153
2l0f_1	1yx5_2	1.000	76	1.000	1.000	3.726E-46	153
2l0f_1	2l0f_1	1.000	76	1.000	1.000	3.726E-46	153
2l0f_1	1yx6_2	1.000	76	1.000	1.000	3.726E-46	153
2l0f_1	2den_2	1.000	76	1.000	1.000	3.726E-46	153
2l0f_1	2l0t_1	1.000	76	1.000	1.000	3.726E-46	153
2l0f_1	2mj5_1	1.000	76	1.000	1.000	3.726E-46	153
2l0f_1	4k1r_2	1.000	76	1.000	1.000	3.726E-46	153
2l0f_1	2lvo_1	1.000	76	1.000	1.000	3.726E-46	153
2l0f_1	1q5w_2	1.000	76	1.000	1.000	3.726E-46	153
2l0f_1	2g45_2	1.000	76	1.000	1.000	3.726E-46	153
2l0f_1	4m0w_2	1.000	76	1.000	1.000	3.726E-46	153
2l0f_1	2mre_1	1.000	76	1.000	1.000	3.726E-46	153
2l0f_1	2mro_1	1.000	76	1.000	1.000	3.726E-46	153
2l0f_1	2ktf_1	1.000	76	1.000	1.000	3.726E-46	153
2l0f_1	2lz6_1	1.000	76	1.000	1.000	3.726E-46	153
2l0f_1	1zgu_2	0.986	76	1.000	1.000	9.631E-46	152
2l0f_1	2jt4_2	0.960	76	1.000	1.000	3.133E-44	148
2l0f_1	1wr1_1	0.960	76	1.000	1.000	3.133E-44	148
2l0f_1	1q0w_2	0.960	76	1.000	1.000	3.133E-44	148
2l0f_1	1otr_2	0.960	76	1.000	1.000	3.133E-44	148
2l0f_1	2c7m_2	0.842	76	1.000	1.000	7.064E-35	121
2l0f_1	6d4p_2	0.789	76	1.000	0.958	1.420E-31	111
2l0f_1	5v69_2	0.843	64	0.803	0.985	4.270E-29	104
2l0f_1	4hcp_2	0.500	76	1.000	0.945	1.894E-19	77
2l0f_1	1p9d_1	0.328	73	0.961	0.859	2.137E-08	45
2l0f_1	5tl7_1	0.301	73	0.961	0.908	9.796E-07	40
2lqh_1	1sb0_1	1.000	87	1.000	1.000	4.001E-55	180
2lqh_1	2lqh_1	1.000	87	1.000	1.000	4.001E-55	180
2lqh_1	5u4k_1	1.000	87	1.000	1.000	4.001E-55	180
4ihh_2	4ihh_2	1.000	10	1.000	1.000	3.326E-02	23
4k0a_2	4k0a_2	1.000	24	1.000	1.000	1.220E-11	51
4k0a_2	4ka2_2	1.000	24	1.000	1.000	1.220E-11	51
4lgr_2	4lgr_2	1.000	121	1.000	1.000	1.285E-80	255
4lgr_2	5j56_2	0.648	128	0.959	1.000	1.977E-43	148
4nzw_2	4nzw_2	1.000	266	1.000	1.000	3.485E-178	545
2ruk_2	2rnr_2	1.000	108	1.000	1.000	1.392E-67	217
2ruk_2	2ruk_2	1.000	108	1.000	1.000	1.392E-67	217
2ruk_2	2rvb_2	1.000	108	1.000	1.000	1.392E-67	217
2ruk_2	5xv8_2	1.000	108	1.000	1.000	1.392E-67	217
5un7_2	5un7_2	1.000	61	1.000	1.000	3.119E-38	130
5vz4_2	5vz4_2	1.000	190	1.000	1.000	1.685E-132	409
5xiu_2	5xiu_2	1.000	73	1.000	1.000	9.566E-44	146
5xiu_2	2hth_1	1.000	73	1.000	1.000	9.566E-44	146
5xiu_2	2oob_2	1.000	72	0.986	1.000	3.394E-43	145
5xiu_2	2mur_2	0.972	74	1.000	0.949	2.082E-41	139
5xiu_2	3kw5_2	0.972	73	1.000	0.947	1.392E-40	137
5xiu_2	2k6d_2	0.972	73	1.000	0.934	1.392E-40	137
5xiu_2	1yd8_1	1.000	64	0.877	1.000	5.719E-38	130
5xiu_2	2dx5_2	1.000	64	0.877	1.000	5.719E-38	130
5xiu_2	4i6l_2	0.904	73	1.000	0.986	3.827E-37	127
5xiu_2	6dgf_2	0.917	73	1.000	0.959	3.827E-37	127
5xiu_2	5hps_2	0.835	73	1.000	1.000	1.147E-34	120
5xiu_2	5hpk_2	0.835	73	1.000	0.935	1.988E-33	117
5xiu_2	4hcn_2	0.921	64	0.877	0.969	7.063E-33	115
5xiu_2	5v5h_2	0.890	64	0.877	0.952	5.498E-30	107
5z78_2	5z78_2	1.000	121	1.000	1.000	9.366E-81	256
6bxa_2	6bxa_2	1.000	191	1.000	1.000	3.228E-125	388
5e6p_1	5e6p_1	1.000	436	1.000	1.000	9.477E-295	891
5fzt_1	5fzt_1	1.000	306	1.000	1.000	6.215E-194	593
5ij9_1	5ij0_1	1.000	430	1.000	1.000	3.723E-298	900
5ij9_1	5ij9_1	1.000	430	1.000	1.000	3.723E-298	900
5jw7_1	5jw7_1	1.000	257	1.000	1.000	2.130E-174	533
2qna_1	2qna_1	1.000	744	1.000	1.000	0.000E+00	1485
5elu_2	5elu_2	1.000	75	1.000	1.000	5.305E-47	156
5elu_2	5eql_2	0.973	76	0.987	1.000	2.172E-44	148
5elu_2	5tvq_2	0.960	75	0.960	1.000	5.149E-43	144
5elu_2	2uyz_2	0.493	75	1.000	0.962	7.539E-21	81
5elu_2	2iy1_2	0.493	75	1.000	0.843	8.840E-19	75
5elu_2	3a4s_2	0.301	73	0.933	0.986	5.943E-05	35
5gpg_2	5gpg_2	1.000	92	1.000	1.000	1.965E-62	201
5ip4_2	5ip4_2	1.000	80	1.000	1.000	1.819E-50	166
5kve_2	5kve_2	1.000	228	1.000	1.000	2.828E-155	477
5kve_2	4f9l_2	0.536	208	0.877	0.916	2.036E-70	232
5kve_2	6i07_1	0.338	228	1.000	0.965	6.915E-32	120
5m2m_2	5m2m_2	1.000	127	1.000	1.000	3.728E-85	269
5m2m_2	4ksd_2	0.689	127	1.000	1.000	2.615E-50	168
5m2m_2	6f2g_2	0.674	127	1.000	0.947	3.275E-49	165
5m2m_2	6gjq_2	0.645	127	1.000	1.000	3.418E-46	156
5m2m_2	6cwg_2	0.639	127	1.000	1.000	8.818E-46	155
5m2m_2	5hvf_2	0.651	126	0.992	1.000	3.907E-44	151
5m2m_2	5jds_1	0.595	127	0.992	1.000	1.731E-42	146
5m2m_2	5imk_1	0.606	127	1.000	0.846	6.125E-42	144
5m2m_2	5imm_1	0.606	127	1.000	0.839	6.125E-42	144
5m2m_2	1ri8_2	0.598	127	1.000	1.000	7.669E-41	141
5m2m_2	6fv0_2	0.619	126	0.992	1.000	2.714E-40	139
5m2m_2	5o2u_2	0.627	127	1.000	0.983	9.602E-40	138
5m2m_2	3zkq_2	0.622	127	1.000	0.982	2.477E-39	137
5m2m_2	5ip4_1	0.654	107	0.843	0.872	3.101E-38	134
5m2m_2	4z9k_2	0.648	106	0.835	0.953	1.253E-35	126
5m2m_2	4pou_2	0.588	116	0.913	0.858	4.046E-34	122
5m2m_2	5u4m_2	0.559	126	0.992	0.841	7.610E-34	121
5m2m_2	4w6x_2	0.519	127	1.000	0.839	2.692E-33	119
5m2m_2	3eba_1	0.560	115	0.906	0.805	1.791E-32	117
5m2m_2	4i0c_2	0.511	127	1.000	0.833	6.335E-32	115
5m2m_2	4x7f_2	0.579	125	0.984	1.000	2.240E-31	114
5m2m_2	1zvh_2	0.527	126	0.992	0.836	5.778E-31	113
5m2m_2	6jb2_1	0.496	127	1.000	0.841	7.924E-31	112
5m2m_2	4w6w_2	0.535	127	1.000	0.839	1.864E-29	108
5m2m_2	4x7e_2	0.535	127	1.000	0.824	2.124E-27	102
5m2m_2	5j57_2	0.440	112	0.882	0.871	6.620E-19	78
2l29_2	2l29_2	1.000	67	1.000	1.000	3.751E-44	147
2l29_2	1wqj_2	0.684	56	0.821	0.949	7.598E-22	83
2lxm_2	2lxm_2	1.000	36	1.000	1.000	2.904E-18	71
2mre_2	2mre_2	1.000	33	1.000	1.000	2.867E-20	76
2omu_2	2omu_2	1.000	101	1.000	1.000	6.581E-67	214
2omu_2	3ff8_1	0.970	100	0.980	1.000	3.062E-62	201
2omu_2	2omx_2	0.987	82	0.812	0.988	1.146E-51	171
2omz_1	2omz_1	1.000	466	1.000	1.000	4.751E-293	888
2omz_1	2omx_1	0.987	462	0.989	1.000	5.063E-284	862
2omz_1	2omv_1	0.969	461	0.989	1.000	2.309E-276	840
2omz_1	2omy_1	0.969	461	0.989	1.000	3.164E-276	839
2p8q_1	2p8q_1	1.000	873	1.000	1.000	0.000E+00	1742
2rms_1	2rms_1	1.000	71	1.000	1.000	1.294E-44	149
2v6x_1	2v6x_1	1.000	78	1.000	1.000	3.273E-47	156
2w19_1	2w19_1	1.000	394	1.000	1.000	5.395E-264	800
2w84_1	2w84_1	1.000	50	1.000	1.000	2.739E-28	100
2wy8_1	2wy8_1	1.000	292	1.000	1.000	3.224E-194	593
2wy8_1	2gox_1	0.983	297	1.000	1.000	3.646E-192	587
2yq7_1	2yq7_1	1.000	140	1.000	1.000	8.527E-94	294
2yq7_1	5vx3_1	1.000	140	1.000	1.000	8.527E-94	294
2yq7_1	4bpk_1	0.992	139	0.986	1.000	8.862E-91	286
2yq7_1	3r85_1	0.978	140	1.000	0.986	3.134E-90	284
2yq7_1	2m04_1	0.878	156	0.993	0.912	6.125E-87	274
2yq7_1	1g5j_1	0.850	160	0.986	0.914	1.440E-85	271
2yq7_1	2pon_2	0.826	156	0.936	1.000	4.402E-80	255
2yq7_1	4hnj_2	0.692	140	1.000	0.822	7.240E-58	191
2yq7_1	4k5a_1	0.481	158	0.957	0.963	1.318E-43	150
2yq7_1	6fbx_1	0.316	133	0.893	0.899	1.613E-13	63
3bs5_1	3bs5_1	1.000	83	1.000	1.000	1.064E-53	175
3d5s_1	3d5r_1	1.000	297	1.000	1.000	2.328E-198	605
3d5s_1	3d5s_1	1.000	297	1.000	1.000	2.328E-198	605
1wqj_2	1wqj_2	1.000	59	1.000	1.000	1.770E-40	136
1wqj_2	2l29_2	0.684	56	0.949	0.821	1.963E-22	84
4i6l_1	4i6l_1	1.000	217	1.000	1.000	1.009E-143	443
4jw3_1	4jw3_1	1.000	111	1.000	1.000	4.983E-69	221
4l67_1	4l67_1	1.000	289	1.000	1.000	3.943E-191	584
4nu1_1	4nu1_1	1.000	94	1.000	1.000	5.880E-59	191
4nu1_1	4nm3_1	0.968	94	1.000	1.000	6.751E-57	185
4pw9_1	4pw9_1	1.000	363	1.000	1.000	2.005E-246	747
5tar_2	5tar_2	1.000	148	1.000	1.000	8.805E-97	303
5uul_2	5uul_2	1.000	23	1.000	1.000	4.118E-11	49
5uul_2	2jby_2	0.350	20	0.870	0.800	1.677E+00	19
5uul_2	2xpx_2	0.350	20	0.870	0.826	1.679E+01	17
5uul_2	5ajk_2	0.333	21	0.870	0.913	2.341E+01	16
5uul_2	5wos_2	0.391	21	0.913	0.952	1.013E+02	15
5uul_2	5twa_2	0.318	22	0.826	0.880	3.286E+02	14
5uul_2	5tzp_2	0.333	21	0.826	0.955	6.999E+02	13
5uul_2	6e3j_2	0.350	20	0.870	0.952	2.094E+03	12
5vzm_2	5vzm_2	1.000	108	1.000	1.000	2.619E-67	216
5xjg_2	5xjg_2	1.000	24	1.000	1.000	1.220E-11	51
1t5z_1	1t5z_1	1.000	250	1.000	1.000	3.349E-169	518
1t5z_1	1t63_1	1.000	250	1.000	1.000	3.349E-169	518
1t5z_1	1xj7_1	0.968	256	0.992	1.000	3.133E-165	507
5u52_2	5u52_2	1.000	34	1.000	1.000	4.163E-20	76
5vmo_2	5vmo_2	1.000	24	1.000	1.000	5.027E-13	55
5vmo_2	3kj0_2	0.590	22	0.833	0.957	5.204E-03	27
5vmo_2	3kj1_2	0.619	21	0.833	0.955	7.189E-03	26
5vmo_2	2wh6_2	0.571	21	0.875	0.818	9.933E-03	26
5vmo_2	3kj2_2	0.571	21	0.833	0.955	5.015E-02	24
5x0w_2	5x0w_2	1.000	9	1.000	1.000	3.769E-01	20
5yip_2	5yip_2	1.000	23	1.000	1.000	7.796E-11	49
6b12_2	6b12_2	1.000	110	1.000	1.000	1.172E-71	229
4aoq_1	1c9t_1	1.000	223	1.000	1.000	4.897E-150	461
4aoq_1	4aoq_1	1.000	223	1.000	1.000	4.897E-150	461
4aoq_1	1ppe_1	1.000	223	1.000	1.000	4.897E-150	461
4aoq_1	2ptc_1	1.000	223	1.000	1.000	4.897E-150	461
4aoq_1	2tgp_1	1.000	223	1.000	1.000	4.897E-150	461
4aoq_1	1g9i_1	1.000	223	1.000	1.000	4.897E-150	461
4aoq_1	2g81_1	1.000	223	1.000	1.000	4.897E-150	461
4aoq_1	6dwf_1	1.000	223	1.000	1.000	4.897E-150	461
4aoq_1	4j2y_2	1.000	223	1.000	1.000	4.897E-150	461
4aoq_1	2ftm_1	0.995	223	1.000	1.000	2.370E-149	459
4aoq_1	1d6r_1	0.973	223	1.000	0.973	1.340E-143	443
4aoq_1	1smf_1	0.973	223	1.000	0.973	1.340E-143	443
4aoq_1	2uuy_1	0.973	223	1.000	0.973	1.340E-143	443
4aoq_1	2xtt_2	0.973	223	1.000	0.973	1.340E-143	443
4aoq_1	6dwh_1	0.973	223	1.000	0.973	1.340E-143	443
4aoq_1	1ldt_1	0.793	223	1.000	0.973	7.246E-121	377
4aoq_1	1eja_1	0.793	223	1.000	0.973	7.246E-121	377
4aoq_1	2ra3_1	0.721	223	1.000	0.969	1.110E-108	342
4aoq_1	3fp6_1	0.713	223	1.000	0.973	9.163E-107	336
4aoq_1	3p92_1	0.695	223	1.000	0.973	5.010E-104	329
4aoq_1	3p95_1	0.695	223	1.000	0.973	5.010E-104	329
4aoq_1	3l33_1	0.695	223	1.000	0.973	5.010E-104	329
4aoq_1	6gfi_1	0.695	223	1.000	0.973	5.010E-104	329
4aoq_1	6har_1	0.695	223	1.000	0.969	5.010E-104	329
4aoq_1	2r9p_1	0.695	223	1.000	0.969	5.010E-104	329
4aoq_1	5c67_1	0.690	223	1.000	0.973	7.762E-102	322
4aoq_1	4u30_1	0.676	223	1.000	1.000	7.762E-102	322
4aoq_1	4u32_2	0.676	223	1.000	0.996	7.762E-102	322
4aoq_1	6kbr_1	0.397	189	0.848	0.989	6.898E-36	132
4aoq_1	4ag2_1	0.334	205	0.919	0.910	2.733E-26	104
4aoq_1	4afq_1	0.326	209	0.919	0.946	3.872E-24	97
4c2a_1	4c2a_1	1.000	202	1.000	1.000	5.268E-128	396
4c2a_1	1m10_1	0.929	199	0.985	1.000	1.587E-112	352
4c2a_1	1sq0_1	0.978	184	0.911	0.995	1.443E-111	349
4dh2_1	4dh2_1	1.000	158	1.000	1.000	7.034E-103	321
4ekd_1	4ekd_1	1.000	318	1.000	1.000	7.307E-216	657
4ekd_1	4ekc_1	0.996	317	0.994	1.000	3.993E-213	649
4ekd_1	3onw_1	0.543	315	0.991	0.991	1.368E-100	324
4ekd_1	2v4z_1	0.503	290	0.912	0.825	3.125E-84	276
4ekd_1	3cx7_1	0.408	299	0.855	0.990	1.257E-70	237
4ekd_1	3cx8_1	0.408	299	0.855	0.990	1.257E-70	237
4ekd_1	3cx6_1	0.415	284	0.808	0.956	2.869E-69	233
5un5_2	5un5_2	1.000	88	1.000	1.000	2.705E-50	166
4exp_2	4exp_2	1.000	283	1.000	1.000	1.271E-192	587
4gla_2	4gla_2	1.000	87	1.000	1.000	8.662E-53	173
4i0c_2	4i0c_2	1.000	126	1.000	1.000	1.256E-84	267
4i0c_2	1op9_2	0.716	126	1.000	1.000	2.497E-50	168
4i0c_2	4w6x_2	0.682	126	1.000	0.992	1.107E-48	164
4i0c_2	5imm_1	0.705	126	1.000	1.000	1.010E-47	161
4i0c_2	1g6v_2	0.696	126	1.000	0.992	1.010E-47	161
4i0c_2	4w6w_2	0.695	126	1.000	1.000	1.901E-47	160
4i0c_2	5imk_1	0.697	126	1.000	1.000	4.904E-47	159
4i0c_2	6h16_2	0.679	126	1.000	0.992	3.265E-46	156
4i0c_2	2p49_2	0.671	126	1.000	0.992	3.265E-46	156
4i0c_2	2p4a_2	0.656	126	1.000	0.992	1.055E-44	152
4i0c_2	5u4m_2	0.647	121	0.960	0.913	1.984E-44	151
4i0c_2	6jb2_1	0.640	126	1.000	0.992	9.631E-44	149
4i0c_2	3qsk_2	0.648	126	1.000	0.992	1.321E-43	149
4i0c_2	6her_2	0.640	126	1.000	0.992	2.485E-43	148
4i0c_2	4hep_2	0.631	129	1.000	1.000	1.206E-42	146
4i0c_2	5lhn_2	0.611	134	1.000	0.993	2.269E-42	145
4i0c_2	5omn_2	0.632	126	1.000	0.991	8.029E-42	144
4i0c_2	4wen_2	0.625	126	1.000	0.992	1.005E-40	141
4i0c_2	4w6y_2	0.607	126	1.000	0.964	6.693E-40	138
4i0c_2	4wem_2	0.609	126	1.000	0.992	6.693E-40	138
4i0c_2	4eig_2	0.609	126	1.000	0.991	8.381E-39	135
4i0c_2	6fuz_2	0.609	126	1.000	1.000	2.162E-38	134
4i0c_2	3eba_1	0.622	126	1.000	0.924	2.965E-38	134
4i0c_2	1zvh_2	0.660	104	0.825	0.836	1.439E-37	132
4i0c_2	5m2j_2	0.601	126	1.000	0.991	2.707E-37	131
4i0c_2	4pou_2	0.616	106	0.833	0.883	6.984E-37	130
4i0c_2	5jds_1	0.578	126	1.000	0.827	3.389E-36	128
4i0c_2	5l21_2	0.537	126	1.000	0.992	8.744E-36	126
4i0c_2	6j7w_1	0.601	126	1.000	0.991	1.199E-35	126
4i0c_2	4ksd_2	0.546	126	1.000	0.805	7.981E-35	124
4i0c_2	6cwg_2	0.543	127	0.833	1.000	5.311E-34	121
4i0c_2	1ri8_2	0.578	126	1.000	0.839	3.534E-33	119
4i0c_2	5hvf_2	0.566	117	0.825	1.000	3.225E-32	116
4i0c_2	3zkq_2	0.515	126	1.000	0.841	6.065E-32	115
4i0c_2	5m2m_2	0.511	127	0.833	1.000	6.065E-32	115
4i0c_2	4z9k_2	0.531	126	1.000	0.906	4.035E-31	113
4i0c_2	4x7e_2	0.611	106	0.841	0.832	4.035E-31	113
4i0c_2	6fv0_2	0.515	126	1.000	0.841	5.534E-31	113
4i0c_2	6f2g_2	0.503	125	0.841	0.954	2.684E-30	111
4i0c_2	6gjq_2	0.500	121	0.833	1.000	2.448E-29	108
4i0c_2	5o2u_2	0.515	126	1.000	0.817	2.233E-28	105
4i0c_2	4x7f_2	0.513	107	0.817	1.000	3.291E-22	87
4jw2_2	4jw2_2	1.000	190	1.000	1.000	2.320E-122	379
4l0p_2	4l0p_2	1.000	139	1.000	1.000	1.131E-100	314
4l0p_2	2wo3_2	0.574	130	0.914	0.915	7.770E-49	165
5mrv_1	5mrv_1	1.000	307	1.000	1.000	7.954E-219	664
5mrv_1	1zli_1	0.488	295	0.961	0.961	5.723E-97	313
5mrv_1	3lms_1	0.465	301	0.971	0.974	5.178E-93	301
5o2u_1	5o2u_1	1.000	73	1.000	1.000	2.335E-46	154
5tar_1	5tar_1	1.000	184	1.000	1.000	4.643E-119	370
5tar_1	5xco_1	0.868	183	0.995	0.947	4.687E-99	312
5tar_1	1he8_2	0.792	183	0.995	0.934	3.765E-90	286
5tar_1	1zc4_1	0.489	181	0.984	0.942	6.554E-53	179
5tar_1	1zc3_1	0.494	181	0.984	0.942	4.337E-52	177
5tar_1	5szk_2	0.329	171	0.929	0.815	1.856E-23	94
5tar_1	1grn_1	0.333	175	0.902	0.916	2.112E-19	82
5tar_1	4js0_1	0.305	166	0.902	0.882	1.624E-17	76
5uul_1	6e3i_1	1.000	151	1.000	1.000	4.578E-102	319
5uul_1	6e3j_1	1.000	151	1.000	1.000	4.578E-102	319
5uul_1	5uul_1	1.000	151	1.000	1.000	4.578E-102	319
5ft8_1	5ft8_1	1.000	398	1.000	1.000	8.087E-263	797
1djs_2	1djs_2	1.000	132	1.000	1.000	1.360E-92	290
1ffw_2	1ffw_2	1.000	37	1.000	1.000	1.274E-19	75
1h59_2	1h59_2	1.000	45	1.000	1.000	8.130E-29	102
1ktz_2	1ktz_2	1.000	106	1.000	1.000	9.212E-75	237
1nw9_2	1nw9_2	1.000	238	1.000	1.000	1.070E-163	501
1he8_1	1he8_1	1.000	749	1.000	1.000	0.000E+00	1543
1kxp_1	1kxp_1	1.000	334	1.000	1.000	3.266E-226	687
1kxp_1	1atn_1	0.808	355	0.934	0.957	1.822E-181	558
1nys_1	1nys_1	1.000	90	1.000	1.000	3.489E-66	212
1nys_1	1s4y_1	0.966	89	0.989	0.967	4.202E-61	197
1nys_1	1lx5_2	0.622	90	0.989	0.957	3.623E-45	151
1psb_1	1psb_1	1.000	91	1.000	1.000	1.003E-55	182
1psb_1	2m49_2	0.967	91	1.000	1.000	9.179E-55	179
5ajk_2	5ajk_2	1.000	23	1.000	1.000	2.175E-11	50
5ajk_2	2jby_2	0.956	23	1.000	0.880	2.615E-09	44
5ajk_2	2xpx_2	0.913	23	1.000	0.913	1.293E-08	42
5ajk_2	2voh_2	0.791	24	0.957	1.000	1.671E-07	39
5ajk_2	5tzp_2	0.590	22	0.913	1.000	2.450E-02	25
5ajk_2	5twa_2	0.391	23	0.913	0.920	1.209E+00	20
5ajk_2	5uul_2	0.333	21	0.913	0.870	6.231E+00	18
5ajk_2	2vog_2	0.300	20	0.870	0.909	4.571E+01	16
5ajk_2	5tzq_2	0.318	22	0.870	1.000	3.286E+02	14
4k5a_1	4k5a_1	1.000	164	1.000	1.000	4.922E-113	351
4k5a_1	1g5j_1	0.479	161	0.982	0.909	7.523E-47	160
4k5a_1	2pon_2	0.503	156	0.945	1.000	2.654E-46	159
4k5a_1	2m04_1	0.473	161	0.982	0.901	6.833E-46	158
4k5a_1	4bpk_1	0.484	157	0.957	0.964	4.110E-44	153
4k5a_1	2yq7_1	0.481	158	0.963	0.957	4.110E-44	153
4k5a_1	5vx3_1	0.481	158	0.963	0.957	4.110E-44	153
4k5a_1	3r85_1	0.484	159	0.970	0.950	1.450E-43	151
4lzx_1	4lzx_1	1.000	145	1.000	1.000	1.127E-90	286
4lzx_1	2vay_1	0.993	146	1.000	1.000	3.633E-89	281
4lzx_1	6mba_2	0.986	145	0.986	1.000	1.171E-87	277
4lzx_1	4m1l_1	0.986	145	0.986	1.000	1.171E-87	277
4lzx_1	6mud_1	0.965	147	0.979	1.000	1.464E-86	274
4lzx_1	5tp6_1	0.959	148	0.993	1.000	7.095E-86	272
4lzx_1	6mc9_2	0.972	144	0.993	0.993	1.829E-85	271
4lzx_1	1vrk_1	0.898	148	0.986	1.000	1.900E-82	262
4ojk_1	4ojk_1	1.000	171	1.000	1.000	7.129E-110	342
4ojk_1	4c4p_1	0.946	167	0.959	1.000	3.488E-99	312
4ojk_1	3tkl_1	0.514	167	0.959	0.977	7.226E-50	169
4ojk_1	4g01_2	0.432	162	0.947	0.970	3.312E-42	147
4ojk_1	4qxa_1	0.391	151	0.883	0.980	4.722E-33	121
4ojk_1	5szh_2	0.422	143	0.836	1.000	5.832E-29	109
4ojk_1	2kwi_1	0.371	166	0.971	0.921	1.207E-26	102
4ojk_1	4ol0_1	0.333	159	0.930	0.872	3.032E-23	93
4ojk_1	4d0g_1	0.381	148	0.865	0.986	4.146E-23	92
4ojk_1	2a78_1	0.367	147	0.860	0.958	7.749E-23	91
4ojk_1	2a9k_1	0.367	147	0.860	0.958	7.749E-23	91
4ojk_1	6h46_1	0.353	166	0.971	0.970	2.707E-22	90
4ojk_1	3kud_1	0.347	166	0.971	0.976	3.700E-22	89
4ojk_1	1wq1_1	0.347	166	0.971	0.970	3.700E-22	89
4ojk_1	5e95_2	0.347	166	0.971	0.970	3.700E-22	89
4ojk_1	1ibr_1	0.335	149	0.871	0.965	6.912E-22	89
4ojk_1	3ddc_1	0.341	166	0.971	0.970	9.448E-22	88
4ojk_1	4dxa_1	0.327	168	0.982	0.988	1.021E-19	82
4ojk_1	6ba6_2	0.313	168	0.982	0.982	1.394E-19	82
4ojk_1	1gua_1	0.313	168	0.982	0.982	9.047E-19	79
4ojk_1	3kuc_1	0.313	168	0.982	0.982	9.047E-19	79
4ojk_1	5ufe_1	0.351	147	0.860	0.904	1.687E-18	79
4ojk_1	5o2t_1	0.344	147	0.860	0.993	1.092E-17	76
4ojk_1	5fr2_1	0.316	165	0.936	0.882	3.788E-17	75
4qxa_1	4qxa_1	1.000	152	1.000	1.000	3.077E-104	325
4qxa_1	4ojk_1	0.391	151	0.980	0.883	6.245E-34	123
4qxa_1	4c4p_1	0.400	150	0.954	0.898	2.202E-33	121
4qxa_1	3tkl_1	0.354	151	0.961	0.883	1.346E-28	107
4qxa_1	4ol0_1	0.344	148	0.974	0.820	8.890E-28	105
4qxa_1	1ibr_1	0.337	148	0.974	0.972	7.265E-26	99
4qxa_1	4g01_2	0.362	148	0.974	0.897	1.866E-25	98
4qxa_1	3jza_1	0.322	148	0.875	1.000	2.847E-23	92
4qxa_1	3kud_1	0.315	150	0.987	0.891	2.564E-22	89
4qxa_1	1wq1_1	0.315	150	0.987	0.886	2.564E-22	89
4qxa_1	5e95_2	0.315	150	0.987	0.886	2.564E-22	89
4qxa_1	3ddc_1	0.315	150	0.987	0.886	3.510E-22	89
4qxa_1	2kwi_1	0.337	150	0.987	0.843	3.510E-22	89
4qxa_1	6h46_1	0.315	150	0.987	0.886	6.575E-22	88
4qxa_1	5ufe_1	0.308	147	0.967	0.917	2.307E-21	86
4qxa_1	2a78_1	0.328	133	0.875	0.882	1.360E-19	81
4qxa_1	2a9k_1	0.328	133	0.875	0.882	1.360E-19	81
4qxa_1	5o2t_1	0.302	146	0.961	1.000	3.480E-19	80
4qxa_1	1gua_1	0.311	148	0.974	0.874	4.761E-19	79
4qxa_1	3kuc_1	0.311	148	0.974	0.874	4.761E-19	79
4qxa_1	6ba6_2	0.306	148	0.974	0.874	1.090E-17	76
4uwx_1	4uwx_1	1.000	234	1.000	1.000	6.613E-151	464
4z9k_1	4z9k_1	1.000	242	1.000	1.000	1.465E-161	496
4z9k_1	5u4m_1	0.995	242	1.000	0.945	2.275E-159	489
4z9k_1	5boz_1	0.991	242	1.000	0.913	1.509E-158	487
4z9k_1	5j57_1	0.991	242	1.000	0.909	1.509E-158	487
4z9k_1	5j56_1	0.801	242	1.000	0.808	2.381E-120	377
5b64_1	5b64_1	1.000	157	1.000	1.000	2.855E-104	325
5d1k_1	5d1k_1	1.000	146	1.000	1.000	3.596E-102	319
5d1k_1	5d1l_1	1.000	146	1.000	1.000	3.596E-102	319
5d1k_1	4a49_2	1.000	146	1.000	1.000	3.596E-102	319
5d1k_1	5d1m_1	1.000	146	1.000	1.000	3.596E-102	319
5d1k_1	2fuh_1	0.972	146	1.000	1.000	1.056E-99	312
5d1k_1	6d4p_1	0.883	146	1.000	0.986	4.181E-90	284
5d1k_1	5ywr_1	0.462	147	0.986	0.980	2.764E-38	135
5d1k_1	3h8k_1	0.343	160	0.966	0.976	3.309E-30	111
5d1k_1	2uyz_1	0.339	152	1.000	0.974	1.495E-22	89
5elu_1	5elu_1	1.000	91	1.000	1.000	9.179E-55	179
5elu_1	5eql_1	0.772	85	0.934	1.000	4.496E-36	125
5elu_1	5ml9_2	0.702	101	0.923	0.981	4.125E-35	123
5xco_2	5xco_2	1.000	19	1.000	1.000	7.340E-09	43
5yr0_2	5yr0_2	1.000	44	1.000	1.000	2.164E-21	80
6bmt_2	6bmt_2	1.000	70	1.000	1.000	1.422E-42	143
6bmt_2	5uzu_1	0.530	66	0.929	0.971	8.135E-21	80
6bmt_2	6azp_2	0.385	70	1.000	0.895	2.021E-11	53
6eg0_2	6eg0_2	1.000	288	1.000	1.000	4.316E-199	606
6fub_2	6fub_2	1.000	81	1.000	1.000	4.147E-48	159
6fub_2	6fud_1	0.974	77	0.926	1.000	8.735E-42	141
6h47_2	6h47_2	1.000	143	1.000	1.000	5.241E-94	295
6h47_2	5o2t_2	0.811	138	0.937	0.972	4.925E-66	214
6h47_2	2v5q_2	0.772	136	0.951	0.977	1.371E-59	196
2ka4_2	2ka4_2	1.000	56	1.000	1.000	2.573E-35	121
2kwo_2	2kwo_2	1.000	113	1.000	1.000	3.535E-85	268
2kwo_2	2kwj_2	1.000	113	1.000	0.991	3.535E-85	268
2kwo_2	2kwk_2	1.000	113	1.000	0.991	3.535E-85	268
2kwo_2	5b78_1	0.436	118	0.858	0.992	2.718E-33	119
2kwo_2	5b77_1	0.434	114	0.885	0.983	7.018E-33	117
2kwo_2	5b75_1	0.427	116	0.858	0.975	4.680E-32	115
2kwo_2	5b76_1	0.423	117	0.858	0.975	6.420E-32	115
2lox_2	2lox_2	1.000	16	1.000	1.000	9.412E-06	34
2m5a_2	2m5a_2	1.000	58	1.000	1.000	1.758E-33	116
2m5a_2	2b87_2	0.793	58	0.983	1.000	2.371E-21	81
2m5a_2	1h0t_2	0.793	58	0.983	1.000	3.259E-21	81
2m5a_2	5u4y_2	0.777	54	0.931	0.964	7.829E-20	77
3zwz_2	3zwz_2	1.000	36	1.000	1.000	1.789E-20	77
5eb1_2	5eb1_2	1.000	124	1.000	1.000	1.549E-77	246
5g1x_2	5g1x_2	1.000	28	1.000	1.000	3.028E-16	64
5imm_2	5imm_2	1.000	119	1.000	1.000	9.309E-82	258
5imm_2	5imk_2	0.796	118	0.983	1.000	6.396E-64	207
5imm_2	4cmm_2	0.318	106	0.891	0.863	3.392E-04	35
5k22_2	5k22_2	1.000	149	1.000	1.000	1.525E-98	308
5lz3_2	5lz3_2	1.000	34	1.000	1.000	7.863E-20	75
5imt_1	5imt_1	1.000	460	1.000	1.000	7.513E-307	927
5k8q_1	5k8q_1	1.000	143	1.000	1.000	3.300E-89	281
5lz6_1	5lz6_1	1.000	126	1.000	1.000	9.641E-89	279
5mtn_1	5mtn_1	1.000	88	1.000	1.000	1.548E-58	190
3eab_1	3eab_1	1.000	88	1.000	1.000	4.053E-51	168
6jjw_2	6jjw_2	1.000	20	1.000	1.000	1.150E-09	45
6n9d_2	6n9d_2	1.000	160	1.000	1.000	2.511E-118	366
6plm_2	6plm_2	1.000	122	1.000	1.000	7.796E-75	239
1an1_1	1c9p_1	1.000	222	1.000	1.000	2.733E-151	465
1an1_1	1an1_1	1.000	222	1.000	1.000	2.733E-151	465
1an1_1	2ftl_1	0.828	222	1.000	1.000	1.051E-131	408
1an1_1	3rdz_1	0.794	222	1.000	0.991	1.148E-122	382
1an1_1	1avx_1	0.829	217	0.977	0.841	1.713E-113	356
1d6r_1	1d6r_1	1.000	223	1.000	1.000	3.573E-150	462
1d6r_1	1smf_1	1.000	223	1.000	1.000	3.573E-150	462
1d6r_1	2uuy_1	1.000	223	1.000	1.000	3.573E-150	462
1d6r_1	2xtt_2	1.000	223	1.000	1.000	3.573E-150	462
1d6r_1	6dwh_1	1.000	223	1.000	1.000	3.573E-150	462
1d6r_1	1c9t_1	0.973	223	0.973	1.000	1.340E-143	443
1d6r_1	4aoq_1	0.973	223	0.973	1.000	1.340E-143	443
1d6r_1	1ppe_1	0.973	223	0.973	1.000	1.340E-143	443
1d6r_1	2ptc_1	0.973	223	0.973	1.000	1.340E-143	443
1d6r_1	2tgp_1	0.973	223	0.973	1.000	1.340E-143	443
1d6r_1	1g9i_1	0.973	223	0.973	1.000	1.340E-143	443
1d6r_1	2g81_1	0.973	223	0.973	1.000	1.340E-143	443
1d6r_1	6dwf_1	0.973	223	0.973	1.000	1.340E-143	443
1d6r_1	4j2y_2	0.973	223	0.973	1.000	1.340E-143	443
1d6r_1	2ftm_1	0.968	223	0.973	1.000	6.486E-143	441
1d6r_1	1ldt_1	0.820	223	1.000	1.000	1.938E-127	396
1d6r_1	1eja_1	0.820	223	1.000	1.000	1.938E-127	396
1d6r_1	3fp6_1	0.739	223	1.000	1.000	2.459E-113	355
1d6r_1	2ra3_1	0.741	224	1.000	1.000	4.619E-113	355
1d6r_1	3p92_1	0.721	223	1.000	1.000	1.844E-110	347
1d6r_1	3p95_1	0.721	223	1.000	1.000	1.844E-110	347
1d6r_1	3l33_1	0.721	223	1.000	1.000	1.844E-110	347
1d6r_1	6gfi_1	0.721	223	1.000	1.000	1.844E-110	347
1d6r_1	6har_1	0.718	224	1.000	1.000	5.911E-109	343
1d6r_1	2r9p_1	0.718	224	1.000	1.000	5.911E-109	343
1d6r_1	5c67_1	0.717	223	1.000	1.000	2.859E-108	341
1d6r_1	4u32_2	0.691	224	0.978	1.000	5.010E-104	329
1d6r_1	4u30_1	0.695	223	0.973	1.000	6.867E-104	328
1d6r_1	6kbr_1	0.397	189	0.848	0.989	6.898E-36	132
1d6r_1	4ag2_1	0.343	206	0.906	0.924	7.508E-29	111
1d6r_1	4afq_1	0.334	209	0.892	0.946	2.733E-26	104
3hcu_2	3hcu_2	1.000	111	1.000	1.000	3.175E-71	228
3hcu_2	3hct_2	0.990	109	0.973	1.000	2.210E-67	216
3kls_2	3kls_2	1.000	191	1.000	1.000	5.024E-123	381
3kls_2	5d3i_2	0.372	170	0.890	0.889	1.169E-25	100
3mzg_2	3mzg_2	1.000	201	1.000	1.000	5.503E-149	457
3mzg_2	3ncb_2	1.000	201	1.000	1.000	5.503E-149	457
3mzg_2	3n06_2	0.980	203	1.000	1.000	9.719E-145	445
3mzg_2	3n0p_2	0.980	203	1.000	1.000	9.719E-145	445
3mzg_2	3ncc_2	0.975	203	1.000	1.000	1.332E-144	444
3oiq_2	3oiq_2	1.000	24	1.000	1.000	8.865E-12	51
4mrt_2	4mrt_2	1.000	225	1.000	1.000	3.362E-155	476
3me2_2	3me2_2	1.000	166	1.000	1.000	1.663E-124	384
3me2_2	5bnq_2	1.000	166	1.000	1.000	1.663E-124	384
3me2_2	4giq_2	0.993	165	0.994	1.000	2.362E-121	375
3me2_2	2hev_2	0.324	150	0.904	0.850	3.235E-17	75
3o6b_2	3o6b_2	1.000	70	1.000	1.000	2.919E-43	145
3p95_2	3p95_2	1.000	58	1.000	1.000	2.513E-41	138
3p95_2	3p92_2	0.982	58	1.000	1.000	2.308E-40	136
3p95_2	2ftl_2	0.965	58	1.000	1.000	8.195E-40	134
3p95_2	2ptc_2	0.965	58	1.000	1.000	8.195E-40	134
3p95_2	2tgp_2	0.965	58	1.000	1.000	8.195E-40	134
3p95_2	3fp6_2	0.965	58	1.000	1.000	8.195E-40	134
3p95_2	2r9p_2	0.965	58	1.000	1.000	8.195E-40	134
3p95_2	1f5r_2	0.964	57	0.983	1.000	2.910E-39	132
3p95_2	2ftm_2	0.948	58	1.000	1.000	1.948E-38	130
3p95_2	2ra3_2	0.946	56	0.948	1.000	4.258E-36	123
3p95_2	1f7z_2	0.946	56	0.948	1.000	4.258E-36	123
3p95_2	1fy8_2	0.946	56	0.948	1.000	4.258E-36	123
3p95_2	1eaw_2	0.946	56	0.948	1.000	4.258E-36	123
3p95_2	3tgk_2	0.946	56	0.948	1.000	4.258E-36	123
3p95_2	4u32_1	0.471	53	0.914	0.981	3.066E-16	66
3p95_2	5c67_2	0.471	53	0.914	1.000	1.096E-15	65
3p95_2	1zjd_2	0.471	53	0.914	0.930	2.849E-15	64
3p95_2	6gfi_2	0.452	53	0.914	0.946	7.409E-15	63
3p95_2	6har_2	0.452	53	0.914	0.981	1.019E-14	62
3p95_2	1zr0_2	0.442	52	0.897	0.825	2.469E-13	58
3p95_2	1yc0_2	0.377	53	0.914	0.803	2.469E-13	58
3p95_2	4u30_2	0.416	48	0.828	0.889	1.368E-09	48
3reb_2	3reb_2	1.000	59	1.000	1.000	2.587E-37	127
3reb_2	4ag2_2	0.607	56	0.898	0.966	4.773E-17	69
3reb_2	5zau_1	0.543	57	0.949	1.000	6.562E-17	68
3reb_2	1avz_2	0.543	57	0.949	1.000	6.562E-17	68
3reb_2	1efn_1	0.543	57	0.966	1.000	2.344E-16	67
3reb_2	4afq_2	0.534	58	0.949	1.000	1.473E-14	62
3reb_2	2k7a_1	0.339	55	0.847	0.873	4.563E-07	40
3reb_2	2k79_1	0.339	55	0.847	0.873	4.563E-07	40
3reb_2	1zsg_1	0.317	61	0.881	0.938	5.935E-06	37
3tu3_2	3tu3_2	1.000	526	1.000	1.000	0.000E+00	1015
2k8c_1	2k8b_1	1.000	76	1.000	1.000	3.726E-46	153
2k8c_1	4msm_2	1.000	76	1.000	1.000	3.726E-46	153
2k8c_1	2k8c_1	1.000	76	1.000	1.000	3.726E-46	153
2k8c_1	2kwu_2	1.000	76	1.000	1.000	3.726E-46	153
2k8c_1	2kwv_2	1.000	76	1.000	1.000	3.726E-46	153
2k8c_1	2mbb_2	1.000	76	1.000	1.000	3.726E-46	153
2k8c_1	4pqt_2	1.000	76	1.000	1.000	3.726E-46	153
2k8c_1	5vzm_1	1.000	76	1.000	1.000	3.726E-46	153
2k8c_1	2fuh_2	1.000	76	1.000	1.000	3.726E-46	153
2k8c_1	2mcn_2	1.000	76	1.000	1.000	3.726E-46	153
2k8c_1	2jy6_1	1.000	76	1.000	1.000	3.726E-46	153
2k8c_1	1wrd_2	1.000	76	1.000	1.000	3.726E-46	153
2k8c_1	1yx5_2	1.000	76	1.000	1.000	3.726E-46	153
2k8c_1	2l0f_1	1.000	76	1.000	1.000	3.726E-46	153
2k8c_1	1yx6_2	1.000	76	1.000	1.000	3.726E-46	153
2k8c_1	2den_2	1.000	76	1.000	1.000	3.726E-46	153
2k8c_1	2l0t_1	1.000	76	1.000	1.000	3.726E-46	153
2k8c_1	2mj5_1	1.000	76	1.000	1.000	3.726E-46	153
2k8c_1	4k1r_2	1.000	76	1.000	1.000	3.726E-46	153
2k8c_1	2lvo_1	1.000	76	1.000	1.000	3.726E-46	153
2k8c_1	1q5w_2	1.000	76	1.000	1.000	3.726E-46	153
2k8c_1	2g45_2	1.000	76	1.000	1.000	3.726E-46	153
2k8c_1	4m0w_2	1.000	76	1.000	1.000	3.726E-46	153
2k8c_1	2mre_1	1.000	76	1.000	1.000	3.726E-46	153
2k8c_1	2mro_1	1.000	76	1.000	1.000	3.726E-46	153
2k8c_1	2ktf_1	1.000	76	1.000	1.000	3.726E-46	153
2k8c_1	2lz6_1	1.000	76	1.000	1.000	3.726E-46	153
2k8c_1	1zgu_2	0.986	76	1.000	1.000	9.631E-46	152
2k8c_1	2jt4_2	0.960	76	1.000	1.000	3.133E-44	148
2k8c_1	1wr1_1	0.960	76	1.000	1.000	3.133E-44	148
2k8c_1	1q0w_2	0.960	76	1.000	1.000	3.133E-44	148
2k8c_1	1otr_2	0.960	76	1.000	1.000	3.133E-44	148
2k8c_1	2c7m_2	0.842	76	1.000	1.000	7.064E-35	121
2k8c_1	6d4p_2	0.789	76	1.000	0.958	1.420E-31	111
2k8c_1	5v69_2	0.843	64	0.803	0.985	4.270E-29	104
2k8c_1	4hcp_2	0.500	76	1.000	0.945	1.894E-19	77
2k8c_1	1p9d_1	0.328	73	0.961	0.859	2.137E-08	45
2k8c_1	5tl7_1	0.301	73	0.961	0.908	9.796E-07	40
2kwj_1	2kwj_1	1.000	19	1.000	1.000	1.792E-07	39
2kwj_1	5b78_2	0.789	19	1.000	0.905	2.834E-04	30
2lfw_1	2lfw_1	1.000	150	1.000	1.000	5.351E-94	295
2m49_1	2m49_1	1.000	126	1.000	1.000	4.871E-85	268
2m49_1	1ry7_1	0.535	125	0.992	0.826	6.693E-40	138
5xod_1	5xod_1	1.000	193	1.000	1.000	4.849E-135	416
6mba_1	6mba_1	1.000	130	1.000	1.000	5.395E-84	265
6mba_1	6mud_2	0.750	130	1.000	0.992	1.173E-57	190
6oqk_1	6oqj_1	1.000	87	1.000	1.000	1.831E-64	207
6oqk_1	6oqk_1	1.000	87	1.000	1.000	1.831E-64	207
1b2u_2	1b2u_2	1.000	90	1.000	1.000	1.431E-56	184
1b2u_2	1b3s_2	0.977	90	1.000	1.000	3.383E-55	180
1b2u_2	1b2s_2	0.977	90	1.000	1.000	4.641E-55	180
1b2u_2	1ay7_2	0.966	90	1.000	0.989	7.321E-53	173
1b2u_2	3da7_1	0.966	89	0.989	0.989	2.595E-52	172
1b2u_2	1x1y_2	0.955	90	1.000	0.989	3.259E-51	169
1b2u_2	1x1w_2	0.944	90	1.000	1.000	2.984E-50	166
1b2u_2	1x1x_2	0.943	89	0.989	1.000	1.058E-49	164
1b2u_2	2za4_2	0.727	87	0.856	1.000	2.033E-31	112
1b2u_2	1brs_2	0.402	83	0.922	0.819	3.805E-08	45
1ees_2	1ees_2	1.000	46	1.000	1.000	2.221E-28	100
1g9i_2	1g9i_2	1.000	22	1.000	1.000	4.469E-13	55
3qwq_2	3qwq_2	1.000	64	1.000	1.000	6.439E-41	138
3tei_2	3tei_2	1.000	16	1.000	1.000	4.966E-06	34
3tei_2	5v62_2	0.928	14	0.875	1.000	1.576E-03	27
3ul1_2	3ul1_2	1.000	21	1.000	1.000	1.007E-06	37
3wkt_2	3wkt_2	1.000	214	1.000	1.000	9.025E-141	434
3iol_1	3iol_1	1.000	100	1.000	1.000	2.215E-73	233
3iol_1	3c59_1	1.000	100	1.000	0.971	2.215E-73	233
3iol_1	3c5t_1	0.990	100	1.000	0.962	1.475E-72	231
3iol_1	4zgm_1	0.980	100	0.980	1.000	1.232E-70	225
3iol_1	5otx_1	0.980	100	0.980	1.000	1.232E-70	225
5wb7_2	5wb7_2	1.000	41	1.000	1.000	8.324E-28	98
5wb7_2	1xdt_2	0.368	37	0.902	0.925	1.502E-03	29
5xoc_2	5xoc_2	1.000	133	1.000	1.000	7.205E-89	280
6aaf_2	6aaf_2	1.000	20	1.000	1.000	3.207E-10	47
6d4p_2	6d4p_2	1.000	72	1.000	1.000	3.048E-46	153
6d4p_2	2k8b_1	0.789	76	0.958	1.000	9.228E-33	115
6d4p_2	4msm_2	0.789	76	0.958	1.000	9.228E-33	115
6d4p_2	2k8c_1	0.789	76	0.958	1.000	9.228E-33	115
6d4p_2	2kwu_2	0.789	76	0.958	1.000	9.228E-33	115
6d4p_2	2kwv_2	0.789	76	0.958	1.000	9.228E-33	115
6d4p_2	2mbb_2	0.789	76	0.958	1.000	9.228E-33	115
6d4p_2	4pqt_2	0.789	76	0.958	1.000	9.228E-33	115
6d4p_2	5vzm_1	0.789	76	0.958	1.000	9.228E-33	115
6d4p_2	2fuh_2	0.789	76	0.958	1.000	9.228E-33	115
6d4p_2	2mcn_2	0.789	76	0.958	1.000	9.228E-33	115
6d4p_2	2jy6_1	0.789	76	0.958	1.000	9.228E-33	115
6d4p_2	1wrd_2	0.789	76	0.958	1.000	9.228E-33	115
6d4p_2	1yx5_2	0.789	76	0.958	1.000	9.228E-33	115
6d4p_2	2l0f_1	0.789	76	0.958	1.000	9.228E-33	115
6d4p_2	1yx6_2	0.789	76	0.958	1.000	9.228E-33	115
6d4p_2	2den_2	0.789	76	0.958	1.000	9.228E-33	115
6d4p_2	2l0t_1	0.789	76	0.958	1.000	9.228E-33	115
6d4p_2	2mj5_1	0.789	76	0.958	1.000	9.228E-33	115
6d4p_2	4k1r_2	0.789	76	0.958	1.000	9.228E-33	115
6d4p_2	2lvo_1	0.789	76	0.958	1.000	9.228E-33	115
6d4p_2	1q5w_2	0.789	76	0.958	1.000	9.228E-33	115
6d4p_2	2g45_2	0.789	76	0.958	1.000	9.228E-33	115
6d4p_2	4m0w_2	0.789	76	0.958	1.000	9.228E-33	115
6d4p_2	2mre_1	0.789	76	0.958	1.000	9.228E-33	115
6d4p_2	2mro_1	0.789	76	0.958	1.000	9.228E-33	115
6d4p_2	2ktf_1	0.789	76	0.958	1.000	9.228E-33	115
6d4p_2	2lz6_1	0.789	76	0.958	1.000	9.228E-33	115
6d4p_2	1zgu_2	0.776	76	0.958	1.000	2.388E-32	113
6d4p_2	2c7m_2	0.826	69	0.958	1.000	7.808E-31	109
6d4p_2	2jt4_2	0.750	76	0.958	1.000	7.808E-31	109
6d4p_2	1wr1_1	0.750	76	0.958	1.000	7.808E-31	109
6d4p_2	1q0w_2	0.750	76	0.958	1.000	7.808E-31	109
6d4p_2	1otr_2	0.750	76	0.958	1.000	7.808E-31	109
6d4p_2	4hcp_2	0.444	72	1.000	0.986	2.149E-19	76
6d4p_2	1p9d_1	0.343	67	0.917	0.859	3.637E-09	47
6f3z_2	6f3z_2	1.000	182	1.000	1.000	1.584E-122	379
1g6v_2	1g6v_2	1.000	125	1.000	1.000	1.497E-83	264
1g6v_2	4w6x_2	0.740	125	1.000	1.000	3.428E-54	179
1g6v_2	5imk_1	0.761	124	0.992	1.000	8.846E-54	178
1g6v_2	6h16_2	0.732	125	1.000	1.000	2.859E-52	174
1g6v_2	5imm_1	0.755	124	0.992	1.000	2.859E-52	174
1g6v_2	1op9_2	0.753	124	0.992	1.000	5.378E-52	173
1g6v_2	3qsk_2	0.700	125	1.000	1.000	1.449E-48	163
1g6v_2	5u4m_2	0.696	122	0.976	0.952	1.988E-48	163
1g6v_2	5lhn_2	0.666	135	1.000	1.000	3.739E-48	162
1g6v_2	2p4a_2	0.689	125	1.000	1.000	9.648E-48	161
1g6v_2	4i0c_2	0.696	126	0.992	1.000	9.648E-48	161
1g6v_2	2p49_2	0.695	125	1.000	1.000	1.815E-47	160
1g6v_2	4hep_2	0.643	129	0.992	1.000	2.273E-46	157
1g6v_2	4w6w_2	0.698	124	0.992	1.000	3.118E-46	156
1g6v_2	6her_2	0.687	125	1.000	1.000	1.103E-45	155
1g6v_2	6jb2_1	0.682	125	0.992	0.992	3.905E-45	153
1g6v_2	4w6y_2	0.658	125	1.000	0.973	3.566E-44	151
1g6v_2	6j7w_1	0.669	125	1.000	1.000	6.709E-44	150
1g6v_2	5m2j_2	0.671	125	1.000	1.000	8.403E-43	147
1g6v_2	5omn_2	0.650	125	1.000	1.000	1.581E-42	146
1g6v_2	3eba_1	0.677	125	1.000	0.932	1.581E-42	146
1g6v_2	1zvh_2	0.688	104	0.832	0.836	2.168E-42	145
1g6v_2	4wen_2	0.650	125	1.000	1.000	5.594E-42	144
1g6v_2	6fuz_2	0.650	124	0.992	1.000	1.052E-41	143
1g6v_2	4wem_2	0.642	125	1.000	1.000	1.980E-41	143
1g6v_2	1ri8_2	0.632	124	0.992	0.839	1.980E-41	143
1g6v_2	4z9k_2	0.612	124	0.992	0.906	3.401E-40	139
1g6v_2	5jds_1	0.606	125	1.000	0.835	8.775E-40	138
1g6v_2	4eig_2	0.629	125	1.000	1.000	1.651E-39	137
1g6v_2	6cwg_2	0.590	123	0.984	0.811	3.105E-39	136
1g6v_2	4ksd_2	0.606	125	1.000	0.814	1.099E-38	135
1g6v_2	4pou_2	0.654	106	0.840	0.883	2.589E-37	131
1g6v_2	6f2g_2	0.596	124	0.840	0.947	1.723E-36	128
1g6v_2	4x7e_2	0.650	105	0.840	0.824	4.059E-35	124
1g6v_2	3zkq_2	0.603	111	0.840	0.982	1.047E-34	123
1g6v_2	6fv0_2	0.592	113	0.832	1.000	1.798E-33	120
1g6v_2	5m2m_2	0.551	127	0.840	1.000	2.466E-33	119
1g6v_2	5o2u_2	0.566	113	0.840	0.983	1.874E-30	111
1g6v_2	5l21_2	0.503	125	1.000	1.000	1.874E-30	111
1g6v_2	5ip4_1	0.500	124	0.992	0.853	2.345E-29	108
1g6v_2	5j57_2	0.487	116	0.824	0.935	7.861E-25	95
1g6v_2	4x7f_2	0.504	124	0.992	0.841	2.531E-23	91
1g6v_2	2ij0_2	0.327	107	0.856	0.856	1.262E-07	45
1j2j_2	1j2j_2	1.000	41	1.000	1.000	2.346E-20	77
1l8c_2	1l8c_2	1.000	51	1.000	1.000	1.312E-30	107
1op9_2	1op9_2	1.000	118	1.000	1.000	1.158E-77	246
1op9_2	3eba_1	0.881	118	1.000	0.924	1.147E-63	206
1op9_2	4w6x_2	0.739	123	1.000	0.992	7.976E-53	175
1op9_2	6h16_2	0.762	118	1.000	0.992	2.824E-52	173
1op9_2	1g6v_2	0.753	124	1.000	0.992	7.288E-52	172
1op9_2	5imk_1	0.747	123	1.000	1.000	2.580E-51	171
1op9_2	5imm_1	0.741	124	1.000	1.000	3.539E-51	170
1op9_2	4i0c_2	0.716	126	1.000	1.000	3.234E-50	168
1op9_2	5u4m_2	0.761	112	0.941	0.889	6.085E-50	167
1op9_2	2p49_2	0.715	120	1.000	0.992	1.046E-48	163
1op9_2	2p4a_2	0.737	119	1.000	0.992	9.561E-48	160
1op9_2	3qsk_2	0.729	119	1.000	0.992	2.468E-47	159
1op9_2	5lhn_2	0.656	134	1.000	0.993	3.385E-47	159
1op9_2	4hep_2	0.674	129	1.000	1.000	1.644E-46	157
1op9_2	4w6w_2	0.712	124	1.000	1.000	3.094E-46	156
1op9_2	6jb2_1	0.674	125	1.000	0.992	4.243E-46	156
1op9_2	6her_2	0.682	122	1.000	0.992	2.827E-45	153
1op9_2	4w6y_2	0.677	118	1.000	0.964	5.320E-45	153
1op9_2	5omn_2	0.661	118	1.000	0.991	6.669E-44	149
1op9_2	1zvh_2	0.701	102	0.839	0.836	4.444E-43	147
1op9_2	4eig_2	0.644	118	1.000	0.991	4.061E-42	144
1op9_2	6fuz_2	0.636	118	1.000	1.000	7.642E-42	143
1op9_2	4wen_2	0.680	119	1.000	0.992	1.973E-41	142
1op9_2	1ri8_2	0.661	118	1.000	0.839	6.384E-40	138
1op9_2	6j7w_1	0.647	118	1.000	0.991	8.758E-40	138
1op9_2	5jds_1	0.619	118	1.000	0.827	8.005E-39	135
1op9_2	4wem_2	0.647	119	1.000	0.992	1.098E-38	134
1op9_2	4ksd_2	0.619	118	1.000	0.805	1.506E-38	134
1op9_2	4pou_2	0.647	105	0.839	0.875	2.066E-38	134
1op9_2	5m2j_2	0.617	118	1.000	0.991	4.875E-37	130
1op9_2	4z9k_2	0.603	118	1.000	0.906	6.688E-37	129
1op9_2	5hvf_2	0.596	117	0.839	1.000	1.258E-36	128
1op9_2	3zkq_2	0.578	118	1.000	0.841	2.165E-35	125
1op9_2	6cwg_2	0.598	117	0.992	0.811	2.165E-35	125
1op9_2	6gjq_2	0.524	120	0.839	0.992	9.610E-34	120
1op9_2	4x7e_2	0.643	99	0.839	0.815	2.480E-33	119
1op9_2	6fv0_2	0.545	118	1.000	0.841	4.668E-33	118
1op9_2	5l21_2	0.507	118	1.000	0.992	1.101E-31	114
1op9_2	5ip4_1	0.540	118	1.000	0.853	9.196E-30	109
1op9_2	5o2u_2	0.549	118	1.000	0.817	2.975E-28	104
3idb_1	3idb_1	1.000	341	1.000	1.000	1.222E-232	706
3idb_1	3idc_1	0.762	322	0.944	0.979	9.852E-147	458
3kud_1	3kud_1	1.000	165	1.000	1.000	2.948E-107	334
3kud_1	1wq1_1	1.000	165	1.000	0.994	2.948E-107	334
3kud_1	5e95_2	1.000	165	1.000	0.994	2.948E-107	334
3kud_1	3ddc_1	0.987	165	1.000	0.994	3.682E-106	331
3kud_1	6h46_1	0.933	165	1.000	0.994	5.948E-101	316
3kud_1	5ufe_1	0.944	144	0.873	0.917	2.656E-89	283
3kud_1	5o2t_1	0.930	144	0.867	1.000	9.718E-86	273
3kud_1	1gua_1	0.595	162	0.976	0.970	5.100E-59	196
3kud_1	3kuc_1	0.595	162	0.976	0.970	5.100E-59	196
3kud_1	4dxa_1	0.582	163	0.976	0.976	6.991E-59	195
3kud_1	6ba6_2	0.582	162	0.976	0.970	1.195E-57	192
3kud_1	2kwi_1	0.521	165	0.982	0.927	8.411E-51	172
3kud_1	2a78_1	0.524	142	0.861	0.958	1.216E-44	154
3kud_1	2a9k_1	0.524	142	0.861	0.958	1.216E-44	154
3kud_1	3tkl_1	0.370	169	0.976	0.988	8.700E-29	108
3kud_1	4g01_2	0.333	164	0.976	0.994	1.173E-22	91
3kud_1	4ojk_1	0.347	166	0.976	0.971	7.673E-22	88
3kud_1	4c4p_1	0.359	166	0.958	0.994	1.962E-21	87
3kud_1	4qxa_1	0.315	150	0.891	0.987	6.854E-21	85
3kud_1	5fr2_1	0.302	171	0.976	0.914	3.980E-19	80
3kud_1	3eg5_1	0.315	162	0.933	0.910	7.431E-19	79
3kud_1	4did_1	0.315	162	0.933	0.905	7.431E-19	79
3kud_1	1ees_1	0.327	161	0.933	0.904	1.015E-18	79
3kud_1	4yc7_2	0.317	160	0.933	0.904	4.830E-18	77
3kud_1	2rmk_1	0.320	161	0.976	0.839	3.134E-17	75
3n06_1	3n06_1	1.000	186	1.000	1.000	2.393E-121	376
3n06_1	3mzg_1	0.994	186	1.000	1.000	1.588E-120	374
3n06_1	3ncc_1	0.994	186	1.000	1.000	1.588E-120	374
3n06_1	3n0p_1	0.989	186	1.000	1.000	3.725E-119	370
3n06_1	3ncb_1	0.989	186	1.000	1.000	3.725E-119	370
3ol2_1	3ol2_1	1.000	613	1.000	1.000	0.000E+00	1275
3qc8_1	3qc8_1	1.000	170	1.000	1.000	9.884E-114	353
3qc8_1	3qq8_1	0.864	177	0.900	1.000	1.832E-96	304
3qc8_1	4kdi_1	0.513	137	0.806	0.930	6.886E-34	123
2kc8_1	2kc8_1	1.000	95	1.000	1.000	1.831E-56	184
2kxh_1	2kxh_1	1.000	199	1.000	1.000	6.669E-132	407
2lpb_1	2lpb_1	1.000	81	1.000	1.000	9.003E-46	153
2mcn_1	2mcn_1	1.000	57	1.000	1.000	1.047E-35	122
2mcn_1	2k6d_1	0.563	55	0.877	0.887	1.333E-14	62
2mcn_1	1zsg_1	0.328	64	0.930	0.985	3.626E-10	49
2mcn_1	1efn_1	0.333	51	0.877	0.911	3.913E-06	38
2mcn_1	5zau_1	0.320	53	0.877	0.930	9.266E-04	31
2mcn_1	1avz_2	0.320	53	0.877	0.930	9.266E-04	31
2mcn_1	2jt4_1	0.310	58	0.895	0.817	1.279E-03	31
2nbv_1	2nbv_1	1.000	110	1.000	1.000	3.469E-76	242
1z92_2	1z92_2	1.000	121	1.000	1.000	4.015E-89	280
2aq2_2	2aq2_2	1.000	234	1.000	1.000	4.013E-159	488
2djy_2	2djy_2	1.000	20	1.000	1.000	3.207E-10	47
2g2w_2	3e2l_2	1.000	164	1.000	1.000	1.314E-109	341
2g2w_2	2g2w_2	1.000	164	1.000	1.000	1.314E-109	341
2g2w_2	3n4i_2	0.824	151	0.921	0.909	9.603E-83	264
2g2w_2	2g2u_2	0.824	151	0.921	0.909	9.603E-83	264
2ij0_2	2ij0_2	1.000	118	1.000	1.000	1.057E-76	244
2ij0_2	2aq2_1	0.350	113	0.958	0.973	1.143E-11	57
2ij0_2	5imk_1	0.320	102	0.822	0.829	3.257E-09	49
2ij0_2	6h16_2	0.310	101	0.856	0.847	4.456E-09	49
2ij0_2	6fuz_2	0.330	97	0.822	0.812	2.134E-08	47
2ij0_2	5imm_1	0.317	103	0.822	0.831	1.020E-07	45
2ij0_2	4eig_2	0.303	101	0.856	0.843	1.905E-07	44
2ij0_2	4wen_2	0.304	103	0.864	0.858	1.905E-07	44
2ij0_2	6jb2_1	0.302	107	0.847	0.849	1.905E-07	44
2ij0_2	1g6v_2	0.336	104	0.831	0.832	2.603E-07	44
2ij0_2	2p4a_2	0.310	98	0.822	0.817	3.558E-07	44
2ij0_2	4w6x_2	0.307	103	0.831	0.831	3.558E-07	44
2ij0_2	4f9p_2	0.310	116	0.983	0.981	1.239E-06	42
2ij0_2	3qsk_2	0.310	98	0.822	0.817	1.692E-06	42
2ij0_2	4wem_2	0.307	101	0.847	0.842	4.308E-06	40
2ij0_2	2p49_2	0.306	99	0.822	0.818	3.791E-05	38
2ij0_2	5omn_2	0.320	97	0.822	0.802	5.169E-05	37
2ij0_2	5m2j_2	0.336	97	0.822	0.809	2.429E-04	35
2ij0_2	4w6w_2	0.306	103	0.822	0.831	2.429E-04	35
6j4s_1	6j4s_1	1.000	250	1.000	1.000	2.373E-172	527
6mav_1	6mav_1	1.000	161	1.000	1.000	6.645E-111	345
6mav_1	6n9d_1	0.975	161	1.000	1.000	4.168E-106	331
6oqj_1	6oqj_1	1.000	87	1.000	1.000	1.831E-64	207
6oqj_1	6oqk_1	1.000	87	1.000	1.000	1.831E-64	207
1b2s_2	1b2s_2	1.000	90	1.000	1.000	1.431E-56	184
1b2s_2	1b3s_2	0.977	90	1.000	1.000	1.797E-55	181
1b2s_2	1b2u_2	0.977	90	1.000	1.000	6.368E-55	179
1b2s_2	1ay7_2	0.966	90	1.000	0.989	3.889E-53	174
1b2s_2	3da7_1	0.966	89	0.989	0.989	1.378E-52	173
1b2s_2	1x1w_2	0.944	90	1.000	1.000	1.585E-50	167
1b2s_2	1x1x_2	0.943	89	0.989	1.000	5.619E-50	165
1b2s_2	1x1y_2	0.933	90	1.000	0.989	1.452E-49	164
1b2s_2	2za4_2	0.727	87	0.856	1.000	2.033E-31	112
1b2s_2	1brs_2	0.413	83	0.922	0.819	3.009E-09	48
1eaw_2	2ra3_2	1.000	56	1.000	1.000	1.393E-39	133
1eaw_2	1f7z_2	1.000	56	1.000	1.000	1.393E-39	133
1eaw_2	1fy8_2	1.000	56	1.000	1.000	1.393E-39	133
1eaw_2	1eaw_2	1.000	56	1.000	1.000	1.393E-39	133
1eaw_2	3tgk_2	1.000	56	1.000	1.000	1.393E-39	133
1eaw_2	1f5r_2	0.982	56	1.000	0.965	3.043E-37	126
1eaw_2	2ftl_2	0.982	56	1.000	0.948	3.043E-37	126
1eaw_2	2ptc_2	0.982	56	1.000	0.948	3.043E-37	126
1eaw_2	2tgp_2	0.982	56	1.000	0.948	3.043E-37	126
1eaw_2	3fp6_2	0.982	56	1.000	0.948	3.043E-37	126
1eaw_2	2r9p_2	0.982	56	1.000	0.948	3.043E-37	126
1eaw_2	3p92_2	0.946	56	1.000	0.948	7.240E-36	123
1eaw_2	3p95_2	0.946	56	1.000	0.948	7.240E-36	123
1eaw_2	2ftm_2	0.964	56	1.000	0.948	7.240E-36	123
1eaw_2	6gfi_2	0.470	51	0.911	0.911	6.699E-15	63
1eaw_2	5c67_2	0.470	51	0.911	0.962	1.267E-14	62
1eaw_2	1zjd_2	0.470	51	0.911	0.895	1.267E-14	62
1eaw_2	4u32_1	0.444	54	0.964	0.981	6.237E-14	60
1eaw_2	6har_2	0.450	51	0.911	0.944	8.579E-14	59
1eaw_2	1zr0_2	0.431	51	0.911	0.810	1.100E-12	56
1eaw_2	4u30_2	0.395	48	0.857	0.889	4.455E-09	46
1k93_2	1k93_2	1.000	96	1.000	1.000	7.093E-60	194
1k93_2	1mxe_1	0.969	97	0.990	1.000	5.429E-57	186
1k93_2	2wel_2	0.948	97	0.969	1.000	1.760E-55	181
1k93_2	3dvm_1	0.318	87	0.906	0.849	6.723E-02	27
3twi_2	3twi_2	1.000	166	1.000	1.000	3.278E-111	346
3uzv_2	3uzv_2	1.000	229	1.000	1.000	1.736E-156	480
3uzv_2	3uyp_2	1.000	226	0.987	1.000	1.047E-154	475
3uzv_2	3uze_2	0.995	229	0.996	1.000	1.967E-154	474
3uzv_2	3uzq_1	0.961	234	0.991	1.000	2.297E-149	460
3uzv_2	5aaw_1	0.712	226	0.886	0.991	2.001E-108	342
3uzv_2	5aam_1	0.712	225	0.886	0.991	8.786E-107	337
3uzv_2	1dzb_1	0.600	225	0.983	0.991	9.201E-88	282
3uzv_2	5dfw_2	0.487	222	0.895	1.000	9.367E-66	218
3uzv_2	6ejm_2	0.475	228	0.996	0.916	5.041E-63	211
3uzv_2	6cbp_2	0.433	231	0.965	0.983	2.450E-56	191
3uzv_2	6oan_2	0.461	223	0.965	0.974	1.058E-51	178
3uzv_2	6qb3_2	0.350	227	0.891	0.996	3.085E-38	139
3uzv_2	4x7s_1	0.321	193	0.812	0.919	4.609E-24	97
3zkq_2	3zkq_2	1.000	113	1.000	1.000	1.626E-73	234
3zkq_2	6fv0_2	0.787	113	0.973	1.000	1.184E-52	174
3zkq_2	4ksd_2	0.720	118	0.982	1.000	6.029E-49	164
3zkq_2	6f2g_2	0.682	126	1.000	0.962	1.135E-48	163
3zkq_2	5m2j_2	0.701	114	0.841	0.991	8.672E-46	154
3zkq_2	6fuz_2	0.705	112	0.841	1.000	4.213E-45	153
3zkq_2	5hvf_2	0.697	117	0.973	1.000	5.780E-45	152
3zkq_2	6gjq_2	0.663	121	0.982	1.000	3.523E-43	147
3zkq_2	6her_2	0.622	122	0.841	0.992	1.141E-41	143
3zkq_2	4w6y_2	0.672	110	0.858	0.982	1.566E-41	142
3zkq_2	6j7w_1	0.686	115	0.841	0.991	1.965E-40	139
3zkq_2	5omn_2	0.684	110	0.841	0.991	2.695E-40	139
3zkq_2	6h16_2	0.641	117	0.841	0.992	9.547E-40	137
3zkq_2	5jds_1	0.622	127	0.973	1.000	1.310E-39	137
3zkq_2	5m2m_2	0.622	127	0.982	1.000	1.797E-39	136
3zkq_2	5imk_1	0.617	123	0.841	1.000	3.382E-39	136
3zkq_2	5imm_1	0.612	124	0.841	1.000	4.639E-39	135
3zkq_2	5o2u_2	0.684	113	0.982	0.983	1.643E-38	134
3zkq_2	6cwg_2	0.614	127	0.982	1.000	1.643E-38	134
3zkq_2	5lhn_2	0.552	134	0.841	0.993	7.987E-38	132
3zkq_2	1ri8_2	0.616	124	0.982	1.000	1.503E-37	131
3zkq_2	5ip4_1	0.630	110	0.973	1.000	3.882E-37	130
3zkq_2	4pou_2	0.621	111	0.982	0.883	1.002E-36	128
3zkq_2	4z9k_2	0.710	96	0.841	0.906	1.886E-36	128
3zkq_2	1op9_2	0.578	118	0.841	1.000	4.871E-36	126
3zkq_2	2p49_2	0.566	120	0.841	0.992	6.683E-36	126
3zkq_2	4w6x_2	0.544	123	0.841	0.992	6.683E-36	126
3zkq_2	2p4a_2	0.571	119	0.841	0.992	1.258E-35	125
3zkq_2	4eig_2	0.600	114	0.841	0.991	2.367E-35	124
3zkq_2	1g6v_2	0.563	124	0.841	0.992	3.248E-35	124
3zkq_2	5u4m_2	0.579	119	0.814	0.944	4.456E-35	124
3zkq_2	3qsk_2	0.571	119	0.841	0.992	6.113E-35	123
3zkq_2	4wen_2	0.583	119	0.841	0.992	8.387E-35	123
3zkq_2	4x7e_2	0.607	112	0.991	0.832	7.672E-34	120
3zkq_2	4hep_2	0.534	129	0.841	1.000	3.729E-33	118
3zkq_2	4w6w_2	0.544	124	0.841	1.000	5.116E-33	118
3zkq_2	4x7f_2	0.642	109	0.965	1.000	7.018E-33	117
3zkq_2	4i0c_2	0.515	126	0.841	1.000	2.486E-32	116
3zkq_2	4wem_2	0.550	119	0.841	0.992	6.420E-32	115
3zkq_2	3eba_1	0.567	110	0.973	0.831	3.121E-31	113
3zkq_2	5l21_2	0.533	118	0.841	0.992	5.873E-31	112
3zkq_2	1zvh_2	0.540	110	0.973	0.836	2.855E-30	110
3zkq_2	6jb2_1	0.496	125	0.841	0.992	4.915E-29	106
3zkq_2	4krl_2	0.543	101	0.894	1.000	8.511E-21	83
4aoq_2	4aoq_2	1.000	35	1.000	1.000	3.736E-22	82
4c2a_2	4c2a_2	1.000	266	1.000	1.000	3.485E-178	545
4c2a_2	1m10_2	0.984	250	0.940	1.000	1.597E-160	494
2yq7_2	2yq7_2	1.000	16	1.000	1.000	1.074E-07	39
2yq7_2	5w89_2	0.466	15	0.938	0.882	2.510E+00	18
3bs5_2	3bs5_2	1.000	74	1.000	1.000	3.676E-47	156
3d5s_2	3d5s_2	1.000	65	1.000	1.000	1.575E-35	122
3d5s_2	2noj_2	0.338	65	1.000	0.926	1.932E-04	33
3eba_2	3eba_2	1.000	112	1.000	1.000	2.547E-75	239
6amb_1	6amb_1	1.000	170	1.000	1.000	2.402E-109	341
6amb_1	1he8_2	0.859	164	0.847	0.988	6.530E-86	273
6amb_1	5xco_1	0.798	169	0.847	1.000	1.270E-82	264
6amb_1	5szk_2	0.322	157	0.824	0.908	6.413E-19	80
2efd_2	2efd_2	1.000	152	1.000	1.000	1.463E-96	303
2efd_2	2efh_2	1.000	152	1.000	1.000	1.463E-96	303
2gh0_2	2gh0_2	1.000	199	1.000	1.000	2.350E-141	435
2gh0_2	5mr5_2	0.375	195	0.980	0.944	2.125E-39	141
2iy1_2	2iy1_2	1.000	83	1.000	1.000	7.102E-53	173
2iy1_2	2uyz_2	0.935	78	0.880	1.000	1.051E-42	144
2iy1_2	5elu_2	0.493	75	0.843	1.000	1.766E-18	74
2iy1_2	5eql_2	0.460	76	0.831	1.000	5.803E-17	70
2iy1_2	5tvq_2	0.453	75	0.807	1.000	5.359E-16	67
2k5b_2	2k5b_2	1.000	129	1.000	1.000	1.818E-83	264
2kri_2	2kri_2	1.000	38	1.000	1.000	3.197E-26	94
2kri_2	5oy9_2	0.468	32	0.842	0.865	1.457E-06	38
4afq_1	4afq_1	1.000	221	1.000	1.000	3.464E-154	473
4afq_1	4ag2_1	0.972	221	1.000	0.964	1.301E-147	454
4afq_1	1d6r_1	0.334	209	0.946	0.892	5.158E-29	111
4afq_1	1smf_1	0.334	209	0.946	0.892	5.158E-29	111
4afq_1	2uuy_1	0.334	209	0.946	0.892	5.158E-29	111
4afq_1	2xtt_2	0.334	209	0.946	0.892	5.158E-29	111
4afq_1	6dwh_1	0.334	209	0.946	0.892	5.158E-29	111
4afq_1	1ldt_1	0.333	216	0.977	0.933	3.994E-27	106
4afq_1	1eja_1	0.333	216	0.977	0.933	3.994E-27	106
4afq_1	1c9t_1	0.326	209	0.946	0.919	7.430E-27	105
4afq_1	4aoq_1	0.326	209	0.946	0.919	7.430E-27	105
4afq_1	1ppe_1	0.326	209	0.946	0.919	7.430E-27	105
4afq_1	2ptc_1	0.326	209	0.946	0.919	7.430E-27	105
4afq_1	2tgp_1	0.326	209	0.946	0.919	7.430E-27	105
4afq_1	1g9i_1	0.326	209	0.946	0.919	7.430E-27	105
4afq_1	2g81_1	0.326	209	0.946	0.919	7.430E-27	105
4afq_1	6dwf_1	0.326	209	0.946	0.919	7.430E-27	105
4afq_1	4j2y_2	0.326	209	0.946	0.919	7.430E-27	105
4afq_1	3fp6_1	0.345	209	0.946	0.892	1.013E-26	105
4afq_1	2ftm_1	0.326	209	0.946	0.919	1.013E-26	105
4afq_1	3p92_1	0.321	216	0.977	0.933	2.570E-26	104
4afq_1	3p95_1	0.321	216	0.977	0.933	2.570E-26	104
4afq_1	3l33_1	0.321	216	0.977	0.933	2.570E-26	104
4afq_1	6gfi_1	0.321	216	0.977	0.933	2.570E-26	104
4afq_1	6har_1	0.321	216	0.977	0.929	2.570E-26	104
4afq_1	2r9p_1	0.321	216	0.977	0.929	2.570E-26	104
4afq_1	5c67_1	0.321	216	0.977	0.932	3.067E-25	100
4afq_1	2ra3_1	0.320	209	0.946	0.888	3.067E-25	100
4afq_1	4u30_1	0.309	216	0.977	0.960	5.698E-25	100
4afq_1	4u32_2	0.309	216	0.977	0.955	5.698E-25	100
4afq_1	6kbr_1	0.319	182	0.824	0.884	2.056E-18	80
4bfi_1	4bfi_1	1.000	191	1.000	1.000	3.897E-127	393
4cvw_1	4cvw_1	1.000	867	1.000	1.000	0.000E+00	1799
4eee_1	4eee_1	1.000	115	1.000	1.000	1.645E-79	252
3tgk_2	2ra3_2	1.000	56	1.000	1.000	1.393E-39	133
3tgk_2	1f7z_2	1.000	56	1.000	1.000	1.393E-39	133
3tgk_2	1fy8_2	1.000	56	1.000	1.000	1.393E-39	133
3tgk_2	1eaw_2	1.000	56	1.000	1.000	1.393E-39	133
3tgk_2	3tgk_2	1.000	56	1.000	1.000	1.393E-39	133
3tgk_2	1f5r_2	0.982	56	1.000	0.965	3.043E-37	126
3tgk_2	2ftl_2	0.982	56	1.000	0.948	3.043E-37	126
3tgk_2	2ptc_2	0.982	56	1.000	0.948	3.043E-37	126
3tgk_2	2tgp_2	0.982	56	1.000	0.948	3.043E-37	126
3tgk_2	3fp6_2	0.982	56	1.000	0.948	3.043E-37	126
3tgk_2	2r9p_2	0.982	56	1.000	0.948	3.043E-37	126
3tgk_2	3p92_2	0.946	56	1.000	0.948	7.240E-36	123
3tgk_2	3p95_2	0.946	56	1.000	0.948	7.240E-36	123
3tgk_2	2ftm_2	0.964	56	1.000	0.948	7.240E-36	123
3tgk_2	6gfi_2	0.470	51	0.911	0.911	6.699E-15	63
3tgk_2	5c67_2	0.470	51	0.911	0.962	1.267E-14	62
3tgk_2	1zjd_2	0.470	51	0.911	0.895	1.267E-14	62
3tgk_2	4u32_1	0.444	54	0.964	0.981	6.237E-14	60
3tgk_2	6har_2	0.450	51	0.911	0.944	8.579E-14	59
3tgk_2	1zr0_2	0.431	51	0.911	0.810	1.100E-12	56
3tgk_2	4u30_2	0.395	48	0.857	0.889	4.455E-09	46
4m5f_2	4m5f_2	1.000	91	1.000	1.000	2.255E-57	186
4pas_2	4pas_2	1.000	39	1.000	1.000	1.420E-19	75
4rey_2	4rey_2	1.000	22	1.000	1.000	5.723E-12	52
4w6x_2	4w6x_2	1.000	124	1.000	1.000	1.140E-84	267
4w6x_2	1g6v_2	0.740	125	1.000	1.000	2.385E-54	180
4w6x_2	1op9_2	0.739	123	0.992	1.000	2.987E-53	177
4w6x_2	5imk_1	0.707	123	0.992	1.000	2.728E-52	174
4w6x_2	6h16_2	0.701	124	1.000	1.000	1.816E-51	171
4w6x_2	2p4a_2	0.685	124	1.000	1.000	3.417E-51	171
4w6x_2	3qsk_2	0.693	124	1.000	1.000	8.818E-51	169
4w6x_2	5imm_1	0.701	124	0.992	1.000	8.818E-51	169
4w6x_2	5lhn_2	0.652	135	1.000	1.000	2.275E-50	168
4w6x_2	2p49_2	0.688	124	1.000	1.000	5.871E-50	167
4w6x_2	4w6w_2	0.714	124	0.992	1.000	3.909E-49	165
4w6x_2	4i0c_2	0.682	126	0.992	1.000	5.362E-49	164
4w6x_2	6her_2	0.677	124	1.000	1.000	1.898E-48	163
4w6x_2	4w6y_2	0.677	124	1.000	0.973	3.260E-47	159
4w6x_2	4hep_2	0.612	129	0.992	1.000	4.673E-44	150
4w6x_2	6jb2_1	0.637	125	0.992	0.992	1.206E-43	149
4w6x_2	5u4m_2	0.653	121	0.976	0.952	2.268E-43	148
4w6x_2	4wen_2	0.645	124	1.000	1.000	8.028E-43	147
4w6x_2	5m2j_2	0.640	124	1.000	1.000	7.332E-42	144
4w6x_2	3eba_1	0.645	124	1.000	0.932	7.332E-42	144
4w6x_2	4wem_2	0.629	124	1.000	1.000	1.006E-41	143
4w6x_2	6fuz_2	0.617	123	0.992	1.000	1.379E-41	143
4w6x_2	1ri8_2	0.626	123	0.992	0.839	1.379E-41	143
4w6x_2	5omn_2	0.620	124	1.000	1.000	2.595E-41	142
4w6x_2	4eig_2	0.620	124	1.000	1.000	3.559E-41	142
4w6x_2	1zvh_2	0.660	103	0.831	0.836	4.882E-41	141
4w6x_2	4pou_2	0.632	106	0.839	0.883	1.150E-39	138
4w6x_2	6j7w_1	0.588	124	1.000	1.000	1.578E-39	137
4w6x_2	5jds_1	0.596	124	1.000	0.835	2.969E-39	136
4w6x_2	4ksd_2	0.588	124	1.000	0.814	4.072E-39	136
4w6x_2	6cwg_2	0.580	122	0.984	0.811	2.711E-38	134
4w6x_2	4z9k_2	0.577	123	0.992	0.906	1.805E-37	131
4w6x_2	4x7e_2	0.647	104	0.839	0.824	5.833E-36	127
4w6x_2	3zkq_2	0.544	123	0.992	0.841	1.505E-35	126
4w6x_2	6fv0_2	0.536	123	0.992	0.841	2.831E-35	125
4w6x_2	5m2m_2	0.519	127	0.839	1.000	1.721E-33	120
4w6x_2	5l21_2	0.507	124	1.000	1.000	5.558E-32	115
4w6x_2	5o2u_2	0.544	123	0.992	0.817	2.462E-30	111
4w6x_2	5ip4_1	0.504	123	0.992	0.853	1.090E-28	106
4w6x_2	5j57_2	0.500	116	0.823	0.935	6.031E-26	98
4w6x_2	4x7f_2	0.477	107	0.823	1.000	7.817E-22	86
4w6x_2	2ij0_2	0.307	103	0.831	0.831	1.673E-07	45
4y5o_2	4y5o_2	1.000	102	1.000	1.000	1.562E-61	199
3r9a_1	3r9a_1	1.000	387	1.000	1.000	6.466E-266	805
3tkl_1	3tkl_1	1.000	171	1.000	1.000	1.179E-111	347
3tkl_1	3jza_1	0.898	148	0.807	1.000	1.660E-81	261
3tkl_1	5szh_2	0.791	146	0.854	1.000	2.676E-66	217
3tkl_1	4c4p_1	0.536	166	0.971	0.994	1.062E-53	181
3tkl_1	4ojk_1	0.514	167	0.977	0.959	7.226E-50	169
3tkl_1	4g01_2	0.426	164	0.959	0.964	7.839E-38	135
3tkl_1	6h46_1	0.382	169	0.988	0.970	1.662E-29	111
3tkl_1	3ddc_1	0.378	168	0.982	0.964	2.275E-29	110
3tkl_1	3kud_1	0.372	168	0.982	0.970	5.832E-29	109
3tkl_1	1wq1_1	0.372	168	0.982	0.964	5.832E-29	109
3tkl_1	5e95_2	0.372	168	0.982	0.964	5.832E-29	109
3tkl_1	4qxa_1	0.369	145	0.848	0.921	7.176E-28	106
3tkl_1	2kwi_1	0.317	168	0.982	0.916	3.789E-25	98
3tkl_1	5ufe_1	0.375	148	0.865	0.892	4.638E-24	95
3tkl_1	5o2t_1	0.355	148	0.865	0.979	6.343E-24	94
3tkl_1	4d0g_1	0.364	147	0.860	0.959	8.674E-24	94
3tkl_1	4dxa_1	0.337	167	0.977	0.964	1.980E-22	90
3tkl_1	1gua_1	0.319	167	0.977	0.958	6.912E-22	89
3tkl_1	6ba6_2	0.319	167	0.977	0.958	6.912E-22	89
3tkl_1	3kuc_1	0.319	167	0.977	0.958	6.912E-22	89
3tkl_1	2a78_1	0.351	148	0.865	0.944	1.291E-21	88
3tkl_1	2a9k_1	0.351	148	0.865	0.944	1.291E-21	88
3uyp_1	3uyp_1	1.000	96	1.000	1.000	1.272E-62	202
3uyp_1	5aam_2	0.979	96	1.000	1.000	4.121E-61	198
3uyp_1	5aaw_2	0.979	96	1.000	1.000	4.121E-61	198
3uyp_1	3uzq_2	0.533	90	0.938	0.947	2.336E-33	118
3uyp_1	5kve_1	0.516	91	0.927	0.901	1.914E-27	101
3wry_1	3wry_1	1.000	415	1.000	1.000	2.229E-274	831
2vog_1	2vog_1	1.000	143	1.000	1.000	1.123E-91	288
1emv_2	1emv_2	1.000	131	1.000	1.000	3.618E-86	272
1gla_2	1gla_2	1.000	470	1.000	1.000	1.630E-322	973
1jiw_2	1jiw_2	1.000	105	1.000	1.000	2.262E-67	216
1lx5_2	1lx5_2	1.000	94	1.000	1.000	1.255E-70	225
1lx5_2	1s4y_1	0.602	93	0.989	1.000	3.502E-46	154
1lx5_2	1nys_1	0.622	90	0.957	0.989	1.703E-45	153
1p27_2	1p27_2	1.000	92	1.000	1.000	4.043E-63	203
1vyt_1	1vyt_1	1.000	243	1.000	1.000	3.703E-157	483
1xj7_1	1xj7_1	1.000	256	1.000	1.000	5.231E-174	532
1xj7_1	1t5z_1	0.968	256	1.000	0.992	4.157E-165	507
1xj7_1	1t63_1	0.968	256	1.000	0.992	4.157E-165	507
1y6n_1	1y6n_1	1.000	133	1.000	1.000	1.286E-84	267
1zli_1	1zli_1	1.000	306	1.000	1.000	8.816E-214	650
1zli_1	3lms_1	0.485	309	0.997	1.000	8.332E-98	315
1zli_1	5mrv_1	0.488	295	0.961	0.961	1.409E-96	312
3sjh_2	3sjh_2	1.000	22	1.000	1.000	9.439E-10	46
3sjh_2	3u9z_2	0.761	21	0.955	1.000	6.586E-04	29
5cx3_1	5cx3_1	1.000	117	1.000	1.000	1.578E-74	237
5cx3_1	6aaf_1	0.366	107	0.906	0.964	5.558E-18	75
5e95_1	5e95_1	1.000	92	1.000	1.000	5.327E-59	191
5g15_1	5g15_1	1.000	265	1.000	1.000	1.141E-180	552
5g15_1	2wel_1	0.307	265	0.962	0.877	1.099E-35	133
5imk_1	5imk_1	1.000	123	1.000	1.000	1.700E-82	261
5imk_1	5imm_1	0.991	124	1.000	1.000	5.489E-81	256
5imk_1	6h16_2	0.829	123	1.000	0.992	1.330E-62	203
5imk_1	6her_2	0.764	123	1.000	0.992	2.729E-56	185
5imk_1	1g6v_2	0.761	124	1.000	0.992	1.515E-53	177
5imk_1	4hep_2	0.713	129	1.000	1.000	5.363E-53	176
5imk_1	3qsk_2	0.750	123	1.000	0.992	1.384E-52	175
5imk_1	2p4a_2	0.739	123	1.000	0.992	2.604E-52	174
5imk_1	2p49_2	0.744	123	1.000	0.992	3.571E-52	173
5imk_1	4w6x_2	0.707	123	1.000	0.992	6.718E-52	173
5imk_1	1op9_2	0.747	123	1.000	1.000	1.734E-51	171
5imk_1	5lhn_2	0.688	134	1.000	0.993	1.154E-50	169
5imk_1	5u4m_2	0.754	117	0.951	0.921	4.086E-50	168
5imk_1	4wen_2	0.715	123	1.000	0.992	7.021E-49	164
5imk_1	6j7w_1	0.723	123	1.000	0.991	9.630E-49	164
5imk_1	6jb2_1	0.682	125	1.000	0.992	3.113E-47	159
5imk_1	4wem_2	0.674	123	1.000	0.992	5.857E-47	158
5imk_1	4i0c_2	0.697	126	1.000	1.000	8.034E-47	158
5imk_1	4ksd_2	0.686	118	0.846	1.000	1.102E-46	158
5imk_1	5m2j_2	0.709	123	1.000	0.991	3.900E-46	156
5imk_1	4w6w_2	0.698	124	1.000	1.000	5.350E-46	156
5imk_1	5omn_2	0.699	123	1.000	0.991	1.894E-45	154
5imk_1	4eig_2	0.699	123	1.000	0.991	1.894E-45	154
5imk_1	6fuz_2	0.691	123	1.000	1.000	4.886E-45	153
5imk_1	6cwg_2	0.661	122	0.992	0.811	1.730E-44	151
5imk_1	4w6y_2	0.674	123	1.000	0.964	3.254E-44	151
5imk_1	3eba_1	0.674	123	1.000	0.924	4.077E-43	147
5imk_1	5m2m_2	0.614	127	0.846	1.000	7.006E-42	144
5imk_1	5hvf_2	0.644	117	0.837	1.000	9.609E-42	143
5imk_1	5jds_1	0.642	123	1.000	0.827	2.480E-41	142
5imk_1	1zvh_2	0.701	103	0.837	0.836	1.651E-40	140
5imk_1	1ri8_2	0.642	123	1.000	0.839	5.845E-40	138
5imk_1	4z9k_2	0.626	123	1.000	0.906	2.069E-39	137
5imk_1	4pou_2	0.666	106	0.846	0.883	2.069E-39	137
5imk_1	3zkq_2	0.617	123	1.000	0.841	1.004E-38	135
5imk_1	6gjq_2	0.598	121	0.846	1.000	1.004E-38	135
5imk_1	4x7e_2	0.682	104	0.846	0.824	3.555E-38	133
5imk_1	6fv0_2	0.593	123	1.000	0.841	9.173E-38	132
5imk_1	5l21_2	0.564	123	1.000	0.992	8.378E-37	129
5imk_1	5o2u_2	0.577	123	1.000	0.817	5.826E-33	118
5imk_1	5ip4_1	0.532	123	1.000	0.853	2.828E-32	116
5imk_1	4x7f_2	0.536	123	1.000	0.841	5.781E-26	98
5imk_1	2ij0_2	0.320	102	0.829	0.822	2.051E-09	50
5jw9_1	5jw9_1	1.000	35	1.000	1.000	1.978E-22	83
5o90_2	5o90_2	1.000	8	1.000	1.000	2.148E+00	18
5tl7_2	5tl7_2	1.000	309	1.000	1.000	8.379E-212	644
5tl7_2	4m0w_1	0.983	309	1.000	0.965	6.446E-206	627
5uwc_2	5uwc_2	1.000	112	1.000	1.000	4.792E-75	239
5w3x_2	5w3x_2	1.000	56	1.000	1.000	3.311E-38	129
3mca_2	3mca_2	1.000	341	1.000	1.000	2.355E-229	697
1u0i_1	1u0i_1	1.000	21	1.000	1.000	3.627E-06	35
1u0i_1	1u0i_2	0.631	19	0.905	0.905	3.923E-01	21
1wa7_1	1wa7_1	1.000	60	1.000	1.000	8.343E-39	131
1wa7_1	4afz_2	0.509	55	0.917	0.885	8.187E-15	63
1wa7_1	2lz6_2	0.381	53	0.883	0.817	2.522E-07	41
1wa7_1	2knb_2	0.301	51	0.833	0.823	1.400E-02	28
1xqh_1	1xqh_1	1.000	250	1.000	1.000	2.872E-174	533
1y8n_1	1y8n_1	1.000	374	1.000	1.000	4.272E-255	773
1zr0_1	1zr0_1	1.000	223	1.000	1.000	2.091E-151	465
4ekc_2	4ekc_2	1.000	128	1.000	1.000	1.580E-82	261
4ekc_2	4ekd_2	0.962	132	0.992	1.000	1.646E-79	252
4gaf_2	4gaf_2	1.000	131	1.000	1.000	1.538E-87	276
4hff_2	4hff_2	1.000	78	1.000	1.000	3.571E-48	159
4jeg_2	4jeg_2	1.000	93	1.000	1.000	1.580E-59	193
4jeg_2	5dc4_2	0.862	87	0.935	0.935	4.055E-41	140
4jeg_2	5mtm_2	0.882	85	0.914	0.913	5.565E-41	139
4jeg_2	5mtn_2	0.846	90	0.946	0.957	2.708E-40	138
4jeg_2	5g15_2	0.722	85	0.914	0.932	1.439E-29	107
1q5w_2	2k8b_1	1.000	76	1.000	1.000	3.726E-46	153
1q5w_2	4msm_2	1.000	76	1.000	1.000	3.726E-46	153
1q5w_2	2k8c_1	1.000	76	1.000	1.000	3.726E-46	153
1q5w_2	2kwu_2	1.000	76	1.000	1.000	3.726E-46	153
1q5w_2	2kwv_2	1.000	76	1.000	1.000	3.726E-46	153
1q5w_2	2mbb_2	1.000	76	1.000	1.000	3.726E-46	153
1q5w_2	4pqt_2	1.000	76	1.000	1.000	3.726E-46	153
1q5w_2	5vzm_1	1.000	76	1.000	1.000	3.726E-46	153
1q5w_2	2fuh_2	1.000	76	1.000	1.000	3.726E-46	153
1q5w_2	2mcn_2	1.000	76	1.000	1.000	3.726E-46	153
1q5w_2	2jy6_1	1.000	76	1.000	1.000	3.726E-46	153
1q5w_2	1wrd_2	1.000	76	1.000	1.000	3.726E-46	153
1q5w_2	1yx5_2	1.000	76	1.000	1.000	3.726E-46	153
1q5w_2	2l0f_1	1.000	76	1.000	1.000	3.726E-46	153
1q5w_2	1yx6_2	1.000	76	1.000	1.000	3.726E-46	153
1q5w_2	2den_2	1.000	76	1.000	1.000	3.726E-46	153
1q5w_2	2l0t_1	1.000	76	1.000	1.000	3.726E-46	153
1q5w_2	2mj5_1	1.000	76	1.000	1.000	3.726E-46	153
1q5w_2	4k1r_2	1.000	76	1.000	1.000	3.726E-46	153
1q5w_2	2lvo_1	1.000	76	1.000	1.000	3.726E-46	153
1q5w_2	1q5w_2	1.000	76	1.000	1.000	3.726E-46	153
1q5w_2	2g45_2	1.000	76	1.000	1.000	3.726E-46	153
1q5w_2	4m0w_2	1.000	76	1.000	1.000	3.726E-46	153
1q5w_2	2mre_1	1.000	76	1.000	1.000	3.726E-46	153
1q5w_2	2mro_1	1.000	76	1.000	1.000	3.726E-46	153
1q5w_2	2ktf_1	1.000	76	1.000	1.000	3.726E-46	153
1q5w_2	2lz6_1	1.000	76	1.000	1.000	3.726E-46	153
1q5w_2	1zgu_2	0.986	76	1.000	1.000	9.631E-46	152
1q5w_2	2jt4_2	0.960	76	1.000	1.000	3.133E-44	148
1q5w_2	1wr1_1	0.960	76	1.000	1.000	3.133E-44	148
1q5w_2	1q0w_2	0.960	76	1.000	1.000	3.133E-44	148
1q5w_2	1otr_2	0.960	76	1.000	1.000	3.133E-44	148
1q5w_2	2c7m_2	0.842	76	1.000	1.000	7.064E-35	121
1q5w_2	6d4p_2	0.789	76	1.000	0.958	1.420E-31	111
1q5w_2	5v69_2	0.843	64	0.803	0.985	4.270E-29	104
1q5w_2	4hcp_2	0.500	76	1.000	0.945	1.894E-19	77
1q5w_2	1p9d_1	0.328	73	0.961	0.859	2.137E-08	45
1q5w_2	5tl7_1	0.301	73	0.961	0.908	9.796E-07	40
3lbx_1	3lbx_1	1.000	140	1.000	1.000	2.970E-86	273
3nvq_1	3nvq_1	1.000	573	1.000	1.000	0.000E+00	1234
3oun_1	3oun_1	1.000	91	1.000	1.000	3.695E-59	192
3qwq_1	3qwq_1	1.000	589	1.000	1.000	0.000E+00	1328
3tei_1	3tei_1	1.000	295	1.000	1.000	1.068E-204	623
3tei_1	5v62_1	0.794	328	1.000	0.943	1.774E-170	524
3tei_1	2oza_2	0.410	313	0.973	0.940	4.672E-70	234
5kxh_1	5kxh_1	1.000	350	1.000	1.000	2.206E-237	721
5kxh_1	5ky0_1	0.952	349	0.997	0.994	1.694E-218	666
5kxh_1	5ky4_1	0.676	343	0.800	1.000	3.119E-141	443
5kxh_1	5ky9_1	0.725	332	0.949	0.997	1.229E-138	436
5m36_1	5m36_1	1.000	204	1.000	1.000	3.082E-128	397
5my6_1	5my6_1	1.000	552	1.000	1.000	0.000E+00	1186
5my6_1	3mzw_1	0.570	554	0.911	0.974	4.788E-190	595
5omn_1	5omn_1	1.000	300	1.000	1.000	7.716E-209	635
1tlh_2	1tlh_2	1.000	68	1.000	1.000	1.873E-39	134
1usv_2	1usv_2	1.000	140	1.000	1.000	1.263E-87	276
1wve_2	1wve_2	1.000	75	1.000	1.000	2.443E-49	162
1y3c_2	1y3c_2	1.000	64	1.000	1.000	4.585E-37	126
1y3c_2	1y3d_2	0.968	64	1.000	1.000	1.497E-35	122
1y3c_2	1y48_2	0.968	64	1.000	1.000	1.497E-35	122
1y3c_2	1to1_2	0.968	64	1.000	1.000	3.874E-35	121
1y3c_2	2sni_2	0.921	64	1.000	1.000	1.890E-34	119
1y3c_2	1tm3_2	0.953	64	0.984	1.000	4.499E-33	115
1y3c_2	1tm7_2	0.953	64	0.984	1.000	4.499E-33	115
1y3c_2	1lw6_2	0.952	63	0.969	1.000	8.483E-33	114
1y3c_2	1y4a_2	0.920	63	0.953	1.000	3.811E-31	109
1y3c_2	1acb_2	0.360	61	0.938	0.968	3.044E-07	41
1yx6_2	2k8b_1	1.000	76	1.000	1.000	3.726E-46	153
1yx6_2	4msm_2	1.000	76	1.000	1.000	3.726E-46	153
1yx6_2	2k8c_1	1.000	76	1.000	1.000	3.726E-46	153
1yx6_2	2kwu_2	1.000	76	1.000	1.000	3.726E-46	153
1yx6_2	2kwv_2	1.000	76	1.000	1.000	3.726E-46	153
1yx6_2	2mbb_2	1.000	76	1.000	1.000	3.726E-46	153
1yx6_2	4pqt_2	1.000	76	1.000	1.000	3.726E-46	153
1yx6_2	5vzm_1	1.000	76	1.000	1.000	3.726E-46	153
1yx6_2	2fuh_2	1.000	76	1.000	1.000	3.726E-46	153
1yx6_2	2mcn_2	1.000	76	1.000	1.000	3.726E-46	153
1yx6_2	2jy6_1	1.000	76	1.000	1.000	3.726E-46	153
1yx6_2	1wrd_2	1.000	76	1.000	1.000	3.726E-46	153
1yx6_2	1yx5_2	1.000	76	1.000	1.000	3.726E-46	153
1yx6_2	2l0f_1	1.000	76	1.000	1.000	3.726E-46	153
1yx6_2	1yx6_2	1.000	76	1.000	1.000	3.726E-46	153
1yx6_2	2den_2	1.000	76	1.000	1.000	3.726E-46	153
1yx6_2	2l0t_1	1.000	76	1.000	1.000	3.726E-46	153
1yx6_2	2mj5_1	1.000	76	1.000	1.000	3.726E-46	153
1yx6_2	4k1r_2	1.000	76	1.000	1.000	3.726E-46	153
1yx6_2	2lvo_1	1.000	76	1.000	1.000	3.726E-46	153
1yx6_2	1q5w_2	1.000	76	1.000	1.000	3.726E-46	153
1yx6_2	2g45_2	1.000	76	1.000	1.000	3.726E-46	153
1yx6_2	4m0w_2	1.000	76	1.000	1.000	3.726E-46	153
1yx6_2	2mre_1	1.000	76	1.000	1.000	3.726E-46	153
1yx6_2	2mro_1	1.000	76	1.000	1.000	3.726E-46	153
1yx6_2	2ktf_1	1.000	76	1.000	1.000	3.726E-46	153
1yx6_2	2lz6_1	1.000	76	1.000	1.000	3.726E-46	153
1yx6_2	1zgu_2	0.986	76	1.000	1.000	9.631E-46	152
1yx6_2	2jt4_2	0.960	76	1.000	1.000	3.133E-44	148
1yx6_2	1wr1_1	0.960	76	1.000	1.000	3.133E-44	148
1yx6_2	1q0w_2	0.960	76	1.000	1.000	3.133E-44	148
1yx6_2	1otr_2	0.960	76	1.000	1.000	3.133E-44	148
1yx6_2	2c7m_2	0.842	76	1.000	1.000	7.064E-35	121
1yx6_2	6d4p_2	0.789	76	1.000	0.958	1.420E-31	111
1yx6_2	5v69_2	0.843	64	0.803	0.985	4.270E-29	104
1yx6_2	4hcp_2	0.500	76	1.000	0.945	1.894E-19	77
1yx6_2	1p9d_1	0.328	73	0.961	0.859	2.137E-08	45
1yx6_2	5tl7_1	0.301	73	0.961	0.908	9.796E-07	40
6i07_2	6i07_2	1.000	224	1.000	1.000	1.283E-152	469
6iwd_2	6iwd_2	1.000	48	1.000	1.000	4.329E-31	108
6m7l_2	6m7l_2	1.000	359	1.000	1.000	2.454E-237	721
6obn_2	6obn_2	1.000	281	1.000	1.000	1.459E-178	547
6saz_2	6saz_2	1.000	234	1.000	1.000	3.220E-160	491
6cbp_2	6cbp_2	1.000	235	1.000	1.000	1.052E-161	496
6cbp_2	5aaw_1	0.546	193	0.821	0.803	7.966E-62	207
6cbp_2	5aam_1	0.546	193	0.821	0.802	1.843E-60	203
6cbp_2	3uyp_2	0.433	231	0.983	0.978	5.807E-53	182
6cbp_2	3uzv_2	0.433	231	0.983	0.965	5.807E-53	182
6cbp_2	3uze_2	0.431	231	0.983	0.969	1.088E-52	181
6cbp_2	6qb3_2	0.408	234	0.996	0.895	3.425E-51	177
6cbp_2	3uzq_1	0.423	231	0.983	0.974	8.774E-51	175
6cbp_2	1dzb_1	0.406	234	0.996	0.991	1.062E-46	164
6cbp_2	6oan_2	0.414	234	0.996	0.987	1.163E-44	158
6cbp_2	6ejm_2	0.404	196	0.834	0.819	1.133E-41	149
6cbp_2	5dfw_2	0.327	231	0.983	0.883	1.838E-32	122
6cbp_2	6i07_1	0.357	199	0.817	0.873	1.619E-31	119
6f0f_2	6f0f_2	1.000	28	1.000	1.000	3.598E-14	59
6g04_2	6g04_2	1.000	16	1.000	1.000	1.005E-06	36
6ht9_2	6ht9_2	1.000	240	1.000	1.000	2.942E-166	509
6iw8_2	6iw8_2	1.000	419	1.000	1.000	1.151E-275	835
3ifq_2	3ifq_2	1.000	90	1.000	1.000	2.802E-60	195
3kyi_2	3kyi_2	1.000	104	1.000	1.000	4.863E-62	201
3n4i_2	3n4i_2	1.000	165	1.000	1.000	2.361E-108	338
3n4i_2	2g2u_2	1.000	165	1.000	1.000	2.361E-108	338
3n4i_2	3e2l_2	0.824	151	0.909	0.921	6.682E-82	261
3n4i_2	2g2w_2	0.824	151	0.909	0.921	6.682E-82	261
3ona_2	3ona_2	1.000	66	1.000	1.000	1.594E-42	142
3qlu_2	3qlu_2	1.000	372	1.000	1.000	2.339E-253	768
5lgk_2	5lgk_2	1.000	106	1.000	1.000	1.816E-78	248
6k4k_1	6k4k_1	1.000	719	1.000	1.000	0.000E+00	1446
6ne2_1	6ne2_1	1.000	191	1.000	1.000	9.754E-120	372
6ne2_1	6ndz_2	0.926	191	1.000	1.000	1.521E-107	337
6ne2_1	4b93_2	0.347	162	0.812	0.848	1.256E-23	94
6ne2_1	3ixe_1	0.314	155	0.812	0.934	6.622E-19	81
6q69_1	6q69_1	1.000	127	1.000	1.000	1.737E-87	275
1ava_2	1ava_2	1.000	181	1.000	1.000	1.703E-130	402
1dhk_2	1dhk_2	1.000	195	1.000	1.000	1.890E-124	386
2psm_1	2psm_1	1.000	113	1.000	1.000	2.552E-71	228
2ruk_1	2ruk_1	1.000	20	1.000	1.000	6.072E-10	46
2vda_1	2vda_1	1.000	828	1.000	1.000	0.000E+00	1636
2wfx_1	2wfx_1	1.000	151	1.000	1.000	2.435E-102	319
4m1l_1	6mba_2	1.000	145	1.000	1.000	1.127E-90	286
4m1l_1	4m1l_1	1.000	145	1.000	1.000	1.127E-90	286
4m1l_1	2vay_1	0.993	145	1.000	0.986	1.284E-88	280
4m1l_1	6mud_1	0.979	147	0.993	1.000	3.311E-88	278
4m1l_1	4lzx_1	0.986	145	1.000	0.986	6.227E-88	278
4m1l_1	5tp6_1	0.972	147	1.000	0.993	7.783E-87	274
4m1l_1	6mc9_2	0.958	145	1.000	0.986	8.869E-85	269
4m1l_1	1vrk_1	0.911	147	0.993	0.993	2.085E-83	265
5u4k_2	5u4k_2	1.000	32	1.000	1.000	9.861E-16	63
5v6a_2	5v6a_2	1.000	57	1.000	1.000	2.292E-33	115
5v6a_2	5v69_2	0.830	59	0.982	0.908	5.831E-25	91
5wrv_2	5wrv_2	1.000	154	1.000	1.000	1.242E-100	315
5wrv_2	5m72_1	0.993	150	0.974	1.000	3.027E-96	302
5xwt_2	5xwt_2	1.000	343	1.000	1.000	7.874E-234	710
6atk_2	6atk_2	1.000	134	1.000	1.000	4.077E-96	301
2mur_2	2mur_2	1.000	78	1.000	1.000	1.738E-47	157
2mur_2	3kw5_2	0.961	77	0.987	0.987	1.546E-42	143
2mur_2	2k6d_2	0.961	77	0.987	0.974	1.546E-42	143
2mur_2	5xiu_2	0.972	74	0.949	1.000	2.672E-41	139
2mur_2	2hth_1	0.972	74	0.949	1.000	2.672E-41	139
2mur_2	2oob_2	0.972	73	0.936	1.000	9.481E-41	138
2mur_2	6dgf_2	0.907	76	0.974	0.986	2.835E-38	131
2mur_2	4i6l_2	0.893	75	0.962	1.000	1.381E-37	129
2mur_2	1yd8_1	0.969	65	0.833	1.000	1.599E-35	123
2mur_2	2dx5_2	0.969	65	0.833	1.000	1.599E-35	123
2mur_2	5hpk_2	0.831	77	0.987	0.974	2.195E-35	123
2mur_2	4hcn_2	0.909	66	0.846	0.984	2.544E-33	117
2mur_2	5hps_2	0.810	74	0.949	1.000	3.210E-32	113
2omw_2	2omw_2	1.000	82	1.000	1.000	7.378E-54	176
2omw_2	2omx_2	0.853	82	1.000	0.963	7.951E-44	147
2omw_2	3ff8_1	0.853	82	1.000	0.810	2.821E-43	145
2p48_2	2p46_2	1.000	116	1.000	1.000	9.186E-80	252
2p48_2	2p47_2	1.000	116	1.000	1.000	9.186E-80	252
2p48_2	2p48_2	1.000	116	1.000	1.000	9.186E-80	252
2p48_2	2p45_2	0.991	116	1.000	1.000	1.050E-77	246
2p48_2	2p44_2	0.806	114	0.974	0.983	4.620E-62	201
2p48_2	2p43_2	0.682	118	0.914	1.000	6.944E-49	164
2p48_2	2p42_2	0.674	117	0.914	1.000	7.958E-47	158
2r9p_2	2ftl_2	1.000	58	1.000	1.000	6.500E-41	137
2r9p_2	2ptc_2	1.000	58	1.000	1.000	6.500E-41	137
2r9p_2	2tgp_2	1.000	58	1.000	1.000	6.500E-41	137
2r9p_2	3fp6_2	1.000	58	1.000	1.000	6.500E-41	137
2r9p_2	2r9p_2	1.000	58	1.000	1.000	6.500E-41	137
2r9p_2	1f5r_2	1.000	57	0.983	1.000	2.308E-40	136
2r9p_2	3p92_2	0.965	58	1.000	1.000	1.544E-39	133
2r9p_2	3p95_2	0.965	58	1.000	1.000	1.544E-39	133
2r9p_2	2ftm_2	0.982	58	1.000	1.000	1.544E-39	133
2r9p_2	2ra3_2	0.982	56	0.948	1.000	3.374E-37	126
2r9p_2	1f7z_2	0.982	56	0.948	1.000	3.374E-37	126
2r9p_2	1fy8_2	0.982	56	0.948	1.000	3.374E-37	126
2r9p_2	1eaw_2	0.982	56	0.948	1.000	3.374E-37	126
2r9p_2	3tgk_2	0.982	56	0.948	1.000	3.374E-37	126
2r9p_2	4u32_1	0.452	53	0.914	0.981	2.072E-15	64
2r9p_2	6gfi_2	0.452	53	0.914	0.946	3.918E-15	63
2r9p_2	5c67_2	0.452	53	0.914	1.000	7.409E-15	63
2r9p_2	1zjd_2	0.452	53	0.914	0.930	7.409E-15	63
2r9p_2	6har_2	0.433	53	0.914	0.981	5.014E-14	60
2r9p_2	1zr0_2	0.423	52	0.897	0.825	6.426E-13	57
2r9p_2	1yc0_2	0.358	53	0.914	0.803	1.673E-12	56
2r9p_2	4u30_2	0.395	48	0.828	0.889	4.916E-09	46
4ayi_2	4ayi_2	1.000	243	1.000	1.000	7.653E-158	485
6f2g_1	6f2g_1	1.000	429	1.000	1.000	2.831E-273	829
6gbh_1	6gbh_1	1.000	108	1.000	1.000	5.158E-71	227
6gbh_1	6aw2_1	1.000	107	0.991	1.000	4.712E-70	224
6gbh_1	6gbg_1	0.990	108	1.000	0.982	8.099E-69	220
6gbh_1	2ver_2	0.851	108	1.000	0.964	4.124E-58	190
6i07_1	6i07_1	1.000	228	1.000	1.000	8.010E-156	478
6i07_1	6qb3_2	0.401	223	0.978	0.921	2.510E-42	151
6i07_1	5dfw_2	0.352	224	0.982	0.937	3.711E-32	121
6i07_1	6cbp_2	0.357	199	0.873	0.817	5.066E-32	121
6i07_1	5kve_2	0.338	228	0.965	1.000	1.289E-31	119
6i07_1	5aam_1	0.340	227	0.996	0.974	1.257E-26	105
6i07_1	5aaw_1	0.339	227	0.996	0.974	1.714E-26	104
6iwd_1	6iwd_1	1.000	286	1.000	1.000	2.945E-196	598
6m7l_1	6m7l_1	1.000	433	1.000	1.000	5.847E-285	863
6d4p_1	6d4p_1	1.000	147	1.000	1.000	5.175E-102	318
6d4p_1	5d1k_1	0.883	146	0.986	1.000	2.915E-89	282
6d4p_1	5d1l_1	0.883	146	0.986	1.000	2.915E-89	282
6d4p_1	4a49_2	0.883	146	0.986	1.000	2.915E-89	282
6d4p_1	5d1m_1	0.883	146	0.986	1.000	2.915E-89	282
6d4p_1	2fuh_1	0.876	146	0.986	1.000	7.517E-89	280
6d4p_1	5ywr_1	0.442	147	0.973	0.980	4.073E-35	126
6d4p_1	3h8k_1	0.350	160	0.952	0.976	2.834E-28	106
6d4p_1	2uyz_1	0.324	154	1.000	0.987	2.356E-23	92
6f3z_1	6f3z_1	1.000	225	1.000	1.000	3.248E-148	456
6gd5_1	6gd5_1	1.000	117	1.000	1.000	4.885E-76	242
6i2m_1	6i2m_1	1.000	196	1.000	1.000	2.891E-128	397
2sni_1	2sni_1	1.000	275	1.000	1.000	4.514E-173	531
2sni_1	2sic_1	0.996	275	1.000	1.000	1.162E-172	529
2sni_1	1y4a_1	0.996	275	1.000	1.000	1.162E-172	529
2sni_1	1y1k_1	0.981	275	1.000	0.964	2.792E-168	517
2sni_1	1y33_1	0.981	275	1.000	0.964	2.792E-168	517
2sni_1	1y34_1	0.981	275	1.000	0.964	2.792E-168	517
2sni_1	1y3b_1	0.981	275	1.000	0.964	2.792E-168	517
2sni_1	1y3c_1	0.981	275	1.000	0.964	2.792E-168	517
2sni_1	1tm1_1	0.981	275	1.000	0.964	2.792E-168	517
2sni_1	1y3d_1	0.981	275	1.000	0.964	2.792E-168	517
2sni_1	1tm3_1	0.981	275	1.000	0.964	2.792E-168	517
2sni_1	1y48_1	0.981	275	1.000	0.964	2.792E-168	517
2sni_1	1tm4_1	0.981	275	1.000	0.964	2.792E-168	517
2sni_1	1tm5_1	0.981	275	1.000	0.964	2.792E-168	517
2sni_1	1tm7_1	0.981	275	1.000	0.964	2.792E-168	517
2sni_1	1to1_1	0.981	275	1.000	0.964	2.792E-168	517
2sni_1	1r0r_1	0.694	275	1.000	0.993	2.318E-111	353
2sni_1	4gi3_1	0.690	275	1.000	0.993	4.350E-111	352
2sni_1	3vv2_1	0.395	315	0.967	0.984	7.234E-50	175
2sni_1	2z58_1	0.442	256	0.818	0.924	3.444E-49	173
4lrx_1	4lrx_1	1.000	356	1.000	1.000	2.028E-243	738
4ofy_1	4ofy_1	1.000	229	1.000	1.000	2.697E-154	474
4qlp_1	4qlp_1	1.000	175	1.000	1.000	7.335E-115	357
4uf1_1	4uf1_1	1.000	135	1.000	1.000	1.771E-83	264
4xlw_1	4xlw_1	1.000	117	1.000	1.000	2.747E-87	274
1sq0_2	1sq0_2	1.000	249	1.000	1.000	1.591E-165	507
1sq0_2	3m18_1	0.371	225	0.880	0.918	6.853E-25	100
1tm3_2	1tm3_2	1.000	64	1.000	1.000	6.849E-38	129
1tm3_2	1tm7_2	0.984	64	1.000	1.000	6.294E-37	126
1tm3_2	1lw6_2	0.968	63	0.984	1.000	5.785E-36	123
1tm3_2	1y4a_2	0.952	63	0.969	1.000	4.891E-34	118
1tm3_2	1y3c_2	0.953	64	1.000	0.984	9.220E-34	117
1tm3_2	1y3d_2	0.953	64	1.000	0.984	9.220E-34	117
1tm3_2	1y48_2	0.953	64	1.000	0.984	9.220E-34	117
1tm3_2	1to1_2	0.953	64	1.000	0.984	2.387E-33	116
1tm3_2	2sni_2	0.906	64	1.000	0.984	1.165E-32	114
1tm3_2	1acb_2	0.366	59	0.922	0.937	5.433E-06	38
1v18_2	1v18_2	1.000	36	1.000	1.000	2.459E-20	77
1x1w_2	1x1w_2	1.000	89	1.000	1.000	1.141E-54	179
1x1w_2	1x1x_2	0.977	88	0.989	1.000	1.312E-52	173
1x1w_2	1ay7_2	0.955	89	1.000	0.989	8.015E-51	168
1x1w_2	1x1y_2	0.966	89	1.000	0.989	8.015E-51	168
1x1w_2	1b3s_2	0.944	90	1.000	1.000	8.015E-51	168
1x1w_2	1b2s_2	0.944	90	1.000	1.000	1.100E-50	167
1x1w_2	3da7_1	0.954	88	0.989	0.989	2.841E-50	166
1x1w_2	1b2u_2	0.944	90	1.000	1.000	2.841E-50	166
1x1w_2	2za4_2	0.727	87	0.854	1.000	2.662E-31	111
1x1w_2	1brs_2	0.414	82	0.921	0.819	7.488E-09	47
5vwy_1	5vwy_1	1.000	153	1.000	1.000	1.079E-99	312
1yd8_1	1yd8_1	1.000	64	1.000	1.000	6.849E-38	129
1yd8_1	2dx5_2	1.000	64	1.000	1.000	6.849E-38	129
1yd8_1	2oob_2	1.000	64	1.000	0.889	6.849E-38	129
1yd8_1	5xiu_2	1.000	64	1.000	0.877	6.849E-38	129
1yd8_1	2hth_1	1.000	64	1.000	0.877	6.849E-38	129
1yd8_1	2mur_2	0.969	65	1.000	0.833	1.497E-35	122
1yd8_1	3kw5_2	0.968	64	1.000	0.827	1.003E-34	120
1yd8_1	2k6d_2	0.968	64	1.000	0.816	1.003E-34	120
1yd8_1	4i6l_2	0.921	64	1.000	0.863	4.499E-33	115
1yd8_1	4hcn_2	0.921	64	1.000	0.969	8.483E-33	114
1yd8_1	6dgf_2	0.906	64	1.000	0.838	2.775E-31	110
1yd8_1	5hps_2	0.859	64	1.000	0.877	7.185E-31	109
1yd8_1	5v5h_2	0.890	64	1.000	0.952	6.617E-30	106
1yd8_1	5hpk_2	0.859	64	1.000	0.818	2.353E-29	104
1zvh_1	1zvh_1	1.000	109	1.000	1.000	6.515E-80	252
1zvh_1	3m18_2	0.686	115	0.807	0.906	9.015E-45	151
1zvh_1	6jb8_2	0.686	115	0.807	0.891	9.015E-45	151
1zvh_1	1ri8_1	0.686	115	0.807	0.891	9.015E-45	151
1zvh_1	4gla_1	0.686	115	0.807	0.891	9.015E-45	151
1zvh_1	4gn4_1	0.686	115	0.807	0.891	9.015E-45	151
1zvh_1	4cj2_1	0.686	115	0.807	0.891	9.015E-45	151
1zvh_1	6jb2_2	0.686	115	0.807	0.891	9.015E-45	151
1zvh_1	1dzb_2	0.660	115	0.807	0.891	4.008E-43	147
1zvh_1	1zvy_1	0.678	114	0.807	0.891	1.948E-42	145
1zvh_1	1rjc_1	0.637	112	0.807	0.889	1.874E-38	133
2btf_1	2btf_1	1.000	373	1.000	1.000	5.071E-254	770
2btf_1	4b1v_1	0.795	372	0.997	0.986	6.932E-199	611
2btf_1	2v52_1	0.790	372	0.997	0.986	1.616E-197	607
2btf_1	2v51_1	0.797	353	0.946	1.000	2.087E-190	586
2btf_1	4b1y_1	0.752	364	0.952	1.000	2.641E-186	574
2btf_1	1t44_2	0.751	358	0.954	1.000	9.305E-186	573
2btf_1	4b1x_1	0.722	367	0.984	0.989	1.046E-183	567
2btf_1	3u9z_1	0.714	368	0.987	0.997	3.339E-182	563
2btf_1	3u8x_1	0.736	357	0.952	1.000	5.676E-181	559
2btf_1	3u9d_1	0.736	357	0.952	1.000	5.676E-181	559
2btf_1	3sjh_1	0.736	357	0.952	1.000	5.676E-181	559
2btf_1	1h1v_1	0.731	358	0.960	1.000	4.656E-179	554
2fju_1	2fju_1	1.000	177	1.000	1.000	1.769E-119	370
2fju_1	1e96_1	0.880	175	0.989	0.994	1.973E-100	316
2fju_1	4js0_1	0.713	178	1.000	1.000	5.999E-85	271
2fju_1	1grn_1	0.654	191	0.972	1.000	1.596E-81	261
2fju_1	5fr1_1	0.598	172	0.955	0.935	1.124E-64	213
2fju_1	4d0n_1	0.543	173	0.977	0.975	3.808E-57	191
2fju_1	1zc3_1	0.325	158	0.893	0.866	1.027E-20	85
2fju_1	1zc4_1	0.317	158	0.893	0.867	9.089E-20	83
2fju_1	1he8_2	0.333	162	0.915	0.867	1.694E-19	82
2fju_1	5xco_1	0.312	162	0.915	0.882	2.040E-18	79
2hev_1	2hev_1	1.000	126	1.000	1.000	2.246E-80	255
6isc_2	6isc_2	1.000	118	1.000	1.000	3.272E-78	248
6jwj_2	6jwj_2	1.000	19	1.000	1.000	2.047E-09	44
6ndz_2	6ndz_2	1.000	189	1.000	1.000	3.558E-117	364
6ndz_2	6ne2_1	0.926	191	1.000	1.000	1.728E-106	334
6ndz_2	4b93_2	0.353	162	0.810	0.848	8.608E-24	95
6ndz_2	3ixe_1	0.335	155	0.810	0.934	7.428E-18	78
6pnp_2	6pnp_2	1.000	132	1.000	1.000	1.701E-91	287
4krl_2	4krl_2	1.000	92	1.000	1.000	4.244E-60	194
4krl_2	5o05_1	0.735	87	0.891	0.926	4.716E-36	125
4krl_2	4w6y_2	0.582	91	0.902	0.812	1.431E-22	87
5dcq_1	5dcq_1	1.000	156	1.000	1.000	1.772E-96	303
5f5s_1	5f5s_1	1.000	176	1.000	1.000	2.105E-118	367
5hpk_1	5hpk_1	1.000	372	1.000	1.000	1.185E-259	786
5jds_1	5jds_1	1.000	127	1.000	1.000	1.374E-81	258
5jds_1	4ksd_2	0.661	127	1.000	0.992	5.134E-47	159
5jds_1	6cwg_2	0.643	127	1.000	0.992	1.325E-46	158
5jds_1	5hvf_2	0.666	127	1.000	1.000	4.280E-45	153
5jds_1	4w6y_2	0.711	111	0.850	0.991	5.870E-45	153
5jds_1	1ri8_2	0.653	127	1.000	0.992	5.870E-45	153
5jds_1	6gjq_2	0.625	127	1.000	0.992	1.262E-42	146
5jds_1	6h16_2	0.644	118	0.835	1.000	1.152E-41	143
5jds_1	5m2m_2	0.595	127	1.000	0.992	5.592E-41	141
5jds_1	5imk_1	0.642	123	0.827	1.000	1.052E-40	141
5jds_1	5imm_1	0.637	124	0.827	1.000	1.052E-40	141
5jds_1	6f2g_2	0.593	127	1.000	0.939	1.052E-40	141
5jds_1	5omn_2	0.651	111	0.835	1.000	1.317E-39	138
5jds_1	6fv0_2	0.614	127	1.000	1.000	4.660E-39	136
5jds_1	1g6v_2	0.606	125	0.835	1.000	4.660E-39	136
5jds_1	5o2u_2	0.606	127	1.000	0.974	6.391E-39	136
5jds_1	4w6x_2	0.596	124	0.835	1.000	1.202E-38	135
5jds_1	3zkq_2	0.622	127	1.000	0.973	3.101E-38	134
5jds_1	4wen_2	0.611	120	0.835	1.000	3.101E-38	134
5jds_1	4eig_2	0.620	115	0.835	1.000	1.373E-36	129
5jds_1	2p49_2	0.611	121	0.835	1.000	1.373E-36	129
5jds_1	6her_2	0.569	123	0.835	1.000	2.583E-36	128
5jds_1	4z9k_2	0.676	105	0.827	0.906	4.859E-36	127
5jds_1	6fuz_2	0.625	112	0.827	1.000	6.664E-36	127
5jds_1	5lhn_2	0.540	135	0.835	1.000	6.664E-36	127
5jds_1	5ip4_1	0.582	127	1.000	1.000	9.139E-36	126
5jds_1	4i0c_2	0.578	126	0.827	1.000	1.719E-35	126
5jds_1	3qsk_2	0.608	120	0.835	1.000	2.358E-35	125
5jds_1	4w6w_2	0.584	124	0.827	1.000	3.233E-35	125
5jds_1	2p4a_2	0.591	120	0.835	1.000	4.434E-35	124
5jds_1	4hep_2	0.550	129	0.827	1.000	6.081E-35	124
5jds_1	5m2j_2	0.600	115	0.835	1.000	5.549E-34	121
5jds_1	6j7w_1	0.576	116	0.835	1.000	9.523E-33	118
5jds_1	4pou_2	0.551	127	1.000	0.875	1.791E-32	117
5jds_1	6jb2_1	0.536	125	0.827	0.992	6.335E-32	115
5jds_1	1zvh_2	0.507	127	1.000	0.836	3.072E-31	113
5jds_1	4wem_2	0.528	120	0.835	1.000	4.213E-31	113
5jds_1	4x7f_2	0.571	126	0.992	1.000	2.043E-30	111
5jds_1	5j57_2	0.425	113	0.890	0.831	2.334E-18	76
5l21_1	5l21_1	1.000	425	1.000	1.000	1.355E-290	878
5l21_1	4jra_1	0.770	425	1.000	0.990	1.461E-220	676
5l21_1	4kbb_1	0.383	425	1.000	0.962	1.084E-76	259
5boz_1	5boz_1	1.000	263	1.000	1.000	4.827E-173	530
5boz_1	5j57_1	0.991	243	0.924	0.920	2.608E-160	493
5boz_1	5u4m_1	0.991	243	0.920	0.953	1.146E-158	488
5boz_1	4z9k_1	0.991	242	0.913	1.000	1.041E-157	486
5boz_1	5j56_1	0.809	241	0.916	0.812	1.750E-120	378
5dfw_1	5dfw_1	1.000	90	1.000	1.000	1.310E-55	181
5fr1_1	5fr1_1	1.000	184	1.000	1.000	5.421E-124	384
5fr1_1	4d0n_1	0.870	178	0.967	0.987	2.741E-100	316
5fr1_1	2fju_1	0.598	172	0.935	0.955	7.408E-64	211
5fr1_1	4js0_1	0.537	175	0.951	0.972	4.571E-59	197
5fr1_1	1grn_1	0.502	187	0.929	0.979	1.067E-57	193
5fr1_1	1e96_1	0.540	172	0.935	0.955	4.245E-55	185
5fr1_1	1zc4_1	0.347	161	0.875	0.867	7.819E-22	89
5fr1_1	1zc3_1	0.339	161	0.875	0.866	1.990E-21	88
5fr1_1	5szk_2	0.312	173	0.940	0.873	1.360E-18	79
5fr1_1	1he8_2	0.329	161	0.875	0.843	1.855E-18	79
5fr1_1	5xco_1	0.316	161	0.875	0.858	3.448E-18	78
5hps_1	5hps_1	1.000	374	1.000	1.000	3.599E-263	796
1u5s_2	1u5s_2	1.000	1	1.000	1.000	9.813E+04	6
1u5s_2	6dcn_2	1.000	1	1.000	1.000	9.813E+04	6
1wlp_2	1wlp_2	1.000	138	1.000	1.000	3.002E-94	295
1xr0_2	1xr0_2	1.000	129	1.000	1.000	3.284E-86	272
1xr0_2	2mfq_1	0.825	126	0.977	0.904	9.399E-63	204
1yd8_2	1yd8_2	1.000	84	1.000	1.000	7.868E-50	164
1zvh_2	1zvh_2	1.000	122	1.000	1.000	4.771E-80	254
1zvh_2	4x7e_2	0.696	122	1.000	0.983	1.808E-45	154
1zvh_2	1op9_2	0.701	102	0.836	0.839	1.005E-42	146
1zvh_2	3eba_1	0.696	110	0.902	0.898	1.378E-42	146
1zvh_2	1g6v_2	0.688	104	0.836	0.832	4.880E-42	144
1zvh_2	4pou_2	0.628	119	0.959	0.992	2.369E-41	142
1zvh_2	2p49_2	0.686	102	0.836	0.818	4.458E-41	141
1zvh_2	3qsk_2	0.686	102	0.836	0.825	1.150E-40	140
1zvh_2	4w6x_2	0.660	103	0.836	0.831	1.578E-40	140
1zvh_2	5imk_1	0.701	103	0.836	0.837	2.164E-40	139
1zvh_2	5imm_1	0.701	103	0.836	0.831	2.164E-40	139
1zvh_2	6h16_2	0.696	102	0.836	0.822	5.585E-40	138
1zvh_2	2p4a_2	0.686	102	0.836	0.825	5.585E-40	138
1zvh_2	5lhn_2	0.605	111	0.836	0.822	1.806E-38	134
1zvh_2	4i0c_2	0.623	104	0.836	0.825	1.650E-37	131
1zvh_2	5hvf_2	0.596	117	0.836	1.000	2.067E-36	128
1zvh_2	5u4m_2	0.629	106	0.836	0.841	2.067E-36	128
1zvh_2	6her_2	0.640	102	0.836	0.829	1.004E-35	126
1zvh_2	4hep_2	0.596	109	0.836	0.845	3.552E-35	124
1zvh_2	4ksd_2	0.559	117	0.836	0.992	6.683E-35	124
1zvh_2	6jb2_1	0.594	105	0.836	0.833	9.167E-35	123
1zvh_2	4w6w_2	0.609	103	0.836	0.831	4.450E-34	121
1zvh_2	5omn_2	0.607	102	0.836	0.820	6.104E-34	121
1zvh_2	4wen_2	0.627	102	0.836	0.825	8.373E-34	121
1zvh_2	6gjq_2	0.520	120	0.836	0.992	5.575E-33	118
1zvh_2	1ri8_2	0.535	123	0.836	0.992	1.049E-32	117
1zvh_2	6cwg_2	0.546	126	0.836	0.992	1.049E-32	117
1zvh_2	5jds_1	0.507	127	0.836	1.000	2.706E-32	116
1zvh_2	6fuz_2	0.588	102	0.836	0.830	5.091E-32	115
1zvh_2	5o2u_2	0.557	112	0.836	0.974	6.983E-32	115
1zvh_2	5m2j_2	0.588	102	0.836	0.809	9.578E-32	115
1zvh_2	4wem_2	0.578	102	0.836	0.825	1.802E-31	114
1zvh_2	6f2g_2	0.532	123	0.836	0.939	3.390E-31	113
1zvh_2	4eig_2	0.598	102	0.836	0.826	4.649E-31	113
1zvh_2	5m2m_2	0.527	126	0.836	0.992	1.200E-30	111
1zvh_2	3zkq_2	0.540	110	0.836	0.973	3.095E-30	110
1zvh_2	6fv0_2	0.522	113	0.836	1.000	5.822E-30	109
1zvh_2	5ip4_1	0.513	109	0.836	1.000	3.875E-29	107
1zvh_2	6j7w_1	0.553	102	0.836	0.819	1.142E-26	100
1zvh_2	4x7f_2	0.495	107	0.828	1.000	1.304E-24	94
1zvh_2	5l21_2	0.481	102	0.836	0.807	1.788E-24	94
1dfj_1	2p4a_1	1.000	124	1.000	1.000	3.063E-81	257
1dfj_1	1dfj_1	1.000	124	1.000	1.000	3.063E-81	257
1dfj_1	2p42_1	1.000	124	1.000	1.000	3.063E-81	257
1dfj_1	2p43_1	1.000	124	1.000	1.000	3.063E-81	257
1dfj_1	2p45_1	1.000	124	1.000	1.000	3.063E-81	257
1dfj_1	2p48_1	1.000	124	1.000	1.000	3.063E-81	257
1dfj_1	2p49_1	1.000	103	0.831	0.866	6.810E-69	222
1dfj_1	3qsk_1	1.000	103	0.831	0.866	6.810E-69	222
1dfj_1	2p47_1	0.886	123	0.992	0.886	7.783E-67	216
1f7z_1	1f7z_1	1.000	213	1.000	1.000	6.910E-152	466
1f7z_1	1fy8_1	0.962	213	1.000	0.963	2.217E-140	433
1f7z_1	1f5r_1	0.916	214	0.944	0.991	1.380E-135	419
1f7z_1	3tgk_1	0.906	208	0.972	0.959	1.774E-131	407
1f7z_1	4doq_1	0.711	215	0.939	0.982	6.560E-105	331
1f7z_1	1avx_1	0.589	200	0.939	0.855	4.860E-79	256
1h0t_1	1h0t_1	1.000	58	1.000	1.000	1.178E-32	113
1h0t_1	2m5a_1	1.000	58	1.000	1.000	1.178E-32	113
1h0t_1	1lp1_1	0.929	57	0.983	0.981	2.781E-27	98
1h0t_1	5djt_2	0.793	58	1.000	1.000	4.478E-21	80
1h0t_1	2b87_1	0.814	54	0.931	0.914	2.195E-20	78
1h0t_1	3mzw_2	0.672	58	1.000	0.943	8.579E-17	68
1h0t_1	1lp1_2	0.689	58	1.000	0.945	3.918E-15	63
1h0t_1	5dju_1	0.701	57	0.983	1.000	7.409E-15	63
1kbh_1	1kbh_1	1.000	47	1.000	1.000	3.759E-26	94
1mxe_1	1mxe_1	1.000	97	1.000	1.000	2.104E-60	196
1mxe_1	1k93_2	0.969	97	1.000	0.990	5.701E-57	186
1mxe_1	2wel_2	0.958	97	0.979	1.000	1.472E-56	184
1mxe_1	3dvm_1	0.303	89	0.918	0.849	1.751E-01	26
3zwl_1	3zwl_1	1.000	342	1.000	1.000	2.583E-236	717
4ayi_1	4ayi_1	1.000	112	1.000	1.000	3.365E-85	268
4cj0_1	4cj0_1	1.000	534	1.000	1.000	0.000E+00	1128
4doq_1	4doq_1	1.000	219	1.000	1.000	8.112E-154	472
4doq_1	1f5r_1	0.753	218	0.995	1.000	5.794E-114	357
4doq_1	3tgk_1	0.727	219	1.000	0.954	2.620E-109	344
4doq_1	1f7z_1	0.711	215	0.982	0.939	1.183E-104	330
4doq_1	1fy8_1	0.698	217	0.991	0.916	5.723E-104	328
4doq_1	1avx_1	0.705	219	1.000	0.874	5.879E-101	319
4f48_1	4f48_1	1.000	241	1.000	1.000	1.155E-159	490
4f9l_1	4f9l_1	1.000	191	1.000	1.000	4.862E-126	390
4h2w_1	4h2w_1	1.000	296	1.000	1.000	2.884E-204	622
4h2w_1	4h2s_1	0.971	283	0.956	0.996	7.705E-188	574
4ihh_1	4ihh_1	1.000	336	1.000	1.000	6.276E-222	675
4k0a_1	4k0a_1	1.000	337	1.000	1.000	1.989E-239	726
4k0a_1	4ka2_1	0.858	337	0.997	1.000	6.279E-202	617
4k0a_1	4jzw_1	0.871	339	1.000	1.000	7.994E-198	606
4lgr_1	4lgr_1	1.000	253	1.000	1.000	1.238E-167	514
5z78_1	5z78_1	1.000	199	1.000	1.000	3.229E-131	406
6bxa_1	6bxa_1	1.000	438	1.000	1.000	4.354E-299	904
6er6_1	6er6_1	1.000	100	1.000	1.000	7.855E-66	211
6fv0_1	6fv0_1	1.000	270	1.000	1.000	1.980E-180	552
6her_1	6her_1	1.000	101	1.000	1.000	1.947E-64	207
2fuh_2	2k8b_1	1.000	76	1.000	1.000	3.726E-46	153
2fuh_2	4msm_2	1.000	76	1.000	1.000	3.726E-46	153
2fuh_2	2k8c_1	1.000	76	1.000	1.000	3.726E-46	153
2fuh_2	2kwu_2	1.000	76	1.000	1.000	3.726E-46	153
2fuh_2	2kwv_2	1.000	76	1.000	1.000	3.726E-46	153
2fuh_2	2mbb_2	1.000	76	1.000	1.000	3.726E-46	153
2fuh_2	4pqt_2	1.000	76	1.000	1.000	3.726E-46	153
2fuh_2	5vzm_1	1.000	76	1.000	1.000	3.726E-46	153
2fuh_2	2fuh_2	1.000	76	1.000	1.000	3.726E-46	153
2fuh_2	2mcn_2	1.000	76	1.000	1.000	3.726E-46	153
2fuh_2	2jy6_1	1.000	76	1.000	1.000	3.726E-46	153
2fuh_2	1wrd_2	1.000	76	1.000	1.000	3.726E-46	153
2fuh_2	1yx5_2	1.000	76	1.000	1.000	3.726E-46	153
2fuh_2	2l0f_1	1.000	76	1.000	1.000	3.726E-46	153
2fuh_2	1yx6_2	1.000	76	1.000	1.000	3.726E-46	153
2fuh_2	2den_2	1.000	76	1.000	1.000	3.726E-46	153
2fuh_2	2l0t_1	1.000	76	1.000	1.000	3.726E-46	153
2fuh_2	2mj5_1	1.000	76	1.000	1.000	3.726E-46	153
2fuh_2	4k1r_2	1.000	76	1.000	1.000	3.726E-46	153
2fuh_2	2lvo_1	1.000	76	1.000	1.000	3.726E-46	153
2fuh_2	1q5w_2	1.000	76	1.000	1.000	3.726E-46	153
2fuh_2	2g45_2	1.000	76	1.000	1.000	3.726E-46	153
2fuh_2	4m0w_2	1.000	76	1.000	1.000	3.726E-46	153
2fuh_2	2mre_1	1.000	76	1.000	1.000	3.726E-46	153
2fuh_2	2mro_1	1.000	76	1.000	1.000	3.726E-46	153
2fuh_2	2ktf_1	1.000	76	1.000	1.000	3.726E-46	153
2fuh_2	2lz6_1	1.000	76	1.000	1.000	3.726E-46	153
2fuh_2	1zgu_2	0.986	76	1.000	1.000	9.631E-46	152
2fuh_2	2jt4_2	0.960	76	1.000	1.000	3.133E-44	148
2fuh_2	1wr1_1	0.960	76	1.000	1.000	3.133E-44	148
2fuh_2	1q0w_2	0.960	76	1.000	1.000	3.133E-44	148
2fuh_2	1otr_2	0.960	76	1.000	1.000	3.133E-44	148
2fuh_2	2c7m_2	0.842	76	1.000	1.000	7.064E-35	121
2fuh_2	6d4p_2	0.789	76	1.000	0.958	1.420E-31	111
2fuh_2	5v69_2	0.843	64	0.803	0.985	4.270E-29	104
2fuh_2	4hcp_2	0.500	76	1.000	0.945	1.894E-19	77
2fuh_2	1p9d_1	0.328	73	0.961	0.859	2.137E-08	45
2fuh_2	5tl7_1	0.301	73	0.961	0.908	9.796E-07	40
2hsq_2	2hsq_2	1.000	23	1.000	1.000	3.599E-09	44
2hsq_2	2gww_2	0.500	22	0.957	0.864	3.229E+00	19
2ju0_2	2ju0_2	1.000	52	1.000	1.000	1.748E-29	104
2kc8_2	2kc8_2	1.000	33	1.000	1.000	1.543E-16	66
2kxh_2	2kxh_2	1.000	31	1.000	1.000	1.282E-15	63
6ov2_2	6ov2_2	1.000	115	1.000	1.000	1.964E-74	237
4d0n_1	4d0n_1	1.000	157	1.000	1.000	1.830E-106	332
4d0n_1	5fr1_1	0.870	178	0.987	0.967	1.435E-100	315
4d0n_1	1e96_1	0.613	150	0.949	0.955	1.570E-57	191
4d0n_1	2fju_1	0.543	173	0.975	0.977	1.429E-56	188
4d0n_1	4js0_1	0.488	174	0.975	0.978	1.677E-51	173
4d0n_1	1grn_1	0.443	187	0.943	0.979	6.111E-48	163
4d0n_1	5szk_2	0.320	151	0.955	0.873	1.059E-18	79
4d0n_1	1zc3_1	0.328	149	0.879	0.866	2.144E-16	72
4d0n_1	1zc4_1	0.326	150	0.879	0.867	2.929E-16	72
4d0n_1	5xco_1	0.303	145	0.879	0.858	1.773E-12	61
4d0n_1	1he8_2	0.304	140	0.879	0.843	3.295E-12	60
4eig_1	4eig_1	1.000	91	1.000	1.000	3.067E-64	206
4g6u_1	4g6u_1	1.000	205	1.000	1.000	8.592E-135	416
4hep_1	4hep_1	1.000	162	1.000	1.000	2.554E-107	334
4je4_1	4je4_1	1.000	102	1.000	1.000	3.207E-69	221
4je4_1	5eg3_2	0.304	100	0.980	0.857	1.933E-13	61
4je4_1	3uyo_1	0.330	105	0.971	0.921	3.331E-12	57
5nus_1	5nus_1	1.000	211	1.000	1.000	5.184E-130	403
5swk_1	5swk_1	1.000	84	1.000	1.000	9.379E-52	170
5u52_1	5u52_1	1.000	209	1.000	1.000	5.530E-145	446
5u52_1	5u4y_1	0.995	208	0.990	0.995	4.163E-142	437
5u52_1	3zo0_1	0.642	207	0.971	0.995	4.579E-90	287
5vmo_1	5vmo_1	1.000	115	1.000	1.000	2.693E-74	237
2gww_2	2gww_2	1.000	22	1.000	1.000	4.662E-09	44
2gww_2	2hsq_2	0.500	22	0.864	0.957	4.147E+00	18
3o5t_2	3o5t_2	1.000	60	1.000	1.000	3.990E-34	118
3p92_2	3p92_2	1.000	58	1.000	1.000	3.449E-41	138
3p92_2	3p95_2	0.982	58	1.000	1.000	3.168E-40	135
3p92_2	2ftl_2	0.965	58	1.000	1.000	1.125E-39	134
3p92_2	2ptc_2	0.965	58	1.000	1.000	1.125E-39	134
3p92_2	2tgp_2	0.965	58	1.000	1.000	1.125E-39	134
3p92_2	3fp6_2	0.965	58	1.000	1.000	1.125E-39	134
3p92_2	2r9p_2	0.965	58	1.000	1.000	1.125E-39	134
3p92_2	1f5r_2	0.964	57	0.983	1.000	3.995E-39	132
3p92_2	2ftm_2	0.948	58	1.000	1.000	2.674E-38	130
3p92_2	2ra3_2	0.946	56	0.948	1.000	5.846E-36	123
3p92_2	1f7z_2	0.946	56	0.948	1.000	5.846E-36	123
3p92_2	1fy8_2	0.946	56	0.948	1.000	5.846E-36	123
3p92_2	1eaw_2	0.946	56	0.948	1.000	5.846E-36	123
3p92_2	3tgk_2	0.946	56	0.948	1.000	5.846E-36	123
3p92_2	5c67_2	0.490	53	0.914	1.000	1.622E-16	67
3p92_2	4u32_1	0.471	53	0.914	0.981	4.215E-16	66
3p92_2	1zjd_2	0.471	53	0.914	0.930	3.918E-15	63
3p92_2	6gfi_2	0.452	53	0.914	0.946	1.019E-14	62
3p92_2	6har_2	0.452	53	0.914	0.981	1.401E-14	62
3p92_2	1zr0_2	0.442	52	0.897	0.825	3.396E-13	58
3p92_2	1yc0_2	0.377	53	0.914	0.803	3.396E-13	58
3p92_2	4u30_2	0.416	48	0.828	0.889	1.883E-09	47
3rdz_2	3rdz_2	1.000	67	1.000	1.000	2.301E-42	142
3rdz_2	1tm4_2	0.377	61	0.910	0.806	1.529E-04	34
3tsr_2	3tsr_2	1.000	456	1.000	1.000	1.568E-309	935
3uze_2	3uze_2	1.000	229	1.000	1.000	6.739E-157	481
3uze_2	3uzv_2	0.995	229	1.000	0.996	1.967E-154	474
3uze_2	3uyp_2	0.995	227	0.991	1.000	3.361E-153	471
3uze_2	3uzq_1	0.965	234	0.996	1.000	7.871E-152	467
3uze_2	5aaw_1	0.712	226	0.886	0.991	2.001E-108	342
3uze_2	5aam_1	0.712	225	0.886	0.991	8.786E-107	337
3uze_2	1dzb_1	0.597	226	0.987	0.991	1.261E-87	282
3uze_2	5dfw_2	0.487	222	0.895	1.000	9.367E-66	218
3uze_2	6ejm_2	0.473	229	1.000	0.916	6.904E-63	210
3uze_2	6cbp_2	0.431	231	0.969	0.983	4.592E-56	190
3uze_2	6oan_2	0.461	223	0.969	0.974	1.176E-52	181
3uze_2	6qb3_2	0.350	227	0.891	0.996	3.085E-38	139
3uze_2	4x7s_1	0.321	193	0.812	0.919	4.609E-24	97
3h8k_1	3h8k_1	1.000	164	1.000	1.000	1.584E-111	347
3h8k_1	5d1k_1	0.343	160	0.976	0.966	1.271E-29	111
3h8k_1	5d1l_1	0.343	160	0.976	0.966	1.271E-29	111
3h8k_1	4a49_2	0.343	160	0.976	0.966	1.271E-29	111
3h8k_1	5d1m_1	0.343	160	0.976	0.966	1.271E-29	111
3h8k_1	2fuh_1	0.331	160	0.976	0.966	8.373E-29	108
3h8k_1	6d4p_1	0.350	160	0.976	0.952	1.146E-28	108
3h8k_1	2uyz_1	0.311	163	0.994	0.962	6.825E-16	71
3kj1_1	3kj1_1	1.000	152	1.000	1.000	1.285E-98	309
3kj1_1	2kbw_1	0.967	156	1.000	0.975	2.751E-96	302
3kj1_1	3kj2_1	0.986	152	1.000	0.993	7.091E-96	301
3kj1_1	5c3f_1	0.980	152	1.000	0.993	4.713E-95	299
3kj1_1	3kj0_1	0.983	122	0.803	0.984	2.158E-73	236
3kj1_1	4g35_1	0.416	150	0.987	0.929	5.335E-23	91
3kj1_1	6fbx_1	0.312	140	0.921	0.912	5.206E-17	74
3me2_1	3me2_1	1.000	156	1.000	1.000	8.450E-106	330
3me2_1	5bnq_1	0.903	156	1.000	1.000	4.567E-96	302
3o6b_1	3o6b_1	1.000	195	1.000	1.000	4.700E-137	422
6fq0_1	6fq0_1	1.000	206	1.000	1.000	3.967E-133	411
6pnp_1	6pnp_1	1.000	164	1.000	1.000	6.598E-106	331
1an1_2	1an1_2	1.000	40	1.000	1.000	4.515E-25	91
1d6r_2	1d6r_2	1.000	58	1.000	1.000	8.195E-40	134
1d6r_2	2g81_2	0.803	56	0.966	1.000	2.586E-30	107
1f5r_2	1f5r_2	1.000	57	1.000	1.000	2.192E-40	136
1f5r_2	2ftl_2	1.000	57	1.000	0.983	2.192E-40	136
1f5r_2	2ptc_2	1.000	57	1.000	0.983	2.192E-40	136
1f5r_2	2tgp_2	1.000	57	1.000	0.983	2.192E-40	136
1f5r_2	3fp6_2	1.000	57	1.000	0.983	2.192E-40	136
1f5r_2	2r9p_2	1.000	57	1.000	0.983	2.192E-40	136
1f5r_2	3p92_2	0.964	57	1.000	0.983	5.209E-39	132
1f5r_2	3p95_2	0.964	57	1.000	0.983	5.209E-39	132
1f5r_2	2ftm_2	0.982	57	1.000	0.983	5.209E-39	132
1f5r_2	2ra3_2	0.982	56	0.965	1.000	3.204E-37	126
1f5r_2	1f7z_2	0.982	56	0.965	1.000	3.204E-37	126
1f5r_2	1fy8_2	0.982	56	0.965	1.000	3.204E-37	126
1f5r_2	1eaw_2	0.982	56	0.965	1.000	3.204E-37	126
1f5r_2	3tgk_2	0.982	56	0.965	1.000	3.204E-37	126
1f5r_2	4u32_1	0.452	53	0.930	0.981	1.970E-15	64
1f5r_2	6gfi_2	0.452	53	0.930	0.946	3.726E-15	63
1f5r_2	5c67_2	0.452	53	0.930	1.000	7.046E-15	63
1f5r_2	1zjd_2	0.452	53	0.930	0.930	7.046E-15	63
1f5r_2	6har_2	0.433	53	0.930	0.981	4.769E-14	60
1f5r_2	1zr0_2	0.423	52	0.912	0.825	6.113E-13	57
1f5r_2	1yc0_2	0.358	53	0.930	0.803	1.592E-12	56
1f5r_2	4u30_2	0.395	48	0.842	0.889	4.681E-09	46
1gxd_2	1gxd_2	1.000	184	1.000	1.000	1.150E-131	406
4jeu_2	4jeu_2	1.000	225	1.000	1.000	5.018E-136	421
4jeu_2	4jeh_2	0.990	217	0.964	0.973	8.259E-128	397
4kt1_2	4kt1_2	1.000	90	1.000	1.000	2.918E-64	206
4kt1_2	4cdk_2	0.870	90	1.000	0.857	7.446E-46	153
4n7z_2	4n7z_2	1.000	29	1.000	1.000	4.405E-16	64
4pgj_2	4pgj_2	1.000	112	1.000	1.000	1.556E-80	254
1t0p_1	1t0p_1	1.000	174	1.000	1.000	3.720E-115	358
1t0p_1	3bn3_1	0.942	174	1.000	0.939	5.849E-103	323
4g35_2	4g35_2	1.000	16	1.000	1.000	1.005E-06	36
4hdo_2	4hdo_2	1.000	163	1.000	1.000	5.729E-105	328
4hdo_2	4kvg_1	0.956	162	0.994	1.000	5.805E-95	299
4hdo_2	6ba6_2	0.586	151	0.926	0.808	4.901E-43	149
4hdo_2	1gua_1	0.574	151	0.926	0.808	9.204E-43	149
4hdo_2	3kuc_1	0.574	151	0.926	0.808	9.204E-43	149
4hdo_2	4dxa_1	0.576	151	0.926	0.814	2.369E-42	147
4j32_2	4j32_2	1.000	101	1.000	1.000	1.947E-64	207
4kfz_2	4kfz_2	1.000	124	1.000	1.000	1.629E-81	258
4mi8_2	4mi8_2	1.000	7	1.000	1.000	7.828E-01	19
4kr0_1	4kr0_1	1.000	728	1.000	1.000	0.000E+00	1546
4mrt_1	4mrt_1	1.000	77	1.000	1.000	2.080E-46	154
4pbz_1	4pbz_1	1.000	386	1.000	1.000	3.127E-272	823
4rt6_1	4rt6_1	1.000	805	1.000	1.000	0.000E+00	1586
4js0_1	4js0_1	1.000	178	1.000	1.000	2.891E-117	364
4js0_1	1grn_1	0.900	191	0.972	1.000	4.818E-109	340
4js0_1	2fju_1	0.713	178	1.000	1.000	2.768E-83	266
4js0_1	1e96_1	0.613	176	0.989	0.994	3.232E-68	223
4js0_1	5fr1_1	0.537	175	0.972	0.951	2.332E-58	194
4js0_1	4d0n_1	0.488	174	0.978	0.975	2.017E-50	171
4js0_1	1he8_2	0.347	161	0.904	0.855	8.283E-19	80
4js0_1	1zc4_1	0.335	157	0.882	0.855	3.917E-18	78
4js0_1	1zc3_1	0.343	157	0.882	0.855	5.344E-18	78
4js0_1	5xco_1	0.329	161	0.904	0.870	1.356E-17	76
4js0_1	5tar_1	0.305	166	0.882	0.902	5.594E-16	72
3sgb_1	3sgb_1	1.000	185	1.000	1.000	3.552E-119	370
3u9d_1	3u8x_1	1.000	357	1.000	1.000	5.472E-243	737
3u9d_1	3u9d_1	1.000	357	1.000	1.000	5.472E-243	737
3u9d_1	3sjh_1	1.000	357	1.000	1.000	5.472E-243	737
3u9d_1	1t44_2	0.977	354	0.992	0.989	1.713E-231	704
3u9d_1	4b1y_1	0.961	360	0.989	0.989	2.347E-231	704
3u9d_1	3u9z_1	0.952	357	1.000	0.952	2.464E-225	686
3u9d_1	4b1x_1	0.943	355	0.994	0.950	2.290E-221	675
3u9d_1	1h1v_1	0.938	356	0.997	0.989	1.133E-217	664
3u9d_1	2v51_1	0.902	355	0.994	1.000	5.474E-217	662
3u9d_1	4b1v_1	0.887	353	0.989	0.941	9.064E-206	630
3u9d_1	2v52_1	0.880	353	0.989	0.939	1.702E-205	629
3u9d_1	2btf_1	0.731	357	1.000	0.952	9.733E-181	557
3vv2_1	3vv2_1	1.000	320	1.000	1.000	4.957E-211	643
3vv2_1	2z58_1	0.992	279	0.872	1.000	1.082E-179	552
3vv2_1	4gi3_1	0.404	313	0.978	0.953	1.334E-54	190
3vv2_1	1r0r_1	0.404	313	0.978	0.953	2.485E-54	190
3vv2_1	2sic_1	0.398	315	0.984	0.967	4.631E-54	189
3vv2_1	2sni_1	0.398	315	0.984	0.967	4.631E-54	189
3vv2_1	1y4a_1	0.398	315	0.984	0.967	4.631E-54	189
3vv2_1	1y1k_1	0.395	315	0.984	0.932	2.994E-53	186
3vv2_1	1y33_1	0.395	315	0.984	0.932	2.994E-53	186
3vv2_1	1y34_1	0.395	315	0.984	0.932	2.994E-53	186
3vv2_1	1y3b_1	0.395	315	0.984	0.932	2.994E-53	186
3vv2_1	1y3c_1	0.395	315	0.984	0.932	2.994E-53	186
3vv2_1	1tm1_1	0.395	315	0.984	0.932	2.994E-53	186
3vv2_1	1y3d_1	0.395	315	0.984	0.932	2.994E-53	186
3vv2_1	1tm3_1	0.395	315	0.984	0.932	2.994E-53	186
3vv2_1	1y48_1	0.395	315	0.984	0.932	2.994E-53	186
3vv2_1	1tm4_1	0.395	315	0.984	0.932	2.994E-53	186
3vv2_1	1tm5_1	0.395	315	0.984	0.932	2.994E-53	186
3vv2_1	1tm7_1	0.395	315	0.984	0.932	2.994E-53	186
3vv2_1	1to1_1	0.395	315	0.984	0.932	2.994E-53	186
3zu7_1	3zu7_1	1.000	344	1.000	1.000	5.330E-236	716
4aqe_1	4aqe_1	1.000	206	1.000	1.000	1.492E-136	421
4aqe_1	4xxw_2	0.990	205	0.995	1.000	1.921E-132	409
3kw5_2	3kw5_2	1.000	75	1.000	1.000	1.257E-45	152
3kw5_2	2k6d_2	1.000	75	1.000	0.987	1.257E-45	152
3kw5_2	2mur_2	0.961	77	0.987	0.987	3.752E-43	145
3kw5_2	6dgf_2	0.945	74	0.987	1.000	3.158E-41	139
3kw5_2	5xiu_2	0.972	73	0.947	1.000	5.950E-41	138
3kw5_2	2hth_1	0.972	73	0.947	1.000	5.950E-41	138
3kw5_2	2oob_2	0.972	72	0.933	1.000	2.112E-40	137
3kw5_2	4i6l_2	0.904	73	0.960	1.000	1.634E-37	128
3kw5_2	4hcn_2	0.953	64	0.853	1.000	2.828E-36	125
3kw5_2	5hpk_2	0.840	75	0.987	0.974	5.330E-36	124
3kw5_2	1yd8_1	0.968	64	0.827	1.000	3.567E-35	122
3kw5_2	2dx5_2	0.968	64	0.827	1.000	3.567E-35	122
3kw5_2	5v5h_2	0.921	64	0.853	0.984	5.222E-32	113
3kw5_2	5hps_2	0.808	73	0.947	1.000	7.170E-32	112
3kw5_2	2knb_1	0.319	72	0.960	0.947	1.249E-10	51
3n0p_2	3n06_2	1.000	203	1.000	1.000	3.542E-150	460
3n0p_2	3n0p_2	1.000	203	1.000	1.000	3.542E-150	460
3n0p_2	3mzg_2	0.980	203	1.000	1.000	1.070E-144	445
3n0p_2	3ncb_2	0.980	203	1.000	1.000	1.070E-144	445
3n0p_2	3ncc_2	0.956	203	1.000	1.000	2.589E-140	432
3olm_2	3olm_2	1.000	290	1.000	1.000	4.193E-201	612
3qhy_2	3qhy_2	1.000	271	1.000	1.000	3.641E-176	539
3qhy_2	1jtd_2	0.989	273	0.996	1.000	1.061E-173	532
1f3v_1	1f3v_1	1.000	142	1.000	1.000	1.907E-87	276
4ksd_2	4ksd_2	1.000	118	1.000	1.000	1.158E-77	246
4ksd_2	6f2g_2	0.758	124	1.000	0.947	2.358E-57	188
4ksd_2	5hvf_2	0.756	117	0.992	1.000	5.815E-53	175
4ksd_2	6gjq_2	0.696	121	1.000	1.000	1.719E-50	168
4ksd_2	5m2m_2	0.689	127	1.000	1.000	1.719E-50	168
4ksd_2	3zkq_2	0.720	118	1.000	0.982	2.955E-49	165
4ksd_2	6h16_2	0.703	118	0.814	1.000	1.435E-48	163
4ksd_2	5jds_1	0.661	127	0.992	1.000	1.969E-48	162
4ksd_2	6cwg_2	0.669	127	1.000	1.000	5.081E-48	161
4ksd_2	5imk_1	0.674	123	0.805	1.000	4.643E-47	158
4ksd_2	5imm_1	0.669	124	0.805	1.000	6.369E-47	158
4ksd_2	5o2u_2	0.711	118	1.000	0.983	2.061E-45	154
4ksd_2	1ri8_2	0.656	124	1.000	1.000	7.297E-45	152
4ksd_2	6fv0_2	0.692	117	0.992	1.000	1.001E-44	152
4ksd_2	4w6y_2	0.696	112	0.839	1.000	3.544E-44	150
4ksd_2	6her_2	0.634	123	0.814	1.000	6.096E-43	147
4ksd_2	5ip4_1	0.649	117	0.992	1.000	8.362E-43	146
4ksd_2	5omn_2	0.651	111	0.814	1.000	1.048E-41	143
4ksd_2	4pou_2	0.644	118	1.000	0.883	9.582E-41	140
4ksd_2	2p49_2	0.619	121	0.814	1.000	6.384E-40	138
4ksd_2	4w6x_2	0.588	124	0.814	1.000	8.758E-40	138
4ksd_2	1g6v_2	0.606	125	0.814	1.000	8.758E-40	138
4ksd_2	2p4a_2	0.625	120	0.814	1.000	1.201E-39	137
4ksd_2	1op9_2	0.619	118	0.805	1.000	2.261E-39	136
4ksd_2	3qsk_2	0.625	120	0.814	1.000	5.836E-39	135
4ksd_2	5m2j_2	0.626	115	0.814	1.000	3.888E-38	133
4ksd_2	6fuz_2	0.625	112	0.805	1.000	1.004E-37	132
4ksd_2	5lhn_2	0.555	135	0.814	1.000	1.889E-37	131
4ksd_2	4z9k_2	0.690	96	0.805	0.906	1.258E-36	128
4ksd_2	4eig_2	0.594	115	0.814	1.000	6.113E-36	126
4ksd_2	4wen_2	0.586	120	0.814	1.000	8.385E-36	126
4ksd_2	4w6w_2	0.584	124	0.805	1.000	8.385E-36	126
4ksd_2	4wem_2	0.570	120	0.814	1.000	1.578E-35	125
4ksd_2	3eba_1	0.581	117	0.992	0.831	2.165E-35	125
4ksd_2	4i0c_2	0.546	126	0.805	1.000	2.165E-35	125
4ksd_2	1zvh_2	0.559	117	0.992	0.836	5.587E-35	124
4ksd_2	4hep_2	0.542	129	0.805	1.000	1.442E-34	123
4ksd_2	4x7f_2	0.603	116	0.983	1.000	2.480E-33	119
4ksd_2	6j7w_1	0.576	116	0.814	1.000	4.668E-33	118
4ksd_2	4x7e_2	0.584	118	1.000	0.824	2.267E-32	116
4ksd_2	6jb2_1	0.533	118	1.000	0.841	2.072E-31	113
4ksd_2	5l21_2	0.541	119	0.814	1.000	9.196E-30	109
4ksd_2	5j57_2	0.466	105	0.890	0.847	6.106E-22	86
4ksd_2	5my6_2	0.515	95	0.805	0.908	1.796E-19	79
4n7v_2	4n7v_2	1.000	32	1.000	1.000	1.261E-14	60
4per_2	4per_2	1.000	82	1.000	1.000	3.589E-53	174
4tq0_2	4tq0_2	1.000	40	1.000	1.000	6.732E-22	81
4wnd_2	4wnd_2	1.000	26	1.000	1.000	4.107E-13	55
3eba_1	3eba_1	1.000	118	1.000	1.000	3.272E-78	248
3eba_1	1op9_2	0.881	118	0.924	1.000	1.147E-63	206
3eba_1	1zvh_2	0.696	110	0.898	0.902	4.444E-43	147
3eba_1	5imk_1	0.674	123	0.924	1.000	6.096E-43	147
3eba_1	5imm_1	0.669	124	0.924	1.000	8.362E-43	146
3eba_1	1g6v_2	0.677	125	0.932	1.000	1.573E-42	145
3eba_1	6h16_2	0.666	118	0.932	1.000	2.158E-42	145
3eba_1	4w6x_2	0.645	124	0.932	1.000	1.048E-41	143
3eba_1	5u4m_2	0.663	113	0.873	0.897	1.803E-40	139
3eba_1	2p49_2	0.637	121	0.932	1.000	2.261E-39	136
3eba_1	6her_2	0.622	123	0.932	1.000	1.506E-38	134
3eba_1	2p4a_2	0.658	120	0.932	1.000	2.066E-38	134
3eba_1	4i0c_2	0.622	126	0.924	1.000	2.066E-38	134
3eba_1	3qsk_2	0.650	120	0.932	1.000	5.334E-38	132
3eba_1	6jb2_1	0.603	125	0.924	0.992	3.554E-37	130
3eba_1	4hep_2	0.598	129	0.924	1.000	4.875E-37	130
3eba_1	5lhn_2	0.564	135	0.932	1.000	6.688E-37	129
3eba_1	6j7w_1	0.601	116	0.932	1.000	2.368E-36	128
3eba_1	6fuz_2	0.595	112	0.924	1.000	3.249E-36	127
3eba_1	5m2j_2	0.596	115	0.932	1.000	2.969E-35	124
3eba_1	4ksd_2	0.581	117	0.831	0.992	2.969E-35	124
3eba_1	4x7e_2	0.635	105	0.890	0.874	5.587E-35	124
3eba_1	4pou_2	0.605	109	0.864	0.908	1.978E-34	122
3eba_1	4w6w_2	0.616	124	0.924	1.000	1.978E-34	122
3eba_1	5hvf_2	0.559	117	0.831	1.000	3.723E-34	121
3eba_1	4wen_2	0.598	120	0.932	1.000	3.723E-34	121
3eba_1	5omn_2	0.561	111	0.932	1.000	7.005E-34	121
3eba_1	4w6y_2	0.631	110	0.932	0.973	1.808E-33	119
3eba_1	4eig_2	0.537	115	0.932	1.000	3.110E-32	116
3eba_1	5m2m_2	0.560	115	0.805	0.906	3.110E-32	116
3eba_1	6gjq_2	0.504	120	0.831	0.992	8.027E-32	115
3eba_1	6fv0_2	0.552	113	0.831	1.000	1.101E-31	114
3eba_1	6cwg_2	0.539	126	0.831	0.992	1.101E-31	114
3eba_1	1ri8_2	0.536	123	0.831	0.992	1.510E-31	114
3eba_1	6f2g_2	0.547	123	0.831	0.939	1.510E-31	114
3eba_1	5jds_1	0.527	127	0.831	1.000	2.072E-31	113
3eba_1	3zkq_2	0.557	109	0.924	0.841	5.348E-31	112
3eba_1	4wem_2	0.549	120	0.932	1.000	6.704E-30	109
3eba_1	4z9k_2	0.547	109	0.924	0.906	1.581E-28	105
3eba_1	5l21_2	0.450	119	0.932	1.000	6.407E-26	98
3eba_1	5ip4_1	0.531	109	0.831	1.000	1.653E-25	96
3eba_1	5o2u_2	0.508	112	0.831	0.974	6.690E-23	89
3gb8_1	3gb8_1	1.000	979	1.000	1.000	0.000E+00	1935
3hcu_1	3hcu_1	1.000	75	1.000	1.000	5.478E-51	167
3hcu_1	3hct_1	0.786	75	1.000	1.000	1.191E-37	129
3kls_1	3kls_1	1.000	1591	1.000	1.000	0.000E+00	3244
2vlo_2	2vlo_2	1.000	105	1.000	1.000	1.099E-66	214
2vlo_2	2vlq_2	0.953	107	0.990	1.000	1.442E-62	202
2vlo_2	2wpt_2	0.867	98	0.876	0.867	1.745E-50	168
1otr_1	1otr_1	1.000	48	1.000	1.000	2.275E-27	98
1q68_1	1q68_1	1.000	38	1.000	1.000	4.070E-21	79
1sv0_1	1sv0_1	1.000	79	1.000	1.000	2.829E-52	171
1tm4_1	1y1k_1	1.000	281	1.000	1.000	3.755E-178	546
1tm4_1	1y33_1	1.000	281	1.000	1.000	3.755E-178	546
1tm4_1	1y34_1	1.000	281	1.000	1.000	3.755E-178	546
1tm4_1	1y3b_1	1.000	281	1.000	1.000	3.755E-178	546
1tm4_1	1y3c_1	1.000	281	1.000	1.000	3.755E-178	546
1tm4_1	1tm1_1	1.000	281	1.000	1.000	3.755E-178	546
1tm4_1	1y3d_1	1.000	281	1.000	1.000	3.755E-178	546
1tm4_1	1tm3_1	1.000	281	1.000	1.000	3.755E-178	546
1tm4_1	1y48_1	1.000	281	1.000	1.000	3.755E-178	546
1tm4_1	1tm4_1	1.000	281	1.000	1.000	3.755E-178	546
1tm4_1	1tm5_1	1.000	281	1.000	1.000	3.755E-178	546
1tm4_1	1tm7_1	1.000	281	1.000	1.000	3.755E-178	546
1tm4_1	1to1_1	1.000	281	1.000	1.000	3.755E-178	546
1tm4_1	2sic_1	0.985	275	0.964	1.000	7.637E-169	519
1tm4_1	1y4a_1	0.985	275	0.964	1.000	7.637E-169	519
1tm4_1	2sni_1	0.981	275	0.964	1.000	1.966E-168	518
1tm4_1	1r0r_1	0.697	273	0.968	0.996	4.563E-112	355
1tm4_1	4gi3_1	0.693	273	0.968	0.996	8.564E-112	354
1tm4_1	3vv2_1	0.392	315	0.932	0.984	2.280E-49	173
1vet_1	1vet_1	1.000	103	1.000	1.000	2.147E-64	207
4b93_2	4b93_2	1.000	191	1.000	1.000	9.138E-126	389
4b93_2	6ndz_2	0.355	161	0.843	0.804	2.182E-25	100
4b93_2	6ne2_1	0.349	161	0.843	0.806	3.611E-24	96
4ct0_2	4ct0_2	1.000	266	1.000	1.000	3.988E-186	568
4dxa_2	4dxa_2	1.000	302	1.000	1.000	2.792E-204	622
4dxa_2	4hdo_1	0.762	291	0.874	0.939	1.059E-142	445
4fza_2	4fza_2	1.000	265	1.000	1.000	1.654E-174	534
4jeh_2	4jeh_2	1.000	221	1.000	1.000	1.663E-133	413
4jeh_2	4jeu_2	0.990	217	0.973	0.964	9.393E-128	397
2btf_2	2btf_2	1.000	139	1.000	1.000	6.754E-92	289
2fju_2	2fju_2	1.000	696	1.000	1.000	0.000E+00	1435
2hev_2	2hev_2	1.000	140	1.000	1.000	2.587E-105	327
2hev_2	4giq_2	0.326	149	0.850	0.909	8.777E-17	72
2hev_2	3me2_2	0.324	150	0.850	0.904	1.201E-16	72
2hev_2	5bnq_2	0.324	150	0.850	0.904	1.201E-16	72
2jjs_2	2jjs_2	1.000	115	1.000	1.000	1.964E-74	237
2jjs_2	4cmm_2	0.826	115	1.000	0.812	2.044E-57	188
2k8f_2	2k8f_2	1.000	39	1.000	1.000	4.296E-21	79
3d7t_1	3d7t_1	1.000	249	1.000	1.000	1.240E-169	519
3eg5_1	3eg5_1	1.000	178	1.000	1.000	2.316E-118	367
3eg5_1	4did_1	0.994	178	1.000	0.994	5.968E-118	366
3eg5_1	1ees_1	0.988	178	1.000	0.994	1.275E-115	359
3eg5_1	4yc7_2	0.988	178	1.000	0.994	3.285E-115	358
3eg5_1	2rmk_1	0.694	177	0.994	0.880	2.600E-79	255
3eg5_1	5fr2_1	0.544	180	1.000	0.963	3.424E-62	205
3eg5_1	3kud_1	0.327	162	0.910	0.933	1.130E-18	79
3eg5_1	1wq1_1	0.327	162	0.910	0.928	1.130E-18	79
3eg5_1	5e95_2	0.327	162	0.910	0.928	1.130E-18	79
3eg5_1	3ddc_1	0.321	162	0.910	0.928	3.917E-18	78
3eg5_1	6h46_1	0.327	162	0.910	0.928	3.440E-17	75
3gc3_1	3gc3_1	1.000	314	0.997	0.997	2.087E-211	644
3ho5_1	3ho5_1	1.000	451	1.000	1.000	0.000E+00	993
1ta3_2	1ta3_2	1.000	300	1.000	1.000	2.308E-203	619
1uel_2	1uel_2	1.000	48	1.000	1.000	2.884E-26	94
1wpx_2	1wpx_2	1.000	204	1.000	1.000	1.315E-139	430
1xt9_2	1xt9_2	1.000	177	1.000	1.000	4.044E-111	346
1xt9_2	3olm_1	0.416	156	0.825	0.872	9.057E-34	123
1ydi_2	1ydi_2	1.000	24	1.000	1.000	6.443E-12	52
6h9n_2	6h9n_2	1.000	24	1.000	1.000	8.275E-11	49
6iu7_2	6iu7_2	1.000	22	1.000	1.000	2.305E-08	42
6iu7_2	6iua_2	0.954	22	1.000	1.000	8.284E-08	40
6k06_2	6k06_2	1.000	422	1.000	1.000	5.668E-277	839
6k06_2	2c1m_1	0.997	423	1.000	0.998	1.813E-275	835
6k06_2	3ul1_1	0.971	422	1.000	0.986	4.994E-266	807
6ne1_2	6ne1_2	1.000	152	1.000	1.000	8.075E-94	295
6ne1_2	4k5a_2	0.486	150	0.941	0.932	1.568E-36	130
6ne1_2	6fp7_2	0.486	150	0.954	0.920	4.036E-36	129
6ne1_2	3zu7_2	0.486	146	0.941	0.948	5.021E-35	126
6ne1_2	5ma6_2	0.479	148	0.934	0.931	3.326E-34	123
6ne1_2	6h46_2	0.500	140	0.888	0.993	3.017E-33	121
6pnq_2	6pnq_2	1.000	133	1.000	1.000	4.038E-93	292
5x0w_1	5x0w_1	1.000	152	1.000	1.000	5.470E-100	313
6e3i_2	6e3i_2	1.000	21	1.000	1.000	4.691E-10	46
6e3i_2	6e3j_2	0.809	21	1.000	1.000	5.309E-07	38
6e3i_2	5wos_2	0.400	20	0.952	0.857	5.683E+01	15
6fpg_2	6fpg_2	1.000	157	1.000	1.000	8.247E-112	347
6h16_2	6h16_2	1.000	118	1.000	1.000	6.154E-78	247
6h16_2	5imk_1	0.829	123	0.992	1.000	2.960E-63	205
6h16_2	5imm_1	0.822	124	0.992	1.000	9.567E-62	201
6h16_2	6her_2	0.772	123	1.000	1.000	6.661E-58	190
6h16_2	1op9_2	0.762	118	0.992	1.000	7.976E-53	175
6h16_2	1g6v_2	0.732	125	1.000	1.000	1.094E-52	175
6h16_2	4w6x_2	0.701	124	1.000	1.000	7.288E-52	172
6h16_2	5lhn_2	0.688	135	1.000	1.000	1.371E-51	171
6h16_2	2p4a_2	0.729	120	1.000	1.000	3.539E-51	170
6h16_2	2p49_2	0.727	121	1.000	1.000	4.436E-50	167
6h16_2	3qsk_2	0.725	120	1.000	1.000	6.085E-50	167
6h16_2	4wen_2	0.719	120	1.000	1.000	8.347E-50	166
6h16_2	4hep_2	0.697	129	0.992	1.000	5.560E-49	164
6h16_2	5u4m_2	0.728	117	0.949	0.929	1.969E-48	162
6h16_2	4eig_2	0.716	118	1.000	1.000	2.700E-48	162
6h16_2	4ksd_2	0.703	118	1.000	0.814	2.700E-48	162
6h16_2	5omn_2	0.720	118	1.000	1.000	9.561E-48	160
6h16_2	4wem_2	0.688	120	1.000	1.000	1.311E-47	160
6h16_2	4w6w_2	0.704	124	0.992	1.000	8.737E-47	158
6h16_2	4i0c_2	0.671	126	0.992	1.000	1.199E-46	157
6h16_2	6j7w_1	0.711	118	1.000	1.000	2.255E-46	156
6h16_2	6cwg_2	0.703	116	0.983	0.811	5.821E-46	155
6h16_2	6fuz_2	0.717	117	0.992	1.000	7.985E-46	155
6h16_2	6jb2_1	0.634	126	1.000	1.000	2.827E-45	153
6h16_2	5m2j_2	0.714	118	1.000	1.000	3.878E-45	153
6h16_2	4w6y_2	0.677	118	1.000	0.973	1.373E-44	151
6h16_2	3eba_1	0.666	118	1.000	0.932	6.096E-43	147
6h16_2	5jds_1	0.644	118	1.000	0.835	1.147E-42	146
6h16_2	1zvh_2	0.705	102	0.822	0.836	1.314E-40	140
6h16_2	3zkq_2	0.641	117	0.992	0.841	1.201E-39	137
6h16_2	4z9k_2	0.658	117	0.992	0.906	5.836E-39	135
6h16_2	4x7e_2	0.720	98	0.831	0.824	1.098E-38	134
6h16_2	6fv0_2	0.615	117	0.992	0.841	2.066E-38	134
6h16_2	5l21_2	0.598	119	1.000	1.000	5.334E-38	132
6h16_2	4pou_2	0.641	106	0.831	0.883	1.004E-37	132
6h16_2	1ri8_2	0.641	117	0.992	0.839	3.554E-37	130
6h16_2	5o2u_2	0.606	117	0.992	0.817	2.165E-35	125
6h16_2	5ip4_1	0.577	111	0.941	0.844	4.668E-33	118
6h16_2	4x7f_2	0.550	118	1.000	0.850	7.014E-27	100
6h16_2	2ij0_2	0.310	101	0.847	0.856	2.380E-09	50
6in9_2	6in9_2	1.000	44	1.000	1.000	4.069E-25	91
6jcs_2	6jcs_2	1.000	97	1.000	1.000	2.751E-63	204
1ak4_2	1ak4_2	1.000	145	1.000	1.000	3.242E-98	307
1c9t_2	1c9t_2	1.000	53	1.000	1.000	3.577E-37	126
1c9t_2	1eja_2	1.000	53	1.000	1.000	3.577E-37	126
1c9t_2	1c9p_2	0.943	53	1.000	1.000	3.515E-33	115
1f3v_2	1f3v_2	1.000	130	1.000	1.000	1.284E-89	282
1gua_2	1gua_2	1.000	76	1.000	1.000	9.940E-50	164
1gua_2	3kud_2	0.973	76	1.000	0.987	7.654E-47	155
1gua_2	3kuc_2	0.960	76	1.000	0.987	5.113E-46	153
3p95_1	3p92_1	1.000	223	1.000	1.000	5.065E-157	481
3p95_1	3p95_1	1.000	223	1.000	1.000	5.065E-157	481
3p95_1	3l33_1	1.000	223	1.000	1.000	5.065E-157	481
3p95_1	6gfi_1	1.000	223	1.000	1.000	5.065E-157	481
3p95_1	6har_1	0.995	224	1.000	1.000	1.627E-155	477
3p95_1	2r9p_1	0.995	224	1.000	1.000	1.627E-155	477
3p95_1	5c67_1	0.995	223	1.000	1.000	7.873E-155	475
3p95_1	4u32_2	0.968	224	0.978	1.000	1.012E-150	463
3p95_1	4u30_1	0.973	223	0.973	1.000	1.387E-150	463
3p95_1	2ra3_1	0.866	224	1.000	1.000	1.070E-134	417
3p95_1	1ldt_1	0.784	223	1.000	1.000	9.650E-124	385
3p95_1	1eja_1	0.784	223	1.000	1.000	9.650E-124	385
3p95_1	3fp6_1	0.771	223	1.000	1.000	5.816E-122	380
3p95_1	1d6r_1	0.721	223	1.000	1.000	1.974E-114	359
3p95_1	1smf_1	0.721	223	1.000	1.000	1.974E-114	359
3p95_1	2uuy_1	0.721	223	1.000	1.000	1.974E-114	359
3p95_1	2xtt_2	0.721	223	1.000	1.000	1.974E-114	359
3p95_1	6dwh_1	0.721	223	1.000	1.000	1.974E-114	359
3p95_1	1c9t_1	0.695	223	0.973	1.000	3.918E-108	340
3p95_1	4aoq_1	0.695	223	0.973	1.000	3.918E-108	340
3p95_1	1ppe_1	0.695	223	0.973	1.000	3.918E-108	340
3p95_1	2ptc_1	0.695	223	0.973	1.000	3.918E-108	340
3p95_1	2tgp_1	0.695	223	0.973	1.000	3.918E-108	340
3p95_1	1g9i_1	0.695	223	0.973	1.000	3.918E-108	340
3p95_1	2g81_1	0.695	223	0.973	1.000	3.918E-108	340
3p95_1	6dwf_1	0.695	223	0.973	1.000	3.918E-108	340
3p95_1	4j2y_2	0.695	223	0.973	1.000	3.918E-108	340
3p95_1	2ftm_1	0.690	223	0.973	1.000	1.895E-107	338
3p95_1	6kbr_1	0.392	189	0.848	0.989	1.091E-39	143
3p95_1	4ag2_1	0.330	213	0.946	0.955	5.503E-29	111
3p95_1	4afq_1	0.321	216	0.933	0.977	1.470E-26	104
1f5r_1	1f5r_1	1.000	216	1.000	1.000	1.059E-154	474
1f5r_1	3tgk_1	0.926	216	1.000	0.949	3.972E-138	426
1f5r_1	1f7z_1	0.916	214	0.991	0.944	8.461E-136	420
1f5r_1	1fy8_1	0.907	215	0.995	0.916	6.997E-134	414
1f5r_1	4doq_1	0.753	218	1.000	0.995	2.685E-114	358
1f5r_1	1avx_1	0.557	216	1.000	0.869	5.545E-79	256
1gxd_1	1gxd_1	1.000	583	1.000	1.000	0.000E+00	1281
1kac_1	1kac_1	1.000	185	1.000	1.000	1.214E-121	377
1mq8_1	1mq8_1	1.000	176	1.000	1.000	4.345E-119	369
1pd7_1	1pd7_1	1.000	85	1.000	1.000	4.550E-54	177
1pjm_1	1pjm_1	1.000	20	1.000	1.000	2.996E-09	44
1rke_1	2gww_1	1.000	258	1.000	1.000	1.612E-164	505
1rke_1	1rkc_1	1.000	258	1.000	1.000	1.612E-164	505
1rke_1	1rke_1	1.000	258	1.000	1.000	1.612E-164	505
1rke_1	1syq_1	0.972	257	0.996	1.000	3.290E-155	478
1rke_1	2hsq_1	0.924	224	0.802	0.885	2.501E-126	395
1ta3_1	1ta3_1	1.000	274	1.000	1.000	9.773E-198	602
1ta3_1	1te1_1	1.000	274	1.000	1.000	9.773E-198	602
1uel_1	1uel_1	1.000	95	1.000	1.000	1.595E-58	190
4bd9_2	4bd9_2	1.000	165	1.000	1.000	4.924E-126	389
1brs_2	1brs_2	1.000	83	1.000	1.000	4.740E-52	171
1brs_2	1b2s_2	0.413	83	0.819	0.922	6.328E-10	50
1brs_2	1x1x_2	0.407	81	0.807	0.920	8.696E-10	49
1brs_2	1b3s_2	0.413	83	0.819	0.922	8.696E-10	49
1brs_2	1ay7_2	0.411	81	0.819	0.910	1.195E-09	49
1brs_2	1x1w_2	0.406	82	0.819	0.921	1.642E-09	49
1brs_2	3da7_1	0.404	80	0.807	0.909	4.263E-09	48
1brs_2	1x1y_2	0.411	81	0.819	0.910	4.263E-09	48
1brs_2	1b2u_2	0.402	83	0.819	0.922	8.052E-09	47
1eja_2	1c9t_2	1.000	53	1.000	1.000	3.577E-37	126
1eja_2	1eja_2	1.000	53	1.000	1.000	3.577E-37	126
1eja_2	1c9p_2	0.943	53	1.000	1.000	3.515E-33	115
1gl1_2	1gl1_2	1.000	33	1.000	1.000	1.104E-20	78
1gl1_2	2xtt_1	0.612	31	0.939	0.857	2.335E-08	42
1gl1_2	1gl0_2	0.433	30	0.909	0.906	2.513E-03	28
1jh4_2	1jh4_2	1.000	22	1.000	1.000	4.984E-10	46
1lw6_2	1lw6_2	1.000	63	1.000	1.000	5.982E-37	126
1lw6_2	1tm3_2	0.968	63	1.000	0.984	1.036E-35	123
1lw6_2	1tm7_2	0.968	63	1.000	0.984	1.036E-35	123
1lw6_2	2sni_2	0.952	63	1.000	0.969	2.269E-33	116
1lw6_2	1y3c_2	0.952	63	1.000	0.969	3.115E-33	115
1lw6_2	1y3d_2	0.952	63	1.000	0.969	3.115E-33	115
1lw6_2	1y48_2	0.952	63	1.000	0.969	3.115E-33	115
1lw6_2	1y4a_2	0.936	63	0.984	1.000	4.277E-33	115
1lw6_2	1to1_2	0.952	63	1.000	0.969	8.063E-33	114
1lw6_2	1acb_2	0.366	59	0.937	0.937	1.441E-06	39
1ozs_2	1ozs_2	1.000	20	1.000	1.000	5.675E-09	43
1qa9_2	1qa9_2	1.000	94	1.000	1.000	2.277E-59	192
1t01_2	1t01_2	1.000	24	1.000	1.000	2.156E-10	48
1tm7_2	1tm7_2	1.000	64	1.000	1.000	3.634E-38	130
1tm7_2	1tm3_2	0.984	64	1.000	1.000	6.294E-37	126
1tm7_2	1lw6_2	0.968	63	0.984	1.000	5.785E-36	123
1tm7_2	1y3c_2	0.953	64	1.000	0.984	9.220E-34	117
1tm7_2	1y3d_2	0.953	64	1.000	0.984	9.220E-34	117
1tm7_2	1y48_2	0.953	64	1.000	0.984	9.220E-34	117
1tm7_2	1y4a_2	0.952	63	0.969	1.000	1.738E-33	116
1tm7_2	1to1_2	0.953	64	1.000	0.984	2.387E-33	116
1tm7_2	2sni_2	0.906	64	1.000	0.984	1.165E-32	114
1tm7_2	1acb_2	0.366	59	0.922	0.937	3.943E-06	38
1vg0_2	1vg0_2	1.000	182	1.000	1.000	1.313E-120	374
6dwf_2	6dwf_2	1.000	106	1.000	1.000	2.600E-68	219
6dwf_2	6dwh_2	0.981	106	1.000	0.991	5.120E-65	209
6ff3_2	6ff3_2	1.000	36	1.000	1.000	5.862E-23	84
6gum_2	6gum_2	1.000	111	1.000	1.000	4.355E-71	227
6ihb_2	6ihb_2	1.000	517	1.000	1.000	0.000E+00	1089
6ihb_2	6jcs_1	0.601	503	0.961	0.975	8.090E-194	604
6j9h_2	6j9h_2	1.000	235	1.000	1.000	7.905E-159	487
2voh_2	2voh_2	1.000	24	1.000	1.000	1.799E-12	53
2voh_2	5ajk_2	0.791	24	1.000	0.957	1.290E-07	40
2voh_2	2jby_2	0.750	24	1.000	0.840	6.401E-07	38
2voh_2	2xpx_2	0.750	24	1.000	0.870	1.215E-06	37
2voh_2	5tzp_2	0.608	23	0.958	1.000	1.431E-03	28
2voh_2	5twa_2	0.347	23	0.958	0.920	1.328E-01	23
2wqz_2	2wqz_2	1.000	177	1.000	1.000	1.069E-117	365
2y8s_2	2y8s_2	1.000	36	1.000	1.000	1.302E-20	78
3bh6_2	3bh6_2	1.000	314	1.000	1.000	7.535E-215	653
5yqz_2	5yqz_2	1.000	28	1.000	1.000	1.082E-15	63
4gh7_1	4gh7_1	1.000	174	1.000	1.000	1.848E-121	376
4hgm_1	4hgm_1	1.000	411	1.000	1.000	6.533E-287	867
4hgm_1	4hgk_1	0.689	425	0.976	0.880	8.936E-175	543
4jeu_1	4jeu_1	1.000	558	1.000	1.000	0.000E+00	1113
4kt1_1	4kt1_1	1.000	461	1.000	1.000	6.050E-314	948
4n7z_1	4n7z_1	1.000	219	1.000	1.000	8.897E-145	446
6ne1_1	6ne1_1	1.000	114	1.000	1.000	3.874E-82	259
6ne1_1	6ne2_2	0.451	104	0.886	0.874	9.669E-29	106
6ne1_1	6ne4_2	0.451	104	0.886	0.874	9.669E-29	106
6ne1_1	5un5_1	0.370	116	0.982	0.975	8.087E-27	100
6ne1_1	6ndz_1	0.377	114	0.965	0.950	1.109E-26	100
6pnq_1	6pnq_1	1.000	194	1.000	1.000	1.020E-128	398
1atn_2	1atn_2	1.000	258	1.000	1.000	1.010E-169	520
1dfj_2	1dfj_2	1.000	455	1.000	1.000	2.810E-309	934
1dfj_2	4per_1	0.382	442	0.971	0.828	3.653E-95	315
1xj7_2	1xj7_2	1.000	9	1.000	1.000	2.019E-01	21
5vko_2	5vko_2	1.000	29	1.000	1.000	2.165E-15	62
5wy2_2	5wy2_2	1.000	21	1.000	1.000	4.691E-10	46
5yi8_2	5yi8_2	1.000	24	1.000	1.000	3.928E-14	58
6azp_2	6azp_2	1.000	57	1.000	1.000	4.697E-34	117
6azp_2	5uzu_1	0.705	68	0.842	1.000	1.016E-23	88
6azp_2	6bmt_2	0.385	70	0.895	1.000	1.080E-11	53
6e2p_2	6e2p_2	1.000	20	1.000	1.000	1.032E-12	54
6p7s_2	6p7s_2	1.000	110	1.000	1.000	7.466E-74	235
1acb_1	1acb_1	1.000	241	1.000	1.000	1.122E-162	499
1acb_1	1gl1_1	0.967	241	1.000	1.000	2.368E-150	463
1c9p_1	1c9p_1	1.000	222	1.000	1.000	2.733E-151	465
1c9p_1	1an1_1	1.000	222	1.000	1.000	2.733E-151	465
1c9p_1	2ftl_1	0.828	222	1.000	1.000	1.051E-131	408
1c9p_1	3rdz_1	0.794	222	1.000	0.991	1.148E-122	382
1c9p_1	1avx_1	0.829	217	0.977	0.841	1.713E-113	356
1f34_1	1f34_1	1.000	325	1.000	1.000	7.219E-219	666
6gho_2	6gho_2	1.000	274	1.000	1.000	9.664E-188	573
6fc3_1	6fc3_1	1.000	173	1.000	1.000	5.666E-120	372
6gjq_1	6gjq_1	1.000	187	1.000	1.000	3.029E-123	382
6idx_1	6idx_1	1.000	458	1.000	1.000	1.884E-297	900
6j7w_1	6j7w_1	1.000	116	1.000	1.000	6.989E-77	244
6j7w_1	5imk_1	0.723	123	0.991	1.000	1.430E-49	166
6j7w_1	5imm_1	0.717	124	0.991	1.000	4.627E-48	161
6j7w_1	5m2j_2	0.722	116	1.000	1.000	5.801E-47	158
6j7w_1	6h16_2	0.711	118	1.000	1.000	1.092E-46	157
6j7w_1	6her_2	0.666	123	1.000	1.000	5.303E-46	155
6j7w_1	6fuz_2	0.717	115	0.991	1.000	1.878E-45	154
6j7w_1	1g6v_2	0.669	125	1.000	1.000	1.251E-44	151
6j7w_1	4hep_2	0.643	129	0.991	1.000	8.339E-44	149
6j7w_1	1op9_2	0.647	118	0.991	1.000	8.740E-41	140
6j7w_1	3zkq_2	0.686	115	0.991	0.841	1.645E-40	139
6j7w_1	3qsk_2	0.633	120	1.000	1.000	1.645E-40	139
6j7w_1	5lhn_2	0.592	135	1.000	1.000	1.645E-40	139
6j7w_1	5u4m_2	0.644	120	0.974	0.952	2.256E-40	139
6j7w_1	4w6x_2	0.588	124	1.000	1.000	3.095E-40	139
6j7w_1	2p4a_2	0.625	120	1.000	1.000	1.504E-39	137
6j7w_1	2p49_2	0.628	121	1.000	1.000	2.063E-39	136
6j7w_1	6fv0_2	0.632	115	0.991	0.841	1.375E-38	134
6j7w_1	5omn_2	0.661	116	1.000	1.000	4.869E-38	132
6j7w_1	4wen_2	0.619	120	1.000	1.000	4.452E-37	130
6j7w_1	3eba_1	0.601	116	1.000	0.932	6.107E-37	129
6j7w_1	6jb2_1	0.555	126	1.000	1.000	1.577E-36	128
6j7w_1	4i0c_2	0.593	126	0.991	1.000	2.163E-36	128
6j7w_1	4z9k_2	0.606	115	0.991	0.906	1.442E-35	125
6j7w_1	4w6y_2	0.610	116	1.000	0.973	9.608E-35	123
6j7w_1	4eig_2	0.610	116	1.000	1.000	1.808E-34	122
6j7w_1	5jds_1	0.576	116	1.000	0.835	6.404E-34	121
6j7w_1	4wem_2	0.570	120	1.000	1.000	4.268E-33	118
6j7w_1	6cwg_2	0.567	114	0.983	0.811	4.268E-33	118
6j7w_1	4w6w_2	0.569	124	0.991	1.000	5.855E-33	118
6j7w_1	4ksd_2	0.576	116	1.000	0.814	8.032E-33	117
6j7w_1	1ri8_2	0.555	115	0.991	0.839	1.155E-29	108
6j7w_1	5l21_2	0.539	119	1.000	1.000	2.174E-29	108
6j7w_1	4x7e_2	0.620	98	0.828	0.824	2.174E-29	108
6j7w_1	4pou_2	0.537	106	0.828	0.883	7.037E-28	103
6j7w_1	1zvh_2	0.553	102	0.819	0.836	1.816E-27	102
6j7w_1	4x7f_2	0.543	116	1.000	0.850	6.432E-27	100
6j7w_1	5ip4_1	0.495	115	0.991	0.853	3.916E-25	95
6j7w_1	5o2u_2	0.533	115	0.991	0.817	7.368E-25	94
6mc9_1	6mc9_1	1.000	150	1.000	1.000	1.329E-96	303
2wpt_1	2wpt_1	1.000	77	1.000	1.000	6.979E-49	161
2wpt_1	2vlp_1	0.623	77	1.000	1.000	5.666E-28	101
2xtt_1	2xtt_1	1.000	35	1.000	1.000	4.372E-24	87
2xtt_1	1gl0_2	0.689	29	0.829	0.906	1.668E-11	51
2xtt_1	1gl1_2	0.612	31	0.857	0.939	3.605E-08	42
3beg_1	3beg_1	1.000	357	1.000	1.000	2.342E-244	741
3cqx_1	3cqx_1	1.000	376	1.000	1.000	1.961E-246	748
5eg3_1	5eg3_1	1.000	298	1.000	1.000	3.169E-204	622
6gfi_2	6gfi_2	1.000	56	1.000	1.000	7.391E-40	134
6gfi_2	5c67_2	0.962	53	0.946	1.000	2.038E-36	124
6gfi_2	6har_2	0.943	53	0.946	0.981	1.365E-35	122
6gfi_2	1zjd_2	0.924	53	0.946	0.930	4.850E-35	120
6gfi_2	1yc0_2	0.509	53	0.946	0.803	4.102E-17	69
6gfi_2	4u32_1	0.490	53	0.946	0.981	7.753E-17	68
6gfi_2	1f5r_2	0.452	53	0.946	0.930	2.576E-15	64
6gfi_2	2ftl_2	0.452	53	0.946	0.914	2.576E-15	64
6gfi_2	2ptc_2	0.452	53	0.946	0.914	2.576E-15	64
6gfi_2	2tgp_2	0.452	53	0.946	0.914	2.576E-15	64
6gfi_2	3fp6_2	0.452	53	0.946	0.914	2.576E-15	64
6gfi_2	2r9p_2	0.452	53	0.946	0.914	2.576E-15	64
6gfi_2	2ra3_2	0.470	51	0.911	0.911	4.871E-15	63
6gfi_2	1f7z_2	0.470	51	0.911	0.911	4.871E-15	63
6gfi_2	1fy8_2	0.470	51	0.911	0.911	4.871E-15	63
6gfi_2	1eaw_2	0.470	51	0.911	0.911	4.871E-15	63
6gfi_2	3tgk_2	0.470	51	0.911	0.911	4.871E-15	63
6gfi_2	3p92_2	0.452	53	0.946	0.914	9.213E-15	62
6gfi_2	3p95_2	0.452	53	0.946	0.914	9.213E-15	62
6gfi_2	2ftm_2	0.433	53	0.946	0.914	6.237E-14	60
6gfi_2	4u30_2	0.511	45	0.804	0.833	1.180E-13	59
6gfi_2	1zr0_2	0.444	54	0.964	0.857	4.226E-13	57
6gfi_2	6bx8_2	0.416	48	0.857	0.902	1.239E-09	48
6i3f_2	6i3f_2	1.000	286	1.000	1.000	2.675E-195	595
6j4s_2	6j4s_2	1.000	32	1.000	1.000	4.515E-14	59
6mav_2	6mav_2	1.000	151	1.000	1.000	4.412E-105	327
6oqj_2	6oqj_2	1.000	52	1.000	1.000	1.265E-25	93
6oqj_2	6oqk_2	0.903	52	1.000	0.981	7.914E-20	76
1tm4_2	1tm4_2	1.000	62	1.000	1.000	4.141E-37	126
1tm4_2	1tm5_2	0.686	64	1.000	1.000	1.119E-21	82
1tm4_2	1tm1_2	0.686	64	1.000	1.000	2.902E-21	81
1tm4_2	1y3b_2	0.687	62	1.000	0.984	7.528E-21	80
1tm4_2	1y1k_2	0.671	64	1.000	1.000	1.422E-20	79
1tm4_2	1y33_2	0.671	64	1.000	1.000	1.954E-20	79
1tm4_2	1y34_2	0.671	64	1.000	1.000	1.954E-20	79
1tm4_2	3rdz_2	0.380	63	0.839	0.940	1.226E-04	34
1vet_2	1vet_2	1.000	67	1.000	1.000	5.463E-41	138
1x1x_2	1x1x_2	1.000	88	1.000	1.000	1.490E-54	178
1x1x_2	1x1w_2	0.977	88	1.000	0.989	4.834E-53	174
1x1x_2	3da7_1	0.954	88	1.000	0.989	1.047E-50	167
1x1x_2	1ay7_2	0.954	88	1.000	0.978	1.047E-50	167
1x1x_2	1x1y_2	0.965	88	1.000	0.978	1.047E-50	167
1x1x_2	1b3s_2	0.943	89	1.000	0.989	1.047E-50	167
1x1x_2	1b2s_2	0.943	89	1.000	0.989	1.437E-50	167
1x1x_2	1b2u_2	0.943	89	1.000	0.989	3.711E-50	166
1x1x_2	2za4_2	0.738	87	0.864	1.000	2.013E-32	115
1x1x_2	1brs_2	0.419	81	0.920	0.807	2.021E-09	49
1y4a_2	1y4a_2	1.000	63	1.000	1.000	4.357E-37	126
1y4a_2	1tm3_2	0.952	63	1.000	0.969	4.649E-34	118
1y4a_2	1tm7_2	0.952	63	1.000	0.969	1.652E-33	116
1y4a_2	1lw6_2	0.936	63	1.000	0.984	3.115E-33	115
1y4a_2	1y3c_2	0.920	63	1.000	0.953	1.019E-31	111
1y4a_2	1y3d_2	0.920	63	1.000	0.953	1.019E-31	111
1y4a_2	1y48_2	0.920	63	1.000	0.953	1.019E-31	111
1y4a_2	1to1_2	0.920	63	1.000	0.953	2.638E-31	110
1y4a_2	2sni_2	0.888	63	1.000	0.953	4.975E-31	109
1y4a_2	1acb_2	0.360	60	0.952	0.937	1.358E-05	36
3knb_1	3knb_1	1.000	88	1.000	1.000	2.666E-57	186
3knb_1	4c4k_2	0.896	97	0.989	1.000	9.941E-54	176
2rr3_1	2rr3_1	1.000	128	1.000	1.000	6.449E-87	274
2vay_1	2vay_1	1.000	146	1.000	1.000	1.779E-91	288
2vay_1	4lzx_1	0.993	146	1.000	1.000	2.779E-89	282
2vay_1	6mba_2	0.993	145	0.986	1.000	1.347E-88	280
2vay_1	4m1l_1	0.993	145	0.986	1.000	1.347E-88	280
2vay_1	6mud_1	0.972	147	0.979	1.000	1.684E-87	276
2vay_1	5tp6_1	0.966	148	0.993	1.000	8.164E-87	274
2vay_1	6mc9_2	0.965	145	0.993	0.993	1.919E-85	271
2vay_1	1vrk_1	0.905	148	0.986	1.000	2.186E-83	265
2wel_1	2wel_1	1.000	302	1.000	1.000	5.105E-207	630
2wel_1	5g15_1	0.307	265	0.877	0.962	8.327E-35	132
2x2d_1	2x2d_1	1.000	164	1.000	1.000	1.016E-113	353
2x2d_1	2xgy_2	0.751	145	0.884	0.873	1.411E-76	246
2x2d_1	1ak4_1	0.733	145	0.884	0.865	4.133E-74	239
2z58_1	2z58_1	1.000	277	1.000	1.000	2.433E-182	557
2z58_1	3vv2_1	0.992	279	1.000	0.872	1.069E-180	553
2z58_1	2sic_1	0.446	256	0.924	0.818	3.546E-54	187
2z58_1	2sni_1	0.446	256	0.924	0.818	3.546E-54	187
2z58_1	1y4a_1	0.446	256	0.924	0.818	3.546E-54	187
2z58_1	4gi3_1	0.445	254	0.917	0.803	1.692E-53	185
2z58_1	1r0r_1	0.445	254	0.917	0.803	3.161E-53	184
6ivu_1	6ivu_1	1.000	52	1.000	1.000	2.401E-29	104
6kbm_1	6kbm_1	1.000	501	1.000	1.000	1.482E-323	978
6kbm_1	6kbn_1	0.907	485	0.878	0.962	5.505E-275	838
6ne4_1	6ne4_1	1.000	177	1.000	1.000	2.363E-112	350
6ne4_1	4k5a_2	0.503	155	0.876	0.888	7.959E-42	147
6ne4_1	5ma6_2	0.477	155	0.876	0.893	8.064E-39	138
6ne4_1	6fp7_2	0.474	158	0.893	0.883	8.064E-39	138
6ne4_1	3zu7_2	0.470	155	0.876	0.903	2.071E-38	137
6qb3_1	6qb3_1	1.000	142	1.000	1.000	4.151E-92	289
6qb3_1	2xa0_1	0.317	121	0.838	0.883	1.636E-10	54
2wh6_1	2wh6_1	1.000	157	1.000	1.000	1.068E-107	335
2xdf_1	2xdf_1	1.000	572	1.000	1.000	0.000E+00	1099
2zvk_1	2zvk_1	1.000	247	1.000	1.000	1.533E-159	490
3c59_1	3c59_1	1.000	103	1.000	1.000	1.090E-74	237
3c59_1	3c5t_1	0.990	104	1.000	1.000	3.524E-73	233
3c59_1	3iol_1	1.000	100	0.971	1.000	4.834E-73	232
3c59_1	4zgm_1	0.980	100	0.951	1.000	2.688E-70	224
3c59_1	5otx_1	0.980	100	0.951	1.000	2.688E-70	224
3di3_1	3di3_1	1.000	83	1.000	1.000	2.517E-52	171
4cj0_2	4cj0_2	1.000	46	1.000	1.000	1.617E-28	101
4doq_2	4doq_2	1.000	47	1.000	1.000	6.652E-33	113
4doq_2	2z7f_2	0.979	48	1.000	0.960	2.178E-31	109
4doq_2	1fle_2	0.487	41	0.872	0.872	1.148E-10	50
4f48_2	4f48_2	1.000	97	1.000	1.000	1.118E-60	196
4h2s_2	4h2s_2	1.000	58	1.000	1.000	1.280E-33	116
4i9x_2	4i9x_2	1.000	91	1.000	1.000	5.031E-66	211
3dxd_1	3dxc_1	1.000	123	1.000	1.000	1.942E-80	255
3dxd_1	3dxd_1	1.000	123	1.000	1.000	1.942E-80	255
3fju_1	3fju_1	1.000	307	1.000	1.000	1.963E-211	643
3fju_1	4bd9_1	0.597	303	0.984	0.997	3.009E-128	403
3gty_1	3gty_1	1.000	412	1.000	1.000	9.966E-252	766
3k75_1	3k75_1	1.000	149	1.000	1.000	8.420E-96	301
3lms_1	3lms_1	1.000	309	1.000	1.000	8.982E-216	656
3lms_1	1zli_1	0.485	309	1.000	0.997	7.679E-96	310
3lms_1	5mrv_1	0.465	301	0.974	0.971	4.109E-90	293
3fp6_1	3fp6_1	1.000	222	1.000	1.000	4.830E-157	481
3fp6_1	1ldt_1	0.807	223	1.000	1.000	3.158E-126	392
3fp6_1	1eja_1	0.807	223	1.000	1.000	3.158E-126	392
3fp6_1	3p92_1	0.771	223	1.000	1.000	2.955E-122	381
3fp6_1	3p95_1	0.771	223	1.000	1.000	2.955E-122	381
3fp6_1	3l33_1	0.771	223	1.000	1.000	2.955E-122	381
3fp6_1	6gfi_1	0.771	223	1.000	1.000	2.955E-122	381
3fp6_1	2ra3_1	0.785	224	1.000	1.000	4.051E-122	381
3fp6_1	6har_1	0.767	224	1.000	1.000	9.481E-121	377
3fp6_1	2r9p_1	0.767	224	1.000	1.000	9.481E-121	377
3fp6_1	5c67_1	0.766	222	1.000	1.000	4.587E-120	375
3fp6_1	1d6r_1	0.739	223	1.000	1.000	1.337E-117	368
3fp6_1	1smf_1	0.739	223	1.000	1.000	1.337E-117	368
3fp6_1	2uuy_1	0.739	223	1.000	1.000	1.337E-117	368
3fp6_1	2xtt_2	0.739	223	1.000	1.000	1.337E-117	368
3fp6_1	6dwh_1	0.739	223	1.000	1.000	1.337E-117	368
3fp6_1	4u32_2	0.741	224	0.977	1.000	8.057E-116	362
3fp6_1	4u30_1	0.744	223	0.973	1.000	1.104E-115	362
3fp6_1	1c9t_1	0.713	223	0.973	1.000	4.991E-111	349
3fp6_1	4aoq_1	0.713	223	0.973	1.000	4.991E-111	349
3fp6_1	1ppe_1	0.713	223	0.973	1.000	4.991E-111	349
3fp6_1	2ptc_1	0.713	223	0.973	1.000	4.991E-111	349
3fp6_1	2tgp_1	0.713	223	0.973	1.000	4.991E-111	349
3fp6_1	1g9i_1	0.713	223	0.973	1.000	4.991E-111	349
3fp6_1	2g81_1	0.713	223	0.973	1.000	4.991E-111	349
3fp6_1	6dwf_1	0.713	223	0.973	1.000	4.991E-111	349
3fp6_1	4j2y_2	0.713	223	0.973	1.000	4.991E-111	349
3fp6_1	2ftm_1	0.708	223	0.973	1.000	2.414E-110	347
3fp6_1	6kbr_1	0.389	187	0.842	0.984	1.022E-36	134
3fp6_1	4ag2_1	0.349	213	0.946	0.955	2.096E-29	113
3fp6_1	4afq_1	0.340	216	0.932	0.977	7.666E-27	105
3gxu_1	3gxu_1	1.000	171	1.000	1.000	9.774E-110	342
3k8p_1	3k8p_1	1.000	289	1.000	1.000	1.179E-185	568
3m18_1	3m18_1	1.000	245	1.000	1.000	8.731E-165	505
3m18_1	1sq0_2	0.371	225	0.918	0.880	2.393E-27	108
3o40_1	3o40_1	1.000	198	1.000	1.000	2.395E-125	389
3o40_1	3o43_1	0.989	198	0.995	1.000	6.369E-122	379
5vkl_2	5vkl_2	1.000	18	1.000	1.000	1.221E-07	39
5wuj_2	5wuj_2	1.000	105	1.000	1.000	1.578E-63	205
5y1z_2	5y1z_2	1.000	299	1.000	1.000	3.609E-218	662
6aw2_2	6aw2_2	1.000	349	1.000	1.000	5.567E-221	673
6dwh_2	6dwh_2	1.000	106	1.000	1.000	1.007E-68	220
6dwh_2	6dwf_2	0.981	106	0.991	1.000	1.446E-65	211
5oyl_1	5oyl_1	1.000	409	1.000	1.000	1.291E-294	889
5oyl_1	5oy9_1	0.997	409	1.000	0.998	1.997E-292	883
5u4y_1	5u4y_1	1.000	209	1.000	1.000	3.670E-144	443
5u4y_1	5u52_1	0.995	208	0.995	0.990	1.470E-141	436
5u4y_1	3zo0_1	0.647	207	0.976	0.995	6.276E-90	287
5vko_1	5vko_1	1.000	201	1.000	1.000	5.695E-136	419
5wy2_1	5wy2_1	1.000	149	1.000	1.000	2.977E-95	299
5yi8_1	5yi8_1	1.000	133	1.000	1.000	1.302E-91	287
6i3f_1	6i3f_1	1.000	414	1.000	1.000	4.508E-272	824
6dgf_1	6dgf_1	1.000	320	1.000	1.000	4.465E-223	677
6fbx_1	6fbx_1	1.000	148	1.000	1.000	5.638E-99	310
6fbx_1	3kj1_1	0.321	136	0.885	0.895	1.417E-15	69
6fbx_1	5c3f_1	0.307	149	0.993	0.987	6.758E-15	67
6fbx_1	3kj2_1	0.307	149	0.993	0.987	1.262E-14	66
6fbx_1	2kbw_1	0.312	140	0.885	0.875	8.204E-14	64
6fbx_1	4bpk_1	0.316	133	0.899	0.906	6.412E-12	59
6fbx_1	2yq7_1	0.316	133	0.899	0.893	8.750E-12	58
6fbx_1	5vx3_1	0.316	133	0.899	0.893	8.750E-12	58
6fbx_1	3r85_1	0.301	133	0.899	0.878	4.133E-11	56
6gho_1	6gho_1	1.000	117	1.000	1.000	1.976E-73	234
6ib8_1	6ib8_1	1.000	259	1.000	1.000	1.757E-171	525
6j56_1	6j56_1	1.000	114	1.000	1.000	2.691E-78	248
2vlq_1	2vlq_1	1.000	84	1.000	1.000	4.330E-54	177
2vlq_1	1emv_1	0.950	80	0.952	1.000	6.051E-47	156
2vlq_1	2vln_1	0.937	80	0.893	1.000	1.044E-45	153
2vlq_1	2vlo_1	0.822	90	0.881	1.000	1.653E-43	146
2vlq_1	3u43_1	0.554	92	0.893	1.000	1.497E-27	100
2wp3_1	2wp3_1	1.000	99	1.000	1.000	1.930E-65	210
2wp3_1	2wwk_2	0.989	97	0.970	1.000	5.223E-62	200
2wp3_1	4c4k_1	0.313	83	0.838	0.872	1.318E-10	53
2xqr_1	2xqr_1	1.000	537	1.000	1.000	0.000E+00	1150
3au4_1	3au4_1	1.000	515	1.000	1.000	0.000E+00	1065
5f5s_2	5f5s_2	1.000	53	1.000	1.000	7.063E-26	94
6fub_1	6fub_1	1.000	93	1.000	1.000	3.533E-68	218
6fub_1	6fud_2	0.849	93	1.000	1.000	3.589E-54	177
6h47_1	6h47_1	1.000	158	1.000	1.000	3.742E-103	322
6isc_1	6isc_1	1.000	219	1.000	1.000	6.295E-148	455
6jwj_1	6jwj_1	1.000	466	1.000	1.000	4.832E-319	963
6ndz_1	6ndz_1	1.000	120	1.000	1.000	3.822E-89	280
6ndz_1	5un5_1	0.983	119	0.975	1.000	4.985E-85	268
6ndz_1	6ne2_2	0.520	119	0.983	1.000	8.006E-45	152
6ndz_1	6ne4_2	0.520	119	0.983	1.000	8.006E-45	152
6ndz_1	6ne1_1	0.377	114	0.950	0.965	3.711E-26	98
2m5a_1	1h0t_1	1.000	58	1.000	1.000	1.178E-32	113
2m5a_1	2m5a_1	1.000	58	1.000	1.000	1.178E-32	113
2m5a_1	1lp1_1	0.929	57	0.983	0.981	2.781E-27	98
2m5a_1	5djt_2	0.793	58	1.000	1.000	4.478E-21	80
2m5a_1	2b87_1	0.814	54	0.931	0.914	2.195E-20	78
2m5a_1	3mzw_2	0.672	58	1.000	0.943	8.579E-17	68
2m5a_1	1lp1_2	0.689	58	1.000	0.945	3.918E-15	63
2m5a_1	5dju_1	0.701	57	0.983	1.000	7.409E-15	63
2n2h_1	2n2h_1	1.000	27	1.000	1.000	3.163E-13	56
2ot3_1	2ot3_1	1.000	249	1.000	1.000	7.476E-168	514
2pon_1	2pon_1	1.000	23	1.000	1.000	4.118E-11	49
2pon_1	3dvu_2	0.909	22	0.957	1.000	2.302E-07	39
3aon_1	3aon_1	1.000	179	1.000	1.000	6.926E-109	340
1y4d_1	1y4d_1	1.000	274	1.000	1.000	1.520E-172	529
1y4d_1	1lw6_1	0.960	281	0.985	1.000	7.756E-166	510
1zgu_1	1zgu_1	1.000	139	1.000	1.000	5.402E-93	292
2b12_1	2b12_1	1.000	292	1.000	1.000	3.601E-205	624
2b12_1	2pcb_1	0.989	294	1.000	1.000	2.453E-201	613
2b12_1	2jti_1	0.942	289	0.990	1.000	2.482E-188	576
2efd_1	2efd_1	1.000	246	1.000	1.000	7.785E-160	491
2efd_1	2efh_1	0.995	246	1.000	1.000	3.766E-159	489
2gh0_1	2gh0_1	1.000	100	1.000	1.000	4.567E-67	215
2gh0_1	5mr4_1	0.479	97	0.970	0.969	5.305E-22	85
2gh0_1	5mr5_1	0.484	96	0.960	0.959	7.281E-22	85
2gh0_1	5vz4_1	0.302	102	0.990	0.944	3.327E-03	31
5omn_2	5omn_2	1.000	111	1.000	1.000	3.806E-73	233
5omn_2	4eig_2	0.721	115	1.000	1.000	2.665E-48	162
5omn_2	6h16_2	0.720	118	1.000	1.000	3.656E-48	161
5omn_2	6her_2	0.704	123	1.000	1.000	8.631E-47	157
5omn_2	5imk_1	0.699	123	0.991	1.000	1.184E-46	157
5omn_2	5imm_1	0.693	124	0.991	1.000	1.624E-46	156
5omn_2	2p49_2	0.694	121	1.000	1.000	3.057E-46	156
5omn_2	4wen_2	0.675	120	1.000	1.000	7.894E-46	154
5omn_2	1op9_2	0.661	118	0.991	1.000	3.836E-45	153
5omn_2	3qsk_2	0.691	120	1.000	1.000	1.359E-44	151
5omn_2	5u4m_2	0.702	111	0.892	0.881	9.059E-44	149
5omn_2	1g6v_2	0.650	125	1.000	1.000	2.339E-43	147
5omn_2	6fuz_2	0.687	112	0.991	1.000	6.040E-43	146
5omn_2	4i0c_2	0.632	126	0.991	1.000	1.560E-42	145
5omn_2	2p4a_2	0.666	120	1.000	1.000	4.027E-42	144
5omn_2	4w6x_2	0.620	124	1.000	1.000	4.027E-42	144
5omn_2	5m2j_2	0.695	115	1.000	1.000	1.040E-41	143
5omn_2	4ksd_2	0.651	111	1.000	0.814	1.040E-41	143
5omn_2	5jds_1	0.651	111	1.000	0.835	5.054E-41	141
5omn_2	5lhn_2	0.592	135	1.000	1.000	6.934E-41	140
5omn_2	3zkq_2	0.684	110	0.991	0.841	9.513E-41	140
5omn_2	4w6w_2	0.629	124	0.991	1.000	1.305E-40	139
5omn_2	4hep_2	0.620	129	0.991	1.000	6.343E-40	138
5omn_2	4wem_2	0.591	120	1.000	1.000	3.083E-39	136
5omn_2	4w6y_2	0.643	111	1.000	0.973	7.962E-39	134
5omn_2	6j7w_1	0.661	116	1.000	1.000	5.309E-38	132
5omn_2	4x7e_2	0.693	97	0.820	0.815	2.581E-37	130
5omn_2	5l21_2	0.590	119	1.000	1.000	1.721E-36	128
5omn_2	4z9k_2	0.627	110	0.991	0.906	2.361E-36	127
5omn_2	6cwg_2	0.598	109	0.982	0.811	2.361E-36	127
5omn_2	5o2u_2	0.618	110	0.991	0.817	1.148E-35	125
5omn_2	5ip4_1	0.609	110	0.991	0.853	2.161E-35	124
5omn_2	1zvh_2	0.607	102	0.820	0.836	2.965E-35	124
5omn_2	6jb2_1	0.552	125	0.991	0.992	2.965E-35	124
5omn_2	6fv0_2	0.612	110	0.991	0.841	4.067E-35	124
5omn_2	4pou_2	0.628	105	0.820	0.875	5.580E-35	123
5omn_2	3eba_1	0.561	111	1.000	0.932	7.656E-35	123
5omn_2	1ri8_2	0.618	110	0.991	0.839	1.050E-34	123
5omn_2	4x7f_2	0.581	110	0.991	0.841	2.389E-29	107
5omn_2	4f9p_2	0.346	100	0.901	0.883	6.588E-09	48
5omn_2	2ij0_2	0.320	97	0.802	0.822	8.922E-06	39
5tzq_2	5tzq_2	1.000	22	1.000	1.000	1.010E-10	48
5tzq_2	2vog_2	0.863	22	1.000	0.909	2.980E-07	38
5tzq_2	2voh_2	0.300	20	0.909	0.833	1.379E+03	12
5tzq_2	1xr0_1	0.315	19	0.864	0.857	2.841E+03	11
5v69_2	5v69_2	1.000	65	1.000	1.000	5.714E-39	132
5v69_2	2k8b_1	0.843	64	0.985	0.803	6.409E-29	103
5v69_2	4msm_2	0.843	64	0.985	0.803	6.409E-29	103
5v69_2	2k8c_1	0.843	64	0.985	0.803	6.409E-29	103
5v69_2	2kwu_2	0.843	64	0.985	0.803	6.409E-29	103
5v69_2	2kwv_2	0.843	64	0.985	0.803	6.409E-29	103
5v69_2	2mbb_2	0.843	64	0.985	0.803	6.409E-29	103
5v69_2	4pqt_2	0.843	64	0.985	0.803	6.409E-29	103
5v69_2	5vzm_1	0.843	64	0.985	0.803	6.409E-29	103
5v69_2	2fuh_2	0.843	64	0.985	0.803	6.409E-29	103
5v69_2	2mcn_2	0.843	64	0.985	0.803	6.409E-29	103
5v69_2	2jy6_1	0.843	64	0.985	0.803	6.409E-29	103
5v69_2	1wrd_2	0.843	64	0.985	0.803	6.409E-29	103
5v69_2	1yx5_2	0.843	64	0.985	0.803	6.409E-29	103
5v69_2	2l0f_1	0.843	64	0.985	0.803	6.409E-29	103
5v69_2	1yx6_2	0.843	64	0.985	0.803	6.409E-29	103
5v69_2	2den_2	0.843	64	0.985	0.803	6.409E-29	103
5v69_2	2l0t_1	0.843	64	0.985	0.803	6.409E-29	103
5v69_2	2mj5_1	0.843	64	0.985	0.803	6.409E-29	103
5v69_2	4k1r_2	0.843	64	0.985	0.803	6.409E-29	103
5v69_2	2lvo_1	0.843	64	0.985	0.803	6.409E-29	103
5v69_2	1q5w_2	0.843	64	0.985	0.803	6.409E-29	103
5v69_2	2g45_2	0.843	64	0.985	0.803	6.409E-29	103
5v69_2	4m0w_2	0.843	64	0.985	0.803	6.409E-29	103
5v69_2	2mre_1	0.843	64	0.985	0.803	6.409E-29	103
5v69_2	1zgu_2	0.843	64	0.985	0.803	6.409E-29	103
5v69_2	2mro_1	0.843	64	0.985	0.803	6.409E-29	103
5v69_2	2ktf_1	0.843	64	0.985	0.803	6.409E-29	103
5v69_2	2lz6_1	0.843	64	0.985	0.803	6.409E-29	103
5v69_2	2jt4_2	0.796	64	0.985	0.803	5.444E-27	98
5v69_2	1wr1_1	0.796	64	0.985	0.803	5.444E-27	98
5v69_2	1q0w_2	0.796	64	0.985	0.803	5.444E-27	98
5v69_2	1otr_2	0.796	64	0.985	0.803	5.444E-27	98
5v69_2	5v6a_2	0.830	59	0.908	0.982	8.737E-25	91
5wpa_2	5wpa_2	1.000	255	1.000	1.000	1.540E-165	508
5wpa_2	5wpa_1	0.555	223	0.827	0.996	4.102E-72	238
2omw_1	2omw_1	1.000	451	1.000	1.000	3.470E-284	861
2omw_1	2omt_1	0.991	452	1.000	1.000	2.347E-280	850
2omw_1	2omu_1	0.991	452	0.998	0.978	5.475E-279	846
2j12_2	2j12_2	1.000	116	1.000	1.000	4.652E-76	242
2j12_2	2j1k_1	0.950	119	1.000	0.983	2.053E-67	217
2j12_2	1p6a_2	0.910	123	0.974	0.992	1.249E-65	212
2j12_2	1p69_2	0.894	121	0.974	0.992	1.305E-62	203
2j12_2	1kac_2	0.894	121	0.974	0.992	1.305E-62	203
2k79_2	2k7a_2	1.000	108	1.000	1.000	4.117E-72	230
2k79_2	2k79_2	1.000	108	1.000	1.000	4.117E-72	230
2k79_2	5dc4_1	0.326	103	0.954	0.990	1.084E-11	56
2ktf_2	2ktf_2	1.000	29	1.000	1.000	3.204E-16	64
2ktf_2	5otx_2	0.307	26	0.897	0.808	1.398E+03	12
2l9s_2	2l9s_2	1.000	93	1.000	1.000	1.445E-58	190
2lz6_2	2lz6_2	1.000	60	1.000	1.000	2.558E-40	136
2lz6_2	1wa7_1	0.381	53	0.817	0.883	5.088E-08	43
2lz6_2	4afz_2	0.314	54	0.817	0.885	1.629E-05	36
1r8u_2	1r8u_2	1.000	100	1.000	1.000	1.029E-68	220
1r8u_2	2ka4_1	1.000	100	1.000	1.000	1.029E-68	220
1r8u_2	2lww_1	1.000	100	1.000	1.000	1.029E-68	220
1r8u_2	1l8c_1	0.930	100	1.000	0.979	1.416E-61	199
1r8u_2	2mzd_1	0.323	93	0.930	0.922	2.210E-05	38
1r8u_2	2k8f_1	0.323	93	0.930	0.922	2.210E-05	38
1r8u_2	2ka6_1	0.316	94	0.940	0.837	3.726E-04	34
1t44_2	1t44_2	1.000	358	1.000	1.000	8.656E-244	739
1t44_2	4b1y_1	0.975	364	0.997	1.000	4.398E-237	720
1t44_2	3u8x_1	0.977	354	0.989	0.992	2.459E-231	704
1t44_2	3u9d_1	0.977	354	0.989	0.992	2.459E-231	704
1t44_2	3sjh_1	0.977	354	0.989	0.992	2.459E-231	704
1t44_2	4b1x_1	0.952	357	0.997	0.955	1.003E-225	687
1t44_2	3u9z_1	0.946	354	0.989	0.944	4.964E-222	677
1t44_2	2v51_1	0.918	354	0.989	0.997	8.458E-221	673
1t44_2	1h1v_1	0.928	358	1.000	0.994	3.797E-216	660
1t44_2	2v52_1	0.900	357	0.997	0.950	3.525E-212	648
1t44_2	4b1v_1	0.895	357	0.997	0.952	4.382E-211	645
1t44_2	2btf_1	0.751	358	1.000	0.954	1.215E-185	572
1tzn_2	1tzn_2	1.000	181	1.000	1.000	5.706E-116	361
1vyt_2	1vyt_2	1.000	25	1.000	1.000	2.625E-12	53
3dxe_1	3dxe_1	1.000	123	1.000	1.000	3.652E-80	254
4eee_2	4eee_2	1.000	147	1.000	1.000	2.808E-92	290
4g01_2	4g01_2	1.000	165	1.000	1.000	3.353E-105	329
4g01_2	4ojk_1	0.432	162	0.970	0.947	3.531E-42	147
4g01_2	4c4p_1	0.419	162	0.952	0.970	3.608E-39	138
4g01_2	3tkl_1	0.419	167	0.982	0.977	8.408E-38	134
4g01_2	3jza_1	0.378	148	0.806	1.000	5.155E-27	103
4g01_2	2kwi_1	0.333	164	0.994	0.921	8.683E-26	100
4g01_2	4qxa_1	0.362	148	0.897	0.974	1.998E-24	96
4g01_2	6ba6_2	0.345	164	0.994	0.970	9.573E-24	94
4g01_2	4dxa_1	0.349	164	0.994	0.976	9.573E-24	94
4g01_2	4ol0_1	0.353	164	0.994	0.913	9.573E-24	94
4g01_2	6h46_1	0.339	164	0.994	0.970	1.791E-23	93
4g01_2	3ddc_1	0.339	164	0.994	0.970	1.791E-23	93
4g01_2	3kud_1	0.333	164	0.994	0.976	4.585E-23	92
4g01_2	1wq1_1	0.333	164	0.994	0.970	4.585E-23	92
4g01_2	5e95_2	0.333	164	0.994	0.970	4.585E-23	92
4g01_2	1gua_1	0.327	164	0.994	0.970	5.013E-21	86
4g01_2	3kuc_1	0.327	164	0.994	0.970	5.013E-21	86
4g01_2	5fr2_1	0.335	169	0.988	0.904	6.854E-21	85
4g01_2	5szh_2	0.342	143	0.855	1.000	9.370E-21	85
4g01_2	1ibr_1	0.358	148	0.897	0.972	1.281E-20	85
4g01_2	2a78_1	0.337	145	0.879	0.958	3.271E-20	83
4g01_2	2a9k_1	0.337	145	0.879	0.958	3.271E-20	83
4g01_2	4d0g_1	0.333	144	0.873	0.973	4.471E-20	83
4g01_2	5o2t_1	0.328	145	0.879	0.993	3.536E-18	78
4g01_2	5ufe_1	0.315	151	0.915	0.943	3.134E-17	75
4hcp_2	4hcp_2	1.000	73	1.000	1.000	6.394E-43	144
4hcp_2	2k8b_1	0.500	76	0.945	1.000	1.104E-18	74
4hcp_2	4msm_2	0.500	76	0.945	1.000	1.104E-18	74
4hcp_2	2k8c_1	0.500	76	0.945	1.000	1.104E-18	74
4hcp_2	2kwu_2	0.500	76	0.945	1.000	1.104E-18	74
4hcp_2	2kwv_2	0.500	76	0.945	1.000	1.104E-18	74
4hcp_2	2mbb_2	0.500	76	0.945	1.000	1.104E-18	74
4hcp_2	4pqt_2	0.500	76	0.945	1.000	1.104E-18	74
4hcp_2	5vzm_1	0.500	76	0.945	1.000	1.104E-18	74
4hcp_2	2fuh_2	0.500	76	0.945	1.000	1.104E-18	74
4hcp_2	2mcn_2	0.500	76	0.945	1.000	1.104E-18	74
4hcp_2	2jy6_1	0.500	76	0.945	1.000	1.104E-18	74
4hcp_2	1wrd_2	0.500	76	0.945	1.000	1.104E-18	74
4hcp_2	1yx5_2	0.500	76	0.945	1.000	1.104E-18	74
4hcp_2	2l0f_1	0.500	76	0.945	1.000	1.104E-18	74
4hcp_2	1yx6_2	0.500	76	0.945	1.000	1.104E-18	74
4hcp_2	2den_2	0.500	76	0.945	1.000	1.104E-18	74
4hcp_2	2l0t_1	0.500	76	0.945	1.000	1.104E-18	74
4hcp_2	2mj5_1	0.500	76	0.945	1.000	1.104E-18	74
4hcp_2	4k1r_2	0.500	76	0.945	1.000	1.104E-18	74
4hcp_2	2lvo_1	0.500	76	0.945	1.000	1.104E-18	74
4hcp_2	1q5w_2	0.500	76	0.945	1.000	1.104E-18	74
4hcp_2	2g45_2	0.500	76	0.945	1.000	1.104E-18	74
4hcp_2	4m0w_2	0.500	76	0.945	1.000	1.104E-18	74
4hcp_2	2mre_1	0.500	76	0.945	1.000	1.104E-18	74
4hcp_2	2mro_1	0.500	76	0.945	1.000	1.104E-18	74
4hcp_2	2ktf_1	0.500	76	0.945	1.000	1.104E-18	74
4hcp_2	2lz6_1	0.500	76	0.945	1.000	1.104E-18	74
4hcp_2	1zgu_2	0.486	76	0.945	1.000	2.865E-18	73
4hcp_2	6d4p_2	0.444	72	0.986	1.000	1.929E-17	71
4hcp_2	2jt4_2	0.473	76	0.945	1.000	2.651E-17	70
4hcp_2	1wr1_1	0.473	76	0.945	1.000	2.651E-17	70
4hcp_2	1q0w_2	0.473	76	0.945	1.000	2.651E-17	70
4hcp_2	1otr_2	0.473	76	0.945	1.000	2.651E-17	70
4hcp_2	2c7m_2	0.449	69	0.945	1.000	1.534E-14	63
4hcp_2	1p9d_1	0.347	72	0.973	0.923	1.271E-07	43
4j2y_2	1c9t_1	1.000	223	1.000	1.000	4.897E-150	461
4j2y_2	4aoq_1	1.000	223	1.000	1.000	4.897E-150	461
4j2y_2	1ppe_1	1.000	223	1.000	1.000	4.897E-150	461
4j2y_2	2ptc_1	1.000	223	1.000	1.000	4.897E-150	461
4j2y_2	2tgp_1	1.000	223	1.000	1.000	4.897E-150	461
4j2y_2	1g9i_1	1.000	223	1.000	1.000	4.897E-150	461
4j2y_2	2g81_1	1.000	223	1.000	1.000	4.897E-150	461
4j2y_2	6dwf_1	1.000	223	1.000	1.000	4.897E-150	461
4j2y_2	4j2y_2	1.000	223	1.000	1.000	4.897E-150	461
4j2y_2	2ftm_1	0.995	223	1.000	1.000	2.370E-149	459
4j2y_2	1d6r_1	0.973	223	1.000	0.973	1.340E-143	443
4j2y_2	1smf_1	0.973	223	1.000	0.973	1.340E-143	443
4j2y_2	2uuy_1	0.973	223	1.000	0.973	1.340E-143	443
4j2y_2	2xtt_2	0.973	223	1.000	0.973	1.340E-143	443
4j2y_2	6dwh_1	0.973	223	1.000	0.973	1.340E-143	443
4j2y_2	1ldt_1	0.793	223	1.000	0.973	7.246E-121	377
4j2y_2	1eja_1	0.793	223	1.000	0.973	7.246E-121	377
4j2y_2	2ra3_1	0.721	223	1.000	0.969	1.110E-108	342
4j2y_2	3fp6_1	0.713	223	1.000	0.973	9.163E-107	336
4j2y_2	3p92_1	0.695	223	1.000	0.973	5.010E-104	329
4j2y_2	3p95_1	0.695	223	1.000	0.973	5.010E-104	329
4j2y_2	3l33_1	0.695	223	1.000	0.973	5.010E-104	329
4j2y_2	6gfi_1	0.695	223	1.000	0.973	5.010E-104	329
4j2y_2	6har_1	0.695	223	1.000	0.969	5.010E-104	329
4j2y_2	2r9p_1	0.695	223	1.000	0.969	5.010E-104	329
4j2y_2	5c67_1	0.690	223	1.000	0.973	7.762E-102	322
4j2y_2	4u30_1	0.676	223	1.000	1.000	7.762E-102	322
4j2y_2	4u32_2	0.676	223	1.000	0.996	7.762E-102	322
4j2y_2	6kbr_1	0.397	189	0.848	0.989	6.898E-36	132
4j2y_2	4ag2_1	0.334	205	0.919	0.910	2.733E-26	104
4j2y_2	4afq_1	0.326	209	0.919	0.946	3.872E-24	97
4kdi_2	4kdi_2	1.000	57	1.000	1.000	1.322E-34	119
1y6m_2	1y6m_2	1.000	204	1.000	1.000	3.722E-140	432
1y6m_2	1j7v_2	1.000	204	1.000	0.995	3.722E-140	432
1y6m_2	1y6n_2	0.941	204	1.000	0.985	2.045E-127	395
1zjd_2	1zjd_2	1.000	57	1.000	1.000	2.192E-40	136
1zjd_2	6har_2	0.944	54	0.947	1.000	2.946E-36	124
1zjd_2	5c67_2	0.943	53	0.930	1.000	2.709E-35	121
1zjd_2	6gfi_2	0.924	53	0.930	0.946	7.011E-35	120
1zjd_2	4u32_1	0.452	53	0.930	0.981	1.433E-15	64
1zjd_2	3p92_2	0.471	53	0.930	0.914	5.123E-15	63
1zjd_2	3p95_2	0.471	53	0.930	0.914	5.123E-15	63
1zjd_2	1f5r_2	0.452	53	0.930	0.930	7.046E-15	63
1zjd_2	2ftl_2	0.452	53	0.930	0.914	7.046E-15	63
1zjd_2	2ptc_2	0.452	53	0.930	0.914	7.046E-15	63
1zjd_2	2tgp_2	0.452	53	0.930	0.914	7.046E-15	63
1zjd_2	3fp6_2	0.452	53	0.930	0.914	7.046E-15	63
1zjd_2	2r9p_2	0.452	53	0.930	0.914	7.046E-15	63
1zjd_2	1yc0_2	0.452	53	0.930	0.803	7.046E-15	63
1zjd_2	2ra3_2	0.470	51	0.895	0.911	1.333E-14	62
1zjd_2	1f7z_2	0.470	51	0.895	0.911	1.333E-14	62
1zjd_2	1fy8_2	0.470	51	0.895	0.911	1.333E-14	62
1zjd_2	1eaw_2	0.470	51	0.895	0.911	1.333E-14	62
1zjd_2	3tgk_2	0.470	51	0.895	0.911	1.333E-14	62
1zjd_2	2ftm_2	0.433	53	0.930	0.914	1.707E-13	59
1zjd_2	1zr0_2	0.470	51	0.895	0.810	2.348E-13	58
1zjd_2	6bx8_2	0.416	48	0.842	0.902	4.991E-10	49
2b7c_2	2b7c_2	1.000	90	1.000	1.000	9.547E-56	182
2f31_2	2f31_2	1.000	20	1.000	1.000	1.075E-08	42
2f31_2	2w84_2	0.411	17	0.850	0.850	5.754E+02	13
1ugh_1	1ugh_1	1.000	223	1.000	1.000	1.015E-160	492
1ugh_1	5ayr_1	0.991	224	0.996	1.000	1.435E-157	483
1ugh_1	3wdg_1	0.453	203	0.910	0.884	6.761E-56	190
2wel_2	2wel_2	1.000	97	1.000	1.000	2.886E-60	195
2wel_2	1mxe_1	0.958	97	1.000	0.979	2.020E-56	184
2wel_2	1k93_2	0.948	97	1.000	0.969	1.848E-55	181
2x2d_2	2x2d_2	1.000	135	1.000	1.000	2.461E-90	284
2z58_2	2z58_2	1.000	7	1.000	1.000	4.605E+00	16
3c4m_2	3c4m_2	1.000	20	1.000	1.000	1.694E-10	48
3da7_2	3da7_2	1.000	102	1.000	1.000	9.058E-70	223
6q69_2	6q69_2	1.000	43	1.000	1.000	5.300E-25	91
1avx_1	1avx_1	1.000	214	1.000	1.000	1.127E-149	460
1avx_1	1c9p_1	0.829	217	0.841	0.977	2.447E-114	358
1avx_1	1an1_1	0.829	217	0.841	0.977	2.447E-114	358
1avx_1	4doq_1	0.705	219	0.874	1.000	2.492E-101	320
1avx_1	3rdz_1	0.714	214	0.846	0.973	4.682E-101	319
1avx_1	2ftl_1	0.700	217	0.841	0.977	7.991E-100	316
1avx_1	3tgk_1	0.578	209	0.883	0.963	1.159E-80	261
1avx_1	1fy8_1	0.601	197	0.864	0.916	5.598E-80	259
1avx_1	1f7z_1	0.589	200	0.855	0.939	6.959E-79	256
1avx_1	1f5r_1	0.557	216	0.869	1.000	9.535E-79	255
1djs_1	1djs_1	1.000	192	1.000	1.000	1.486E-133	412
1ffw_1	1ffw_1	1.000	102	1.000	1.000	4.411E-62	201
3n4i_1	3n4i_1	1.000	265	1.000	1.000	8.225E-171	524
3n4i_1	3c4p_1	0.996	265	1.000	1.000	2.118E-170	522
3n4i_1	2g2u_1	0.996	265	1.000	1.000	2.118E-170	522
3n4i_1	2g2w_1	0.996	265	1.000	1.000	2.903E-170	522
3n4i_1	5npo_1	0.673	263	0.977	1.000	8.752E-113	356
3n4i_1	1jtd_1	0.675	262	0.977	1.000	1.643E-112	355
3n4i_1	3qhy_1	0.320	256	0.966	0.981	2.437E-34	129
5k22_1	5k22_1	1.000	156	1.000	1.000	1.201E-102	321
5lz3_1	5lz3_1	1.000	124	1.000	1.000	8.311E-85	267
5mtm_1	5mtm_1	1.000	102	1.000	1.000	1.557E-68	219
5mtm_1	5dc4_1	0.411	100	0.931	1.000	4.730E-16	68
5oaq_1	5oaq_1	1.000	204	1.000	1.000	3.386E-139	429
5tp6_1	5tp6_1	1.000	148	1.000	1.000	4.039E-92	290
5tp6_1	6mud_1	0.979	147	0.986	1.000	1.351E-87	277
5tp6_1	6mba_2	0.972	147	0.993	1.000	6.550E-87	275
5tp6_1	4m1l_1	0.972	147	0.993	1.000	6.550E-87	275
5tp6_1	2vay_1	0.966	148	1.000	0.993	8.982E-87	274
5tp6_1	4lzx_1	0.959	148	1.000	0.993	5.970E-86	272
5tp6_1	1vrk_1	0.912	148	0.993	1.000	1.754E-83	265
5tp6_1	6mc9_2	0.931	147	0.993	0.986	4.121E-82	261
3c66_1	3c66_1	1.000	527	1.000	1.000	0.000E+00	1081
3dvm_1	3dvm_1	1.000	86	1.000	1.000	6.008E-53	173
3dvm_1	1k93_2	0.318	87	0.849	0.906	1.962E-02	29
3dvm_1	1mxe_1	0.310	87	0.826	0.897	5.048E-02	27
3ff8_1	3ff8_1	1.000	100	1.000	1.000	5.234E-65	209
3ff8_1	2omu_2	0.970	100	1.000	0.980	1.943E-61	199
3ff8_1	2omx_2	0.951	82	0.820	0.976	2.162E-48	161
3ff8_1	2omw_2	0.853	82	0.810	1.000	4.512E-42	143
3gj8_1	3gj8_1	1.000	204	1.000	1.000	7.937E-138	425
3gj8_1	3gj6_1	0.995	203	0.990	1.000	5.977E-135	417
3gj8_1	3gj4_1	0.990	203	0.995	1.000	5.437E-134	414
3gj8_1	3gj3_1	0.990	202	0.985	1.000	1.401E-133	413
3gj8_1	3ch5_1	0.648	165	0.809	0.855	9.943E-71	231
1t01_1	1t01_1	1.000	254	1.000	1.000	6.644E-161	494
1t01_1	4dj9_1	0.762	248	0.976	0.817	9.522E-106	335
1tm7_1	1y1k_1	1.000	281	1.000	1.000	3.755E-178	546
1tm7_1	1y33_1	1.000	281	1.000	1.000	3.755E-178	546
1tm7_1	1y34_1	1.000	281	1.000	1.000	3.755E-178	546
1tm7_1	1y3b_1	1.000	281	1.000	1.000	3.755E-178	546
1tm7_1	1y3c_1	1.000	281	1.000	1.000	3.755E-178	546
1tm7_1	1tm1_1	1.000	281	1.000	1.000	3.755E-178	546
1tm7_1	1y3d_1	1.000	281	1.000	1.000	3.755E-178	546
1tm7_1	1tm3_1	1.000	281	1.000	1.000	3.755E-178	546
1tm7_1	1y48_1	1.000	281	1.000	1.000	3.755E-178	546
1tm7_1	1tm4_1	1.000	281	1.000	1.000	3.755E-178	546
1tm7_1	1tm5_1	1.000	281	1.000	1.000	3.755E-178	546
1tm7_1	1tm7_1	1.000	281	1.000	1.000	3.755E-178	546
1tm7_1	1to1_1	1.000	281	1.000	1.000	3.755E-178	546
1tm7_1	2sic_1	0.985	275	0.964	1.000	7.637E-169	519
1tm7_1	1y4a_1	0.985	275	0.964	1.000	7.637E-169	519
1tm7_1	2sni_1	0.981	275	0.964	1.000	1.966E-168	518
1tm7_1	1r0r_1	0.697	273	0.968	0.996	4.563E-112	355
1tm7_1	4gi3_1	0.693	273	0.968	0.996	8.564E-112	354
1tm7_1	3vv2_1	0.392	315	0.932	0.984	2.280E-49	173
1vg0_1	1vg0_1	1.000	481	1.000	1.000	0.000E+00	996
1xdt_1	1xdt_1	1.000	518	1.000	1.000	0.000E+00	1027
1y6k_1	1y6k_1	1.000	129	1.000	1.000	1.993E-84	267
1y6k_1	1j7v_1	0.992	130	1.000	0.867	6.431E-83	262
1y6k_1	1y6m_1	0.926	123	0.953	0.984	1.367E-73	235
4j32_1	4j32_1	1.000	157	1.000	1.000	6.845E-110	342
4kfz_1	4kfz_1	1.000	146	1.000	1.000	2.526E-105	328
4mi8_1	4mi8_1	1.000	136	1.000	1.000	2.484E-93	293
4pbw_1	4pbw_1	1.000	262	1.000	1.000	4.351E-179	547
4rs1_1	4rs1_1	1.000	262	1.000	1.000	5.632E-185	564
3e1z_2	3e1z_2	1.000	212	1.000	1.000	1.126E-150	462
3e1z_2	2nqd_2	0.407	214	0.976	0.968	2.095E-43	153
3e1z_2	2oul_1	0.375	215	0.967	0.960	2.786E-37	135
3fpu_2	3fpu_2	1.000	66	1.000	1.000	8.459E-43	143
3h2u_2	3h2u_2	1.000	280	1.000	1.000	3.000E-186	569
3kbt_2	3kbt_2	1.000	151	1.000	1.000	8.139E-98	306
3m63_2	3m63_2	1.000	72	1.000	1.000	1.484E-45	151
6jb8_1	6jb8_1	1.000	111	1.000	1.000	2.900E-70	225
6mud_1	6mud_1	1.000	147	1.000	1.000	7.239E-92	289
6mud_1	6mba_2	0.979	147	1.000	0.993	3.644E-88	278
6mud_1	4m1l_1	0.979	147	1.000	0.993	3.644E-88	278
6mud_1	5tp6_1	0.979	147	1.000	0.986	1.766E-87	276
6mud_1	2vay_1	0.972	147	1.000	0.979	2.422E-87	276
6mud_1	1vrk_1	0.931	147	1.000	0.993	4.554E-87	275
6mud_1	4lzx_1	0.965	147	1.000	0.979	1.174E-86	274
6mud_1	6mc9_2	0.938	147	1.000	0.979	1.672E-83	265
6p7s_1	6p7s_1	1.000	415	1.000	1.000	7.509E-293	884
6p7s_1	6p7y_1	1.000	415	1.000	0.965	7.509E-293	884
1a22_2	1a22_2	1.000	192	1.000	1.000	4.070E-137	422
1a22_2	1axi_2	0.481	191	0.995	1.000	5.635E-45	156
1bvn_2	1bvn_2	1.000	71	1.000	1.000	3.160E-47	156
6mm6_2	6mm6_2	1.000	201	1.000	1.000	8.061E-133	410
2f4m_1	2f4m_1	1.000	295	1.000	1.000	7.585E-208	632
2gww_1	2gww_1	1.000	258	1.000	1.000	1.612E-164	505
2gww_1	1rkc_1	1.000	258	1.000	1.000	1.612E-164	505
2gww_1	1rke_1	1.000	258	1.000	1.000	1.612E-164	505
2gww_1	1syq_1	0.972	257	0.996	1.000	3.290E-155	478
2gww_1	2hsq_1	0.924	224	0.802	0.885	2.501E-126	395
2j1k_1	2j1k_1	1.000	121	1.000	1.000	4.148E-79	251
2j1k_1	1p6a_2	0.943	123	0.959	0.992	6.780E-74	236
2j1k_1	1p69_2	0.926	121	0.959	0.992	7.074E-71	227
2j1k_1	1kac_2	0.926	121	0.959	0.992	7.074E-71	227
2j1k_1	2j12_2	0.950	119	0.983	1.000	6.741E-67	216
2k7a_1	2k7a_1	1.000	63	1.000	1.000	4.855E-42	141
2k7a_1	2k79_1	1.000	63	1.000	1.000	4.855E-42	141
2k7a_1	5zau_1	0.350	59	0.937	0.965	5.867E-08	43
2k7a_1	1avz_2	0.350	59	0.937	0.965	5.867E-08	43
2k7a_1	1efn_1	0.322	59	0.937	0.946	7.592E-07	40
2k7a_1	4afq_2	0.344	59	0.937	0.966	7.151E-06	37
2k7a_1	4ag2_2	0.327	57	0.905	0.948	3.554E-05	35
2kvq_1	2kvq_1	1.000	80	1.000	1.000	1.920E-47	157
5f4e_1	5f4e_1	1.000	211	1.000	1.000	8.884E-149	457
5h9b_1	5h9b_1	1.000	269	1.000	1.000	1.184E-185	567
5h9b_1	5hu3_1	0.992	266	0.981	1.000	4.862E-180	550
5h9b_1	3tac_1	0.400	269	1.000	0.831	3.760E-60	204
5j8h_1	5j8h_1	1.000	148	1.000	1.000	4.431E-93	293
5j8h_1	2m55_1	1.000	148	1.000	1.000	4.431E-93	293
5j8h_1	2n8j_1	1.000	148	1.000	1.000	4.431E-93	293
5j8h_1	4ehq_1	0.979	147	0.993	0.993	7.885E-89	280
5j8h_1	6oqq_2	0.510	145	0.980	0.840	1.762E-39	138
5ky9_1	5ky9_1	1.000	333	1.000	1.000	3.878E-225	684
5ky9_1	5ky0_1	0.746	333	1.000	0.948	7.034E-144	450
5ky9_1	5kxh_1	0.725	332	0.997	0.949	4.273E-139	436
5ky9_1	5ky4_1	0.601	340	0.838	0.991	1.096E-107	345
4plo_2	4plo_2	1.000	410	1.000	1.000	4.880E-304	916
1fc2_2	1fc2_2	1.000	206	1.000	1.000	2.632E-142	438
1fc2_2	2iwg_1	0.960	205	0.990	1.000	2.804E-136	421
1h1v_2	1h1v_2	1.000	327	1.000	1.000	7.727E-222	674
1ktk_2	1ktk_2	1.000	106	1.000	1.000	4.900E-61	198
1mzw_2	1mzw_2	1.000	31	1.000	1.000	1.282E-15	63
1pk1_2	1pk1_2	1.000	44	1.000	1.000	1.238E-26	95
5lhn_2	5lhn_2	1.000	135	1.000	1.000	4.221E-89	280
5lhn_2	5imm_1	0.696	134	0.993	1.000	2.755E-50	169
5lhn_2	6h16_2	0.688	135	1.000	1.000	9.743E-50	167
5lhn_2	5imk_1	0.688	134	0.993	1.000	1.336E-49	167
5lhn_2	5u4m_2	0.683	132	0.978	0.952	1.832E-49	166
5lhn_2	4hep_2	0.688	134	0.993	1.000	3.446E-49	166
5lhn_2	4w6x_2	0.652	135	1.000	1.000	6.481E-49	165
5lhn_2	6her_2	0.651	135	1.000	1.000	8.107E-48	162
5lhn_2	4w6w_2	0.656	134	0.993	1.000	5.392E-47	159
5lhn_2	2p49_2	0.666	135	1.000	1.000	1.014E-46	158
5lhn_2	1g6v_2	0.666	135	1.000	1.000	1.014E-46	158
5lhn_2	1op9_2	0.656	134	0.993	1.000	2.615E-46	157
5lhn_2	2p4a_2	0.666	135	1.000	1.000	6.744E-46	156
5lhn_2	4wen_2	0.639	135	1.000	1.000	2.385E-45	154
5lhn_2	3qsk_2	0.651	135	1.000	1.000	1.157E-44	153
5lhn_2	5m2j_2	0.629	135	1.000	1.000	4.665E-42	145
5lhn_2	4wem_2	0.622	135	1.000	1.000	2.262E-41	143
5lhn_2	4i0c_2	0.619	134	0.993	1.000	5.833E-41	142
5lhn_2	4w6y_2	0.585	135	1.000	0.973	9.999E-40	138
5lhn_2	4eig_2	0.577	135	1.000	1.000	3.535E-39	137
5lhn_2	5omn_2	0.592	135	1.000	1.000	9.116E-39	136
5lhn_2	6fuz_2	0.589	134	0.993	1.000	9.116E-39	136
5lhn_2	6j7w_1	0.592	135	1.000	1.000	3.223E-38	134
5lhn_2	1zvh_2	0.605	111	0.822	0.836	5.523E-37	130
5lhn_2	6jb2_1	0.566	134	0.993	0.992	1.952E-36	129
5lhn_2	4pou_2	0.616	112	0.830	0.883	2.677E-36	128
5lhn_2	1ri8_2	0.567	134	0.993	0.839	2.677E-36	128
5lhn_2	3zkq_2	0.552	134	0.993	0.841	3.671E-36	128
5lhn_2	3eba_1	0.577	135	1.000	0.932	1.298E-35	126
5lhn_2	4ksd_2	0.555	135	1.000	0.814	1.779E-35	126
5lhn_2	5jds_1	0.548	135	1.000	0.835	2.440E-35	126
5lhn_2	6cwg_2	0.533	133	0.985	0.811	8.623E-35	124
5lhn_2	5l21_2	0.517	135	1.000	1.000	5.729E-34	122
5lhn_2	4x7e_2	0.603	112	0.830	0.824	7.855E-34	121
5lhn_2	6f2g_2	0.564	124	0.830	0.947	2.025E-33	120
5lhn_2	6fv0_2	0.522	134	0.993	0.841	1.345E-32	118
5lhn_2	5o2u_2	0.555	115	0.844	1.000	3.584E-29	108
5lhn_2	5ip4_1	0.485	134	0.993	0.853	4.470E-28	105
5lhn_2	5j57_2	0.500	117	0.822	0.944	3.358E-25	96
5mr4_2	5mr4_2	1.000	285	1.000	1.000	3.899E-206	627
5o0w_2	5o0w_2	1.000	117	1.000	1.000	3.739E-80	254
5o0w_2	4hep_2	0.495	109	0.812	0.845	2.842E-21	84
5o0w_2	5j57_2	0.370	116	0.803	0.935	7.274E-11	54
5szk_2	5szk_2	1.000	173	1.000	1.000	2.438E-111	347
5szk_2	5xco_1	0.359	165	0.908	0.976	3.706E-27	104
5szk_2	1he8_2	0.358	160	0.908	0.964	5.071E-27	104
5szk_2	1zc3_1	0.366	152	0.815	0.884	1.591E-25	99
5szk_2	1zc4_1	0.363	153	0.815	0.884	2.176E-25	99
5szk_2	5tar_1	0.329	171	0.815	0.929	2.379E-23	93
5szk_2	6amb_1	0.322	157	0.908	0.824	3.791E-19	81
5szk_2	4d0n_1	0.320	151	0.873	0.955	5.176E-19	80
5szk_2	5fr1_1	0.312	173	0.873	0.940	2.455E-18	78
3wdg_2	3wdg_2	1.000	110	1.000	1.000	1.024E-73	235
3wdg_2	5ayr_2	1.000	109	0.991	1.000	9.352E-73	232
2b0z_2	2b0z_2	1.000	103	1.000	1.000	1.959E-70	225
2b0z_2	2b12_2	0.990	103	1.000	1.000	9.515E-70	223
2dx5_2	1yd8_1	1.000	64	1.000	1.000	6.849E-38	129
2dx5_2	2dx5_2	1.000	64	1.000	1.000	6.849E-38	129
2dx5_2	2oob_2	1.000	64	1.000	0.889	6.849E-38	129
2dx5_2	5xiu_2	1.000	64	1.000	0.877	6.849E-38	129
2dx5_2	2hth_1	1.000	64	1.000	0.877	6.849E-38	129
2dx5_2	2mur_2	0.969	65	1.000	0.833	1.497E-35	122
2dx5_2	3kw5_2	0.968	64	1.000	0.827	1.003E-34	120
2dx5_2	2k6d_2	0.968	64	1.000	0.816	1.003E-34	120
2dx5_2	4i6l_2	0.921	64	1.000	0.863	4.499E-33	115
2dx5_2	4hcn_2	0.921	64	1.000	0.969	8.483E-33	114
2dx5_2	6dgf_2	0.906	64	1.000	0.838	2.775E-31	110
2dx5_2	5hps_2	0.859	64	1.000	0.877	7.185E-31	109
2dx5_2	5v5h_2	0.890	64	1.000	0.952	6.617E-30	106
2dx5_2	5hpk_2	0.859	64	1.000	0.818	2.353E-29	104
2g81_2	2g81_2	1.000	56	1.000	1.000	2.625E-39	132
2g81_2	1d6r_2	0.803	56	1.000	0.966	4.778E-31	109
2ixq_2	2ixq_2	1.000	38	1.000	1.000	2.329E-22	83
2k42_2	2k42_2	1.000	36	1.000	1.000	5.421E-22	81
2xpx_2	2xpx_2	1.000	23	1.000	1.000	1.149E-11	51
2xpx_2	2jby_2	0.958	24	1.000	0.960	3.847E-10	47
2xpx_2	5ajk_2	0.913	23	0.913	1.000	6.821E-09	43
2xpx_2	2voh_2	0.750	24	0.870	1.000	8.288E-07	37
2xpx_2	5tzp_2	0.545	22	0.826	1.000	6.473E-02	23
2xpx_2	5uul_2	0.350	20	0.826	0.870	3.229E+00	19
2xpx_2	5twa_2	0.350	20	0.870	0.800	6.231E+00	18
3aon_2	3aon_2	1.000	99	1.000	1.000	6.249E-64	206
3cqc_2	3cqc_2	1.000	170	1.000	1.000	5.133E-107	334
3dxc_2	3dxc_2	1.000	26	1.000	1.000	2.332E-14	59
3dxc_2	3dxd_2	0.961	26	1.000	1.000	1.578E-13	57
3dxc_2	3dxe_2	0.923	26	1.000	0.926	2.597E-11	50
2wg4_1	2wg4_1	1.000	140	1.000	1.000	1.543E-96	302
1kxt_2	1kxt_2	1.000	123	1.000	1.000	1.489E-84	267
1nyu_2	1nyu_2	1.000	4	1.000	1.000	7.960E+02	11
1pvh_2	1pvh_2	1.000	167	1.000	1.000	1.069E-112	350
1sb0_2	1sb0_2	1.000	25	1.000	1.000	4.335E-10	47
1th1_2	1th1_2	1.000	30	1.000	1.000	1.049E-13	57
1dzb_1	1dzb_1	1.000	220	1.000	1.000	1.649E-150	462
1dzb_1	3uyp_2	0.600	225	0.991	0.996	5.606E-87	279
1dzb_1	3uzv_2	0.600	225	0.991	0.983	5.606E-87	279
1dzb_1	3uze_2	0.597	226	0.991	0.987	7.682E-87	279
1dzb_1	3uzq_1	0.575	232	0.991	0.991	2.709E-86	277
1dzb_1	5dfw_2	0.608	220	1.000	0.910	5.864E-81	262
1dzb_1	5aam_1	0.502	217	0.986	0.894	8.668E-69	227
1dzb_1	5aaw_1	0.500	217	0.986	0.895	1.187E-68	226
1dzb_1	6qb3_2	0.473	218	0.991	0.895	8.197E-56	189
1dzb_1	6cbp_2	0.410	234	0.991	0.996	3.953E-49	170
1dzb_1	6ejm_2	0.414	227	0.905	1.000	5.411E-49	169
1dzb_1	6i07_1	0.415	216	0.891	0.947	2.233E-38	139
1dzb_1	6oan_2	0.365	227	0.995	0.991	4.539E-36	132
1fy8_1	1fy8_1	1.000	215	1.000	1.000	2.602E-154	473
1fy8_1	1f7z_1	0.962	213	0.963	1.000	1.297E-140	434
1fy8_1	3tgk_1	0.915	210	0.940	0.968	7.340E-135	417
1fy8_1	1f5r_1	0.907	215	0.916	0.995	6.675E-134	414
1fy8_1	4doq_1	0.698	217	0.916	0.991	2.537E-104	329
1fy8_1	1avx_1	0.601	197	0.916	0.864	3.116E-80	259
1fy8_1	4an7_1	0.506	201	0.935	0.803	1.901E-56	191
1i8l_1	1i8l_1	1.000	197	1.000	1.000	4.282E-135	417
1l4d_1	1l4d_1	1.000	249	1.000	1.000	4.010E-178	544
1l4d_1	1l4z_1	0.995	248	0.992	1.000	2.198E-175	536
1o9a_1	1o9a_1	1.000	93	1.000	1.000	4.847E-68	217
1o9a_1	3zrz_1	0.647	84	0.882	0.944	4.538E-35	123
2luh_1	2luh_1	1.000	167	1.000	1.000	5.363E-109	340
2mj5_1	2k8b_1	1.000	76	1.000	1.000	3.726E-46	153
2mj5_1	4msm_2	1.000	76	1.000	1.000	3.726E-46	153
2mj5_1	2k8c_1	1.000	76	1.000	1.000	3.726E-46	153
2mj5_1	2kwu_2	1.000	76	1.000	1.000	3.726E-46	153
2mj5_1	2kwv_2	1.000	76	1.000	1.000	3.726E-46	153
2mj5_1	2mbb_2	1.000	76	1.000	1.000	3.726E-46	153
2mj5_1	4pqt_2	1.000	76	1.000	1.000	3.726E-46	153
2mj5_1	5vzm_1	1.000	76	1.000	1.000	3.726E-46	153
2mj5_1	2fuh_2	1.000	76	1.000	1.000	3.726E-46	153
2mj5_1	2mcn_2	1.000	76	1.000	1.000	3.726E-46	153
2mj5_1	2jy6_1	1.000	76	1.000	1.000	3.726E-46	153
2mj5_1	1wrd_2	1.000	76	1.000	1.000	3.726E-46	153
2mj5_1	1yx5_2	1.000	76	1.000	1.000	3.726E-46	153
2mj5_1	2l0f_1	1.000	76	1.000	1.000	3.726E-46	153
2mj5_1	1yx6_2	1.000	76	1.000	1.000	3.726E-46	153
2mj5_1	2den_2	1.000	76	1.000	1.000	3.726E-46	153
2mj5_1	2l0t_1	1.000	76	1.000	1.000	3.726E-46	153
2mj5_1	2mj5_1	1.000	76	1.000	1.000	3.726E-46	153
2mj5_1	4k1r_2	1.000	76	1.000	1.000	3.726E-46	153
2mj5_1	2lvo_1	1.000	76	1.000	1.000	3.726E-46	153
2mj5_1	1q5w_2	1.000	76	1.000	1.000	3.726E-46	153
2mj5_1	2g45_2	1.000	76	1.000	1.000	3.726E-46	153
2mj5_1	4m0w_2	1.000	76	1.000	1.000	3.726E-46	153
2mj5_1	2mre_1	1.000	76	1.000	1.000	3.726E-46	153
2mj5_1	2mro_1	1.000	76	1.000	1.000	3.726E-46	153
2mj5_1	2ktf_1	1.000	76	1.000	1.000	3.726E-46	153
2mj5_1	2lz6_1	1.000	76	1.000	1.000	3.726E-46	153
2mj5_1	1zgu_2	0.986	76	1.000	1.000	9.631E-46	152
2mj5_1	2jt4_2	0.960	76	1.000	1.000	3.133E-44	148
2mj5_1	1wr1_1	0.960	76	1.000	1.000	3.133E-44	148
2mj5_1	1q0w_2	0.960	76	1.000	1.000	3.133E-44	148
2mj5_1	1otr_2	0.960	76	1.000	1.000	3.133E-44	148
2mj5_1	2c7m_2	0.842	76	1.000	1.000	7.064E-35	121
2mj5_1	6d4p_2	0.789	76	1.000	0.958	1.420E-31	111
2mj5_1	5v69_2	0.843	64	0.803	0.985	4.270E-29	104
2mj5_1	4hcp_2	0.500	76	1.000	0.945	1.894E-19	77
2mj5_1	1p9d_1	0.328	73	0.961	0.859	2.137E-08	45
2mj5_1	5tl7_1	0.301	73	0.961	0.908	9.796E-07	40
2o3b_1	2o3b_1	1.000	241	1.000	1.000	1.860E-164	504
2p43_1	2p4a_1	1.000	124	1.000	1.000	3.063E-81	257
2p43_1	1dfj_1	1.000	124	1.000	1.000	3.063E-81	257
2p43_1	2p42_1	1.000	124	1.000	1.000	3.063E-81	257
2p43_1	2p43_1	1.000	124	1.000	1.000	3.063E-81	257
2p43_1	2p45_1	1.000	124	1.000	1.000	3.063E-81	257
2p43_1	2p48_1	1.000	124	1.000	1.000	3.063E-81	257
2p43_1	2p49_1	1.000	103	0.831	0.866	6.810E-69	222
2p43_1	3qsk_1	1.000	103	0.831	0.866	6.810E-69	222
2p43_1	2p47_1	0.886	123	0.992	0.886	7.783E-67	216
2q5d_1	2q5d_1	1.000	871	1.000	1.000	0.000E+00	1737
4qlp_2	4qlp_2	1.000	199	1.000	1.000	6.054E-141	434
4uf1_2	4uf1_2	1.000	22	1.000	1.000	3.879E-11	49
4uf1_2	3qbr_2	0.875	24	0.955	1.000	8.834E-09	43
4uf1_2	3ul0_2	0.300	20	0.909	0.870	9.545E+02	12
4xlw_2	4xlw_2	1.000	254	1.000	1.000	2.003E-198	602
4yyp_2	4yyp_2	1.000	32	1.000	1.000	9.172E-15	61
5gpg_1	5gpg_1	1.000	110	1.000	1.000	3.968E-74	236
2iy1_1	2iy1_1	1.000	226	1.000	1.000	9.080E-155	475
2k5b_1	2k5b_1	1.000	210	1.000	1.000	1.641E-135	419
2k5b_1	1us7_1	0.661	206	0.981	0.990	2.753E-81	262
2kri_1	2kri_1	1.000	82	1.000	1.000	3.119E-55	180
2l29_1	2l29_1	1.000	142	1.000	1.000	5.273E-98	306
2lxm_1	2lxm_1	1.000	163	1.000	1.000	2.586E-110	343
6j7w_2	6j7w_2	1.000	23	1.000	1.000	5.095E-14	58
6mc9_2	6mc9_2	1.000	141	1.000	1.000	1.454E-88	279
6mc9_2	4lzx_1	0.972	144	0.993	0.993	8.034E-86	271
6mc9_2	2vay_1	0.965	145	0.993	0.993	1.102E-85	271
6mc9_2	6mba_2	0.958	145	0.986	1.000	7.326E-85	269
6mc9_2	4m1l_1	0.958	145	0.986	1.000	7.326E-85	269
6mc9_2	6mud_1	0.938	147	0.979	1.000	9.159E-84	265
6mc9_2	5tp6_1	0.931	147	0.986	0.993	2.154E-82	261
6mc9_2	1vrk_1	0.877	147	0.979	0.993	2.239E-79	253
6oqq_2	6oqq_2	1.000	131	1.000	1.000	6.138E-78	248
6oqq_2	4ehq_1	0.517	143	0.847	0.986	1.575E-39	138
6oqq_2	5j8h_1	0.510	145	0.840	0.980	5.570E-39	136
6oqq_2	2m55_1	0.510	145	0.840	0.980	5.570E-39	136
6oqq_2	2n8j_1	0.510	145	0.840	0.980	5.570E-39	136
1brs_1	1b27_1	1.000	110	1.000	1.000	1.926E-73	234
1brs_1	1brs_1	1.000	110	1.000	1.000	1.926E-73	234
1brs_1	1b2s_1	0.825	109	0.991	1.000	2.311E-54	179
2pop_1	2pop_1	1.000	326	1.000	1.000	1.606E-216	659
2n73_2	2n73_2	1.000	80	1.000	1.000	6.810E-47	156
2ot8_2	2ot8_2	1.000	20	1.000	1.000	6.072E-10	46
2pop_2	2pop_2	1.000	79	1.000	1.000	1.196E-53	175
2rr3_2	2rr3_2	1.000	44	1.000	1.000	1.998E-28	100
2vay_2	2vay_2	1.000	21	1.000	1.000	4.385E-09	44
3zrz_2	3zrz_2	1.000	18	1.000	1.000	1.221E-07	39
4apx_2	4apx_2	1.000	237	1.000	1.000	1.310E-159	490
4apx_2	4aqe_2	1.000	237	1.000	1.000	1.310E-159	490
4c5g_2	4c5g_2	1.000	27	1.000	1.000	6.908E-15	61
4dj9_2	4dj9_2	1.000	22	1.000	1.000	2.305E-08	42
4cj2_1	6jb8_2	1.000	129	1.000	1.000	3.792E-91	286
4cj2_1	1ri8_1	1.000	129	1.000	1.000	3.792E-91	286
4cj2_1	4gla_1	1.000	129	1.000	1.000	3.792E-91	286
4cj2_1	4gn4_1	1.000	129	1.000	1.000	3.792E-91	286
4cj2_1	4cj2_1	1.000	129	1.000	1.000	3.792E-91	286
4cj2_1	6jb2_2	1.000	129	1.000	1.000	3.792E-91	286
4cj2_1	1zvy_1	0.992	129	1.000	1.000	8.136E-89	279
4cj2_1	3m18_2	0.984	129	1.000	1.000	2.878E-88	278
4cj2_1	1dzb_2	0.945	129	1.000	1.000	6.176E-86	271
4cj2_1	1rjc_1	0.976	129	1.000	1.000	9.667E-84	265
4cj2_1	4i0c_1	0.600	130	1.000	1.000	1.462E-53	178
4cj2_1	1op9_1	0.600	130	1.000	1.000	1.462E-53	178
2wo3_2	2wo3_2	1.000	142	1.000	1.000	2.370E-103	322
2wo3_2	4l0p_2	0.574	130	0.915	0.914	1.220E-48	164
2xns_2	2xns_2	1.000	39	1.000	1.000	5.019E-23	85
3alz_2	3alz_2	1.000	109	1.000	1.000	2.099E-71	228
3ch5_2	3ch5_2	1.000	37	1.000	1.000	5.276E-25	90
3dvu_2	3dvu_2	1.000	21	1.000	1.000	4.691E-10	46
3dvu_2	2pon_1	0.909	22	1.000	0.957	1.072E-07	40
4qxa_2	4qxa_2	1.000	147	1.000	1.000	5.175E-102	318
4uwx_2	4uwx_2	1.000	15	1.000	1.000	2.963E-04	29
4xwj_2	4xwj_2	1.000	83	1.000	1.000	2.655E-49	163
4z80_2	4z80_2	1.000	32	1.000	1.000	6.049E-18	70
5ayr_2	5ayr_2	1.000	109	1.000	1.000	8.905E-73	232
5ayr_2	3wdg_2	1.000	109	1.000	0.991	8.905E-73	232
4dxa_1	4dxa_1	1.000	167	1.000	1.000	9.181E-108	336
4dxa_1	6ba6_2	0.994	167	1.000	0.994	1.431E-105	330
4dxa_1	1gua_1	0.958	167	1.000	0.994	2.538E-101	317
4dxa_1	3kuc_1	0.958	167	1.000	0.994	2.538E-101	317
4dxa_1	6h46_1	0.581	165	0.988	0.982	3.262E-60	199
4dxa_1	3ddc_1	0.595	163	0.976	0.970	6.130E-60	198
4dxa_1	3kud_1	0.582	163	0.976	0.976	5.575E-59	196
4dxa_1	1wq1_1	0.582	163	0.976	0.970	5.575E-59	196
4dxa_1	5e95_2	0.582	163	0.976	0.970	5.575E-59	196
4dxa_1	5ufe_1	0.590	144	0.862	0.904	2.088E-52	177
4dxa_1	5o2t_1	0.593	144	0.862	0.993	3.922E-52	176
4dxa_1	2kwi_1	0.481	165	0.982	0.927	3.324E-47	162
4dxa_1	4kvg_1	0.590	148	0.808	0.925	3.406E-44	153
4dxa_1	2a78_1	0.521	138	0.826	0.924	9.879E-42	146
4dxa_1	2a9k_1	0.521	138	0.826	0.924	9.879E-42	146
4dxa_1	4g01_2	0.355	164	0.976	0.994	4.923E-23	92
4dxa_1	3tkl_1	0.333	169	0.976	0.988	2.354E-22	90
4dxa_1	4ojk_1	0.327	168	0.988	0.982	7.940E-19	79
4dxa_1	5fr2_1	0.303	164	0.934	0.877	2.447E-17	75
4fza_1	4fza_1	1.000	289	1.000	1.000	1.264E-189	579
4fza_1	4nzw_1	0.797	287	0.993	0.806	1.965E-135	423
4h6j_1	4h6j_1	1.000	92	1.000	1.000	1.310E-61	199
4h6j_1	2a24_1	0.717	92	1.000	0.832	2.443E-43	146
4iu3_1	4iu3_1	1.000	207	1.000	1.000	2.941E-136	421
4ka2_1	4ka2_1	1.000	337	1.000	1.000	1.059E-239	726
4ka2_1	4jzw_1	0.939	338	1.000	0.997	3.426E-212	647
4ka2_1	4k0a_1	0.858	337	1.000	0.997	7.808E-201	614
5b75_1	5b75_1	1.000	119	1.000	1.000	1.766E-88	278
5b75_1	5b76_1	0.991	120	1.000	1.000	5.700E-87	273
5b75_1	5b78_1	0.966	119	0.983	1.000	4.332E-84	265
5b75_1	5b77_1	0.957	119	1.000	0.983	1.399E-82	261
5b75_1	2kwo_2	0.427	116	0.975	0.858	6.117E-32	115
5b75_1	2kwj_2	0.427	116	0.975	0.851	6.117E-32	115
5b75_1	2kwk_2	0.427	116	0.975	0.851	6.117E-32	115
5d1l_1	5d1k_1	1.000	146	1.000	1.000	3.596E-102	319
5d1l_1	5d1l_1	1.000	146	1.000	1.000	3.596E-102	319
5d1l_1	4a49_2	1.000	146	1.000	1.000	3.596E-102	319
5d1l_1	5d1m_1	1.000	146	1.000	1.000	3.596E-102	319
5d1l_1	2fuh_1	0.972	146	1.000	1.000	1.056E-99	312
5d1l_1	6d4p_1	0.883	146	1.000	0.986	4.181E-90	284
5d1l_1	5ywr_1	0.462	147	0.986	0.980	2.764E-38	135
5d1l_1	3h8k_1	0.343	160	0.966	0.976	3.309E-30	111
5d1l_1	2uyz_1	0.339	152	1.000	0.974	1.495E-22	89
5eo9_1	5eo9_1	1.000	107	1.000	1.000	2.083E-72	231
5gtb_1	5gtb_1	1.000	130	1.000	1.000	2.869E-84	266
1xg2_2	1xg2_2	1.000	150	1.000	1.000	5.657E-98	307
3wry_2	3wry_2	1.000	432	1.000	1.000	3.611E-287	869
3wry_2	3wrx_2	0.910	424	0.981	0.927	4.794E-248	756
4afz_2	4afz_2	1.000	61	1.000	1.000	1.429E-40	136
4afz_2	1wa7_1	0.509	55	0.885	0.917	4.550E-15	63
4afz_2	2lz6_2	0.314	54	0.885	0.817	6.165E-05	34
4bkx_2	4bkx_2	1.000	338	1.000	1.000	3.146E-240	728
4d0g_2	4d0g_2	1.000	46	1.000	1.000	1.489E-23	87
4ehq_2	4ehq_2	1.000	20	1.000	1.000	1.075E-08	42
5h7y_1	5h7y_1	1.000	274	1.000	1.000	3.317E-190	580
5j57_1	5j57_1	1.000	264	1.000	1.000	2.619E-176	539
5j57_1	5u4m_1	0.992	255	0.962	1.000	2.847E-167	513
5j57_1	5boz_1	0.991	243	0.920	0.924	1.455E-160	494
5j57_1	4z9k_1	0.991	242	0.909	1.000	5.805E-158	486
5j57_1	5j56_1	0.809	242	0.917	0.817	2.018E-121	381
5ky5_1	5ky5_1	1.000	352	1.000	1.000	8.724E-247	748
5ma4_1	5ma4_1	1.000	228	1.000	1.000	1.328E-157	483
5ma4_1	5ma3_1	0.986	228	1.000	1.000	4.394E-153	470
6gbh_2	6gbh_2	1.000	310	1.000	1.000	1.027E-193	592
5lz6_2	5lz6_2	1.000	31	1.000	1.000	1.282E-15	63
5lz6_2	5lz3_2	0.300	30	0.935	0.882	7.952E+00	18
5mtn_2	5mtn_2	1.000	94	1.000	1.000	1.210E-59	193
5mtn_2	5mtm_2	0.872	94	1.000	1.000	2.218E-48	161
5mtn_2	4jeg_2	0.846	90	0.957	0.946	1.647E-41	141
5mtn_2	5dc4_2	0.787	93	0.989	0.978	1.008E-39	136
5mtn_2	5g15_2	0.670	90	0.957	0.977	5.352E-29	105
5odw_2	5odw_2	1.000	196	1.000	1.000	1.862E-120	374
5tvq_2	5tvq_2	1.000	75	1.000	1.000	1.496E-47	157
5tvq_2	5eql_2	0.986	75	1.000	0.974	2.368E-45	151
5tvq_2	5elu_2	0.960	75	1.000	0.960	1.992E-43	145
5tvq_2	2uyz_2	0.466	75	1.000	0.923	1.123E-17	72
5tvq_2	2iy1_2	0.453	75	1.000	0.807	1.428E-16	68
5tvq_2	3a4s_2	0.310	73	0.973	0.986	2.445E-06	39
5v52_2	5v52_2	1.000	127	1.000	1.000	8.774E-84	265
4xwj_1	4xwj_1	1.000	138	1.000	1.000	4.057E-87	275
4z80_1	4z80_1	1.000	466	1.000	1.000	0.000E+00	997
5ayr_1	5ayr_1	1.000	224	1.000	1.000	3.015E-161	494
5ayr_1	1ugh_1	0.991	224	1.000	0.996	1.505E-157	483
5ayr_1	3wdg_1	0.446	204	0.911	0.879	5.719E-54	184
5czf_1	5czf_1	1.000	45	1.000	1.000	6.383E-26	93
3c5t_1	3c5t_1	1.000	104	1.000	1.000	2.358E-75	239
3c5t_1	3c59_1	0.990	104	1.000	1.000	2.699E-73	233
3c5t_1	3iol_1	0.990	100	0.962	1.000	1.798E-72	231
3c5t_1	4zgm_1	0.980	100	0.942	1.000	2.058E-70	225
3c5t_1	5otx_1	0.980	100	0.942	1.000	2.058E-70	225
3gj7_2	3gj3_2	1.000	27	1.000	1.000	1.101E-16	66
3gj7_2	3gj7_2	1.000	27	1.000	1.000	1.101E-16	66
3inb_2	3inb_2	1.000	126	1.000	1.000	1.909E-92	289
3kz0_2	3kz0_2	1.000	20	1.000	1.000	6.507E-11	49
3kz0_2	5wos_2	0.761	21	0.950	1.000	2.469E-06	36
3kz0_2	5uul_2	0.391	23	1.000	1.000	1.905E-01	22
3kz0_2	4yj4_2	0.444	18	0.900	0.824	7.875E+01	15
3ncb_2	3mzg_2	1.000	201	1.000	1.000	5.503E-149	457
3ncb_2	3ncb_2	1.000	201	1.000	1.000	5.503E-149	457
3ncb_2	3n06_2	0.980	203	1.000	1.000	9.719E-145	445
3ncb_2	3n0p_2	0.980	203	1.000	1.000	9.719E-145	445
3ncb_2	3ncc_2	0.975	203	1.000	1.000	1.332E-144	444
3onl_2	3onl_2	1.000	86	1.000	1.000	1.301E-50	167
5tvq_1	5tvq_1	1.000	253	1.000	1.000	1.249E-177	542
5v52_1	5v52_1	1.000	82	1.000	1.000	7.007E-57	184
5wb7_1	5wb7_1	1.000	459	1.000	1.000	3.483E-319	963
5xoc_1	5xoc_1	1.000	194	1.000	1.000	1.739E-137	423
4zw2_2	4zw2_2	1.000	18	1.000	1.000	1.797E-08	42
4c9b_1	4c9b_1	1.000	381	1.000	1.000	1.141E-251	764
4dkd_1	4dkd_1	1.000	161	1.000	1.000	6.274E-107	333
4dkd_1	4exp_1	0.803	158	0.981	0.924	8.843E-87	275
4exp_1	4exp_1	1.000	171	1.000	1.000	1.139E-114	356
4exp_1	4dkd_1	0.803	158	0.924	0.981	1.937E-86	275
4gla_1	6jb8_2	1.000	129	1.000	1.000	3.792E-91	286
4gla_1	1ri8_1	1.000	129	1.000	1.000	3.792E-91	286
4gla_1	4gla_1	1.000	129	1.000	1.000	3.792E-91	286
4gla_1	4gn4_1	1.000	129	1.000	1.000	3.792E-91	286
4gla_1	4cj2_1	1.000	129	1.000	1.000	3.792E-91	286
4gla_1	6jb2_2	1.000	129	1.000	1.000	3.792E-91	286
4gla_1	1zvy_1	0.992	129	1.000	1.000	8.136E-89	279
4gla_1	3m18_2	0.984	129	1.000	1.000	2.878E-88	278
4gla_1	1dzb_2	0.945	129	1.000	1.000	6.176E-86	271
4gla_1	1rjc_1	0.976	129	1.000	1.000	9.667E-84	265
4gla_1	4i0c_1	0.600	130	1.000	1.000	1.462E-53	178
4gla_1	1op9_1	0.600	130	1.000	1.000	1.462E-53	178
4i0c_1	4i0c_1	1.000	130	1.000	1.000	3.981E-91	286
4i0c_1	1op9_1	1.000	130	1.000	1.000	3.981E-91	286
4i0c_1	6jb8_2	0.600	130	1.000	1.000	1.531E-53	178
4i0c_1	1ri8_1	0.600	130	1.000	1.000	1.531E-53	178
4i0c_1	4gla_1	0.600	130	1.000	1.000	1.531E-53	178
4i0c_1	4gn4_1	0.600	130	1.000	1.000	1.531E-53	178
4i0c_1	4cj2_1	0.600	130	1.000	1.000	1.531E-53	178
4i0c_1	6jb2_2	0.600	130	1.000	1.000	1.531E-53	178
4i0c_1	1dzb_2	0.584	130	1.000	1.000	1.917E-52	175
4i0c_1	3m18_2	0.600	130	1.000	1.000	4.945E-52	173
4i0c_1	1zvy_1	0.600	130	1.000	1.000	4.945E-52	173
4i0c_1	1rjc_1	0.600	130	1.000	1.000	3.760E-49	165
2a7u_1	2a7u_1	1.000	22	1.000	1.000	1.299E-09	45
2cpk_1	2cpk_1	1.000	331	1.000	1.000	3.440E-228	693
2cpk_1	1fmo_1	0.759	331	1.000	0.917	6.595E-173	533
2fuh_1	2fuh_1	1.000	146	1.000	1.000	9.270E-102	317
2fuh_1	5d1k_1	0.972	146	1.000	1.000	1.056E-99	312
2fuh_1	5d1l_1	0.972	146	1.000	1.000	1.056E-99	312
2fuh_1	4a49_2	0.972	146	1.000	1.000	1.056E-99	312
2fuh_1	5d1m_1	0.972	146	1.000	1.000	1.056E-99	312
2fuh_1	6d4p_1	0.876	146	1.000	0.986	1.078E-89	283
2fuh_1	5ywr_1	0.455	147	0.986	0.980	9.759E-38	133
2fuh_1	3h8k_1	0.331	160	0.966	0.976	2.191E-29	109
2fuh_1	2uyz_1	0.339	152	1.000	0.974	3.839E-22	88
2hsq_1	2hsq_1	1.000	253	1.000	1.000	6.339E-161	494
2hsq_1	1ydi_1	0.984	252	0.996	0.996	1.144E-153	473
2hsq_1	2gww_1	0.916	227	0.897	0.814	3.740E-126	394
2hsq_1	1rkc_1	0.916	227	0.897	0.814	3.740E-126	394
2hsq_1	1rke_1	0.916	227	0.897	0.814	3.740E-126	394
2hsq_1	1syq_1	0.885	227	0.897	0.812	9.175E-119	373
1fle_1	1fle_1	1.000	240	1.000	1.000	5.528E-166	508
1fle_1	1mcv_1	0.995	240	1.000	1.000	2.675E-165	506
1fle_1	2z7f_1	0.387	232	0.967	0.995	2.156E-37	137
1fmo_1	1fmo_1	1.000	336	1.000	1.000	1.359E-229	697
1fmo_1	2cpk_1	0.759	331	0.917	1.000	1.930E-171	529
1i4e_1	1i4e_1	1.000	232	1.000	1.000	1.003E-162	498
1kxt_1	1kxt_1	1.000	496	1.000	1.000	0.000E+00	1080
1kxt_1	1bvn_1	0.985	496	1.000	1.000	0.000E+00	1072
1nyu_1	1nyu_1	1.000	45	1.000	1.000	2.100E-24	89
1pvh_1	1pvh_1	1.000	201	1.000	1.000	6.662E-141	434
5zo2_2	5zo2_2	1.000	100	1.000	1.000	3.999E-62	201
6cwg_2	6cwg_2	1.000	127	1.000	1.000	2.065E-82	261
6cwg_2	4ksd_2	0.669	127	1.000	1.000	9.659E-47	158
6cwg_2	5jds_1	0.643	127	0.992	1.000	9.659E-47	158
6cwg_2	6h16_2	0.703	116	0.811	0.983	5.870E-45	153
6cwg_2	5m2m_2	0.639	127	1.000	1.000	1.104E-44	152
6cwg_2	5imk_1	0.661	122	0.811	0.992	1.383E-43	149
6cwg_2	5imm_1	0.656	123	0.811	0.992	2.601E-43	148
6cwg_2	6f2g_2	0.629	127	1.000	0.947	4.892E-43	147
6cwg_2	5hvf_2	0.643	126	0.992	1.000	6.710E-43	147
6cwg_2	1ri8_2	0.638	127	1.000	1.000	1.262E-42	146
6cwg_2	4w6y_2	0.706	107	0.811	0.955	7.669E-41	141
6cwg_2	6gjq_2	0.610	127	1.000	1.000	7.669E-41	141
6cwg_2	6fv0_2	0.619	126	0.992	1.000	1.202E-38	135
6cwg_2	1g6v_2	0.590	123	0.811	0.984	1.202E-38	135
6cwg_2	2p4a_2	0.608	118	0.811	0.983	1.505E-37	132
6cwg_2	2p49_2	0.603	119	0.811	0.983	2.064E-37	131
6cwg_2	5o2u_2	0.614	127	1.000	0.983	2.830E-37	131
6cwg_2	4w6x_2	0.580	122	0.811	0.984	2.830E-37	131
6cwg_2	3qsk_2	0.608	118	0.811	0.983	5.324E-37	130
6cwg_2	3zkq_2	0.614	127	1.000	0.982	7.302E-37	130
6cwg_2	6her_2	0.585	121	0.811	0.984	1.373E-36	129
6cwg_2	4pou_2	0.590	127	1.000	0.883	2.583E-36	128
6cwg_2	4z9k_2	0.669	103	0.811	0.896	4.859E-36	127
6cwg_2	5lhn_2	0.566	127	1.000	0.830	4.434E-35	124
6cwg_2	5omn_2	0.598	109	0.811	0.982	8.340E-35	124
6cwg_2	1op9_2	0.598	117	0.811	0.992	8.340E-35	124
6cwg_2	5ip4_1	0.563	126	0.992	1.000	2.950E-34	122
6cwg_2	6fuz_2	0.619	111	0.811	0.991	2.950E-34	122
6cwg_2	4wen_2	0.578	118	0.811	0.983	4.046E-34	122
6cwg_2	4i0c_2	0.543	127	1.000	0.833	7.610E-34	121
6cwg_2	5m2j_2	0.600	113	0.811	0.983	2.692E-33	119
6cwg_2	4eig_2	0.568	113	0.811	0.983	3.692E-33	119
6cwg_2	4hep_2	0.553	128	0.811	0.992	3.692E-33	119
6cwg_2	5u4m_2	0.541	126	0.992	0.841	1.791E-32	117
6cwg_2	1zvh_2	0.535	126	0.992	0.836	3.368E-32	116
6cwg_2	6j7w_1	0.567	114	0.811	0.983	2.240E-31	114
6cwg_2	3eba_1	0.539	126	0.992	0.831	2.240E-31	114
6cwg_2	4wem_2	0.545	118	0.811	0.983	1.490E-30	111
6cwg_2	4w6w_2	0.531	123	0.811	0.992	3.843E-30	110
6cwg_2	6jb2_1	0.472	127	1.000	0.841	9.036E-29	106
6cwg_2	4x7f_2	0.520	125	0.984	1.000	1.029E-26	100
6cwg_2	5l21_2	0.504	117	0.811	0.983	4.989E-26	98
6cwg_2	5j57_2	0.468	117	0.921	0.871	5.164E-23	90
6f0g_2	6f0g_2	1.000	24	1.000	1.000	3.405E-12	53
6gbg_2	6gbg_2	1.000	321	1.000	1.000	3.531E-207	632
